id,item_id,title,title_len,over80,at_cap,trunc,category,sold,sell_price,buy_price,profit,margin_pct,in_stock,oos,upload_date,url,source
6a4a86e3d952eba3666d292b,407086343996,Wooden Hangers 20 Pack Slim Suit Coat Hangers with Non Slip Bar Smooth Finish,77,False,False,False,Clothes Hangers,0,38.97,25.69,7.08,18.2,1,0,2026-07-20,https://www.ebay.com/itm/Wooden-Hangers-20-Pack-Wood-Suit-Hangers-Extra-Smooth-/407086343996,https://www.amazon.com/dp/B083J312NM/ref=sr_1_15?psc=1
6a4aa39e7d7628dc883485ee,407086341802,Donut Dog Bed Cat Bed 20 Inch Round Faux Fur Calming Pet Bed Grey Washable,74,False,False,False,Beds,0,38.97,25.54,7.23,18.6,1,0,2026-07-20,https://www.ebay.com/itm/Dog-Bed-Cat-Bed-Donut-Faux-Fur-Pet-Bed-/407086341802,https://www.amazon.com/dp/B0946ZNYXN/ref=sr_1_19?th=1&psc=1
6a46bfe267f0a8588ceadbc5,407086338807,Vacuum Sealer Bags 200 Pack Quart 8x12 BPA Free Food Storage Freezer Bags,73,False,False,False,Food Storage Bags,0,33.97,21.23,7.29,21.5,1,0,2026-07-20,https://www.ebay.com/itm/Vacuum-Sealer-Bags-200-Quart-8-x-12-BPA-Free-/407086338807,https://www.amazon.com/dp/B0C5C1JTC4/ref=sr_1_10?psc=1
6a46cf40dab52301b334ead4,407086335039,Beach Towel Oversized 70x35 Inch Cotton Pool Towel Blue Striped Quick Dry,73,False,False,False,Towels & Washcloths,0,38.97,24.99,7.78,20.0,1,0,2026-07-20,https://www.ebay.com/itm/Cotton-Oversized-Beach-Towel-Large-70-X-35-Inch-Pool-Towel-Blue-Striped-Quick-/407086335039,https://www.amazon.com/dp/B0836B7GY3/ref=sr_1_20?th=1&psc=1
6a4a6b61656642f82abb03f6,407086330508,Jewelry Box for Women 3 Layer Large Organizer with Drawer and Lock Green,72,False,False,False,"Jewelry Boxes, Organizers & Packaging",0,38.97,24.99,7.78,20.0,1,0,2026-07-20,https://www.ebay.com/itm/Jewelry-Box-Women-Drawer-3-Layer-Large-Jewelry-/407086330508,https://www.amazon.com/dp/B08TVSWV2J/ref=sr_1_10?psc=1
6a4a8bd2656642f82abb04de,407086325913,Window Bird Feeder Clear Acrylic with Strong Suction Cups Removable Tray,72,False,False,False,Bird Feeders,0,38.97,24.99,7.78,20.0,1,0,2026-07-20,https://www.ebay.com/itm/Window-Bird-Feeder-Strong-Suction-Cups-Large-View-Clear-/407086325913,https://www.amazon.com/dp/B0CBM8JKR2/ref=sr_1_14?th=1&psc=1
6a4ab5edd22a6109c6bb0ce4,407086321403,Floor Lamp 63 Inch Industrial Standing Lamp E26 Socket Black Metal Reading,74,False,False,False,Lamps,0,38.97,24.99,7.78,20.0,1,0,2026-07-20,https://www.ebay.com/itm/Floor-Lamp-Industrial-Floor-Lamp-63-Inch-Standing-Lamp-E26-Socket-/407086321403,https://www.amazon.com/dp/B08F52QFB2/ref=sr_1_5?th=1&psc=1
6a4ba1c77e07ab9bbb931d1e,407086318663,Sleeping Bag Lightweight 3 Season Ultralight Backpacking Camping Bag Black,74,False,False,False,Sleeping Bags,0,38.97,24.99,7.78,20.0,1,0,2026-07-20,https://www.ebay.com/itm/Lightweight-Sleeping-Bag-Ultralight-Backpacking-Sleeping-Bag-3-Season-Waterproof-/407086318663,https://www.amazon.com/dp/B0C14TT9TM/ref=sr_1_11?th=1&psc=1
6a5427aa306935ee45578a82,407086316285,Jewelry Box Organizer 2 Layer Large Storage Case for Women Girls Pink PU,72,False,False,True,"Jewelry Boxes, Organizers & Packaging",0,38.97,24.99,7.78,20.0,1,0,2026-07-20,https://www.ebay.com/itm/Jewelry-Box-Organizer-Women-Girls-2-Layer-Large-Men-Jewelry-Storage-Case-PU-/407086316285,https://www.amazon.com/dp/B0912P8D5W?_encoding=UTF8?th=1&psc=1
6a5427c921c18c03a260263f,407086313655,Towel Rack Wall Mounted Iron Bathroom Shelf with Hooks Antique Bronze 33in,74,False,False,False,Towel Racks,0,38.97,24.99,7.78,20.0,0,0,2026-07-20,https://www.ebay.com/itm/Towel-Racks-Bathroom-Wall-Mounted-Metal-Wine-Rack-Towel-Shelf-Towel-Holder-/407086313655,https://www.amazon.com/dp/B07XXV5H6P/ref=sr_1_11?psc=1
6a53dc3c51588f7ba30a3487,407086310475,Silicone Stretch Lids 6 Pack Reusable Bowl Covers Food Storage Fridge Set,73,False,False,False,"Cling Film, Foil & Food Wraps",0,26.97,14.99,7.58,28.1,1,0,2026-07-20,https://www.ebay.com/itm/Silicone-Stretch-Lids-Food-Storage-Fridge-Reusable-Elastic-Bowl-Covers-/407086310475,https://www.amazon.com/dp/B0CX49B2SJ/ref=sr_1_10?psc=1
6a4899de581a35bf055687af,407086302924,Car Trash Can 2.5 Gallon Leak Proof Auto Bin with Removable Liner Black,71,False,False,False,Trash Cans & Wastebaskets,0,36.97,23.99,7.08,19.2,1,0,2026-07-20,https://www.ebay.com/itm/Car-Trash-Can-2-5-Gallon-Black-Round-Leak-Proof-/407086302924,https://www.amazon.com/dp/B079CY4TY3/ref=sr_1_17?psc=1
6a48bf24ae728cb530a6a83f,407086299551,Storage Baskets 3 Pack Fabric Bins for Shelves Closet Organizer White Gray,74,False,False,False,Storage Bins & Baskets,0,36.97,23.39,7.68,20.8,1,0,2026-07-20,https://www.ebay.com/itm/Storage-Baskets-Shelves-Fabric-Storage-Bins-Cloth-/407086299551,https://www.amazon.com/dp/B0D31N948Y/ref=sr_1_3?psc=1
6a48c79d05ffd0be33b3438b,407086296205,Reusable Grocery Bags 2 Pack 8 Gallon Extra Large Heavy Duty Shopping Tote,74,False,False,False,Reusable Shopping Bags,0,36.97,23.99,7.08,19.2,0,0,2026-07-20,https://www.ebay.com/itm/2-Pack-8-Gallon-Reusable-Grocery-Bags-Extra-Large-Shopping-Bags-Groceries-/407086296205,https://www.amazon.com/dp/B07J5H5DQB/ref=sr_1_3?psc=1
6a4b00c851e3a99fd1b44808,407086294077,Beach Towel Shark Design 34x63 Inch Cotton Pool Towel Extra Large Tropical,74,False,False,False,Towels & Washcloths,0,36.97,23.99,7.08,19.2,1,0,2026-07-20,https://www.ebay.com/itm/Blue-Shark-Beach-Towel-Blue-Tropical-Design-Extra-Large-/407086294077,https://www.amazon.com/dp/B087RV9PLB/ref=sr_1_17?th=1&psc=1
6a50505c87c679b2f82c69ee,407086291408,Bike Stem Adjustable 31.8mm Riser MTB Handlebar Stem Aluminum 90mm Black,72,False,False,False,Stems,0,36.97,23.79,7.28,19.7,1,0,2026-07-20,https://www.ebay.com/itm/Adjustable-MTB-Stem-31-8Mm-70-Degree-90-110-145Mm-Bike-Stem-Riser-/407086291408,https://www.amazon.com/dp/B09C4KVJNT/ref=sr_1_10?psc=1
6a4a9e5b7d7628dc88348589,407086289758,Cave Dog Bed for Small Dogs and Cats with Cover 20x19 Inch Hooded Bed Grey,74,False,False,False,Beds,0,37.97,23.99,7.93,20.9,1,0,2026-07-20,https://www.ebay.com/itm/Dog-Beds-Small-Dogs-Cover-Cave-Cat-Beds-Indoor-Cat-/407086289758,https://www.amazon.com/dp/B09BZKGT9T/ref=sr_1_17?psc=1
6a4b0aaf338473fe3bb447f8,407086287487,Pillow Inserts 18x18 Set of 2 Throw Pillow Forms Cotton Cover Sofa Cushion,74,False,False,False,Pillows,0,40.97,25.99,8.48,20.7,1,0,2026-07-20,https://www.ebay.com/itm/18-x-18-Pillow-Inserts-Set-2-Throw-Pillow-Inserts-1-/407086287487,https://www.amazon.com/dp/B07W4JNJ7P/ref=sr_1_5?psc=1
6a415cdc1c41084947619fb9,407086285338,Ceramic Storage Jar 28 oz Stackable Kitchen Canister with Airtight Lid,70,False,False,False,Canisters & Jars,0,37.97,22.99,8.93,23.5,1,0,2026-07-20,https://www.ebay.com/itm/Ceramic-Food-Storage-Jar-Stackable-Kitchen-Canisters-Containers-Airtight-/407086285338,https://www.amazon.com/dp/B09BN8MPV9/?th=1&psc=1
6a495bc091b2265e97d189d5,407086283286,Parchment Paper Sheets 300 Pack 12x16 Inch Non Stick Baking Paper Unbleached,76,False,False,False,Other Bakeware & Ovenware,0,35.97,22.99,7.23,20.1,1,0,2026-07-20,https://www.ebay.com/itm/300-Pcs-Parchment-Paper-Baking-Sheets-12x16-Inches-Non-Stick-/407086283286,https://www.amazon.com/dp/B081RMWXX3/ref=sr_1_4?th=1&psc=1
6a4bea3ae09c124f443b9c5b,407086280309,Crossbody Phone Bag for Women RFID Blocking Cell Phone Purse with Card Slots,76,False,False,False,Women's Bags & Handbags,0,40.97,25.99,8.48,20.7,0,0,2026-07-20,https://www.ebay.com/itm/Small-Phone-Crossbody-Bag-Women-Rfid-Blocking-Cell-Phone-Purse-Card-/407086280309,https://www.amazon.com/dp/B01F4SI9LY/ref=sr_1_8?psc=1
6a5426cb104b17f8beb5551b,407086274151,Tea Mug with Infuser and Lid 18 oz Large Ceramic Loose Leaf Tea Cup Set,71,False,False,False,Tea Infusers,0,31.97,18.95,7.87,24.6,1,0,2026-07-20,https://www.ebay.com/itm/Tea-Mug-Infuser-and-Lid-18-Ounce-Large-Ceramic-Loose-Leaf-Cup-Microwave-/407086274151,https://www.amazon.com/dp/B0F2HVXRN7/ref=sr_1_4?th=1&psc=1
6a4a855873490fda43099f4d,407086267091,Picture Frame Metal Blue Enamel Photo Frame Wall or Tabletop with Glass,71,False,False,False,Frames,0,35.97,22.49,7.73,21.5,1,0,2026-07-20,https://www.ebay.com/itm/Metal-Frame-Polished-Enamel-Blue-/407086267091,https://www.amazon.com/dp/B07JB3Y9VX?_encoding=UTF8?th=1&psc=1
6a46bc3aa2c027599a972bef,407086264473,Magnetic Spice Rack 2 Pack Refrigerator Shelf Organizer Fridge Storage White,76,False,False,False,Spice Jars & Racks,0,34.97,21.99,7.38,21.1,1,0,2026-07-20,https://www.ebay.com/itm/Magnetic-Spice-Rack-Organizer-Single-Tier-Refrigerator-Spice-Storage-/407086264473,https://www.amazon.com/dp/B07V2H8B85/ref=sr_1_10?psc=1
6a48a207581a35bf0556880f,407086261623,Vacuum Storage Bags 10 Pack Jumbo Space Saver Bags for Bedding with Pump,72,False,False,False,Storage Bags,0,34.97,21.99,7.38,21.1,1,0,2026-07-20,https://www.ebay.com/itm/10-Jumbo-Vacuum-Storage-Bags-Bedding-Vacuum-Seal-Bags-Clothing-Extra-/407086261623,https://www.amazon.com/dp/B0BYDGNBCK/ref=sr_1_9?psc=1
6a495b0835f8d2b8daa96a98,407086259529,Bathroom Scale Digital Body Weight Scale Tempered Glass with Backlit Display,76,False,False,False,Scales,0,34.97,21.99,7.38,21.1,1,0,2026-07-20,https://www.ebay.com/itm/Bathroom-Scale-Body-Weight-Highly-Accurate-Digital-/407086259529,https://www.amazon.com/dp/B00F3J9G1W/ref=sr_1_19?th=1&psc=1
6a4a9c2173490fda4309a0a7,407086256387,Dog Backpack Saddle Bag Tactical Hiking Pack for Dogs Adjustable Large Black,76,False,False,False,Carriers & Totes,0,39.97,24.99,8.63,21.6,1,0,2026-07-20,https://www.ebay.com/itm/Dog-Backpack-Saddle-Bag-Tactical-Hiking-Backpack-/407086256387,https://www.amazon.com/dp/B093GXKFT8/ref=sr_1_17?psc=1
6a4ba137e6e491c5ada3eab6,407086254821,LED Strip Lights 32.8ft RGB WiFi Smart Light Strip App and Voice Control,72,False,False,False,"String Lights, Fairy Lights",0,52.97,32.99,11.68,22.1,1,0,2026-07-20,https://www.ebay.com/itm/RGB-LED-Strip-Lights-Bedroom-32-8Ft-Wifi-LED-Light-Strip-Work-/407086254821,https://www.amazon.com/dp/B07WHP2V77?_encoding=UTF8?th=1&psc=1
6a48848bbcaeec9409a6a52c,407086252727,Over the Door Shoe Organizer 2 Pack 28 Pocket Hanging Shoe Rack Storage White,77,False,False,False,Shoe Organizers,0,33.97,20.99,7.53,22.2,1,0,2026-07-20,https://www.ebay.com/itm/2-Pack-28-Pocket-over-Door-Shoe-Organizer-Hanging-Shoe-Rack-Door-Large-/407086252727,https://www.amazon.com/dp/B09DKFVQYM/ref=sr_1_6?th=1&psc=1
6a495d5535f8d2b8daa96abc,407086250601,Satin Pillowcases 2 Pack Queen 20x30 Pillow Cases for Hair and Skin Blue,72,False,False,False,Pillowcases,0,33.97,20.99,7.53,22.2,1,0,2026-07-20,https://www.ebay.com/itm/Pillowcase-Silk-Pillow-Cases-Hair-and-Skin-/407086250601,https://www.amazon.com/dp/B0946BHK8M/ref=sr_1_15?th=1&psc=1
6a4973abde83ffc75ca9684f,407086248172,Dog Crate Pad Ultra Soft Pet Bed Mat 24 Inch Washable Star Print Dark Blue,74,False,False,False,Beds,0,30.97,18.89,7.08,22.9,1,0,2026-07-20,https://www.ebay.com/itm/Dog-Bed-Crate-Pad-Ultra-Soft-Pet-Bed-Cute-Star-Print-/407086248172,https://www.amazon.com/dp/B078W5F6T7/ref=sr_1_14?th=1&psc=1
6a4ad351d2b3f004c616fc15,407086245294,Bike Hooks 8 Pack Heavy Duty Screw In Storage Hooks for Garage Ceiling Wall,75,False,False,False,Bicycle Stands & Storage,0,27.97,15.99,7.43,26.6,0,1,2026-07-20,https://www.ebay.com/itm/8-Pack-Bike-Hanger-Storage-Hook-Rack-Heavy-Duty-Large-Screw-Hooks-Garage-/407086245294,https://www.amazon.com/dp/B08BR3YXR2/ref=sr_1_5?psc=1
6a46be0d40f579cd365f9d23,407086241054,Over the Door Shoe Organizer with Large Deep Pockets Closet Hanging Rack,72,False,False,False,Shoe Organizers,0,34.97,19.99,9.38,26.8,1,0,2026-07-20,https://www.ebay.com/itm/Over-Door-Shoe-Organizer-Closet-Large-Deep-/407086241054,https://www.amazon.com/dp/B0BTT86DKB/ref=sr_1_3?psc=1
6a48c6c705ffd0be33b3437f,407086234921,Hanging Jewelry Organizer 50 Clear Pockets Double Sided 360 Rotating Hanger,75,False,False,False,"Jewelry Boxes, Organizers & Packaging",0,32.97,19.99,7.68,23.3,1,0,2026-07-20,https://www.ebay.com/itm/Hanging-Jewelry-Organizer-50-Transparent-Pockets-360-Rotating-Hanger-/407086234921,https://www.amazon.com/dp/B0198CTWVS?_encoding=UTF8?th=1&psc=1
6a49728c7d7628dc883475d8,407086230415,Dog Clippers Cordless Rechargeable 2 Speed Pet Grooming Kit for Dogs and Cats,77,False,False,False,Scissors & Fur Clippers,0,32.97,19.99,7.68,23.3,1,0,2026-07-20,https://www.ebay.com/itm/Dog-Clippers-2-Speed-Professional-Rechargeable-Cordless-Cat-/407086230415,https://www.amazon.com/dp/B07R8SM4L7/ref=sr_1_12?psc=1
6a4b020ad22a6109c6bb10b9,407086228467,Picture Frames 5 Pack 8.5x11 Document Frame Black Wall or Tabletop with Glass,77,False,False,False,Frames,0,32.97,19.99,7.68,23.3,1,0,2026-07-20,https://www.ebay.com/itm/Frame-High-Definition-Glass-8-5-11-/407086228467,https://www.amazon.com/dp/B07Z4PFKTQ?psc=1
6a5426f1104b17f8beb5551e,407086213874,Lifting Straps for Weightlifting Heavy Duty Wrist Straps Deadlift Grip Support,78,False,False,False,"Gloves, Straps & Hooks",0,32.97,19.99,7.68,23.3,1,0,2026-07-20,https://www.ebay.com/itm/Wrist-Straps-Weightlifting-Maximum-Grip-Support-Lifting-Deadlift-Strap-/407086213874,https://www.amazon.com/dp/B08R9514XH/?_encoding=UTF8?th=1&psc=1
6a472c27079faf2cd8bbd323,407086209214,Moving Bags 6 Pack Extra Large 24 Gallon Heavy Duty Totes with Backpack Straps,78,False,False,False,Storage Bags,0,43.97,26.98,10.04,22.8,1,0,2026-07-20,https://www.ebay.com/itm/Heavy-Duty-Extra-Large-Moving-Bags-W-Backpack-Straps-/407086209214,https://www.amazon.com/dp/B0BBVY7DNV/ref=sr_1_6?th=1&psc=1
6a53dc182f9bc2eac3cc0e1b,407086203226,Silicone Stretch Lids 7 Pack Reusable Bowl Covers Food Storage Dishwasher Safe,78,False,False,False,"Cling Film, Foil & Food Wraps",0,32.97,19.95,7.72,23.4,1,0,2026-07-20,https://www.ebay.com/itm/Silicone-Stretch-Lids-7-Pack-Reusable-Food-Storage-Bowl-Covers-Dishwasher-/407086203226,https://www.amazon.com/dp/B0CHZ69ZFN/ref=sr_1_7?th=1&psc=1
6a49f329710dc6bb70fbcb40,407086199468,Dog Collar and Leash Set Soft Velvet Adjustable Collar with Matching Lead,73,False,False,False,Collars,0,31.97,19.8,7.02,22.0,1,0,2026-07-20,https://www.ebay.com/itm/PET-Dog-Collar-and-Leash-Velvet-Dog-Collar-and-Leash-Set-Soft-/407086199468,https://www.amazon.com/dp/B07H21LCCQ/ref=sr_1_13?psc=1
6a48bf00bf298b6a60a689ec,407086197926,Jewelry Organizer Wall Mounted with 30 Hooks and Shelf Wood Necklace Holder,75,False,False,False,"Jewelry Boxes, Organizers & Packaging",0,31.97,19.59,7.23,22.6,1,0,2026-07-20,https://www.ebay.com/itm/Jewelry-Organizer-30-Hooks-and-Cosmetics-Shelf-15-X-3-X-4-Inches-Wall-/407086197926,https://www.amazon.com/dp/B07QFZSVQW/?psc=1
6a49f1ce99512666b3fbcbb6,407086194006,Baby Proofing Edge and Corner Guards 15ft Foam Furniture Bumper Set Black,73,False,False,False,Corner & Edge Cushions,0,32.97,19.67,8.0,24.3,1,0,2026-07-20,https://www.ebay.com/itm/Baby-Proof-Corners-15ft-Edges-Furniture-Corner-Edge-Safety-/407086194006,https://www.amazon.com/dp/B07DZSTTNT/?_encoding=UTF8&psc=1
6a53d9d785c94391365915fe,407086190895,Face Roller and Gua Sha Set Stainless Steel Facial Massage Tool Skin Care Kit,77,False,False,False,Massagers,0,23.97,12.99,7.03,29.3,1,0,2026-07-20,https://www.ebay.com/itm/303-Stainless-Steel-Face-Roller-Set-Metal-Gua-Sha-Facial-Tool-Face-Massager-/407086190895,https://www.amazon.com/dp/B0GL1BJKG9/ref=sr_1_20?th=1&psc=1
6a4a8e177d7628dc883484a7,407086188033,Tire Spoons 25 Piece Motorcycle Tire Changing Kit 14.5 Inch Iron Lever Tool Set,79,False,True,False,Tools,0,30.97,18.59,7.38,23.8,0,0,2026-07-20,https://www.ebay.com/itm/25PCS-Tire-Spoons-Motorcycle-Tire-Changing-Kit-14-5-Inch-Motorcycle-Tire-Spoons-/407086188033,https://www.amazon.com/dp/B0BZWH35FD/ref=sr_1_9?th=1&psc=1
6a48c51c6ecc4e3d22a6b042,407086185794,Kitchen Towel Set 5 Piece Linen 2 Towels 2 Pot Holders 1 Oven Mitt Sunflower,76,False,False,False,Towels & Dishcloths,0,29.97,17.99,7.13,23.8,1,0,2026-07-20,https://www.ebay.com/itm/Kitchen-Towel-5-Piece-Linen-Set-2-Towels-2-Pot-Holders-1-Oven-/407086185794,https://www.amazon.com/dp/B07SVQPK2S/ref=sr_1_11?psc=1
6a4b6c78646763a2b4cdf8b0,407086179850,Quilt Hanger Wall Mount Wooden Clips Set of 2 Dark Wood with Screws Included,76,False,False,False,Quilting Tools & Equipment,0,29.97,17.99,7.13,23.8,0,0,2026-07-20,https://www.ebay.com/itm/Wooden-Quilt-Hangers-2-Large-Clips-Dark-Wood-and-Screws-Wall-/407086179850,https://www.amazon.com/dp/B08VH13FRW?psc=1&th=1
6a53e226d9f42a88ca591edd,407086176652,Fabric Shaver Rechargeable Lint Remover 3 Speed Sweater Defuzzer with Brush,75,False,False,False,Lint Removers,0,29.97,17.99,7.13,23.8,1,0,2026-07-20,https://www.ebay.com/itm/Fabric-Shaver-Rechargeable-Lint-Remover-Brush-Sweater-Defuzzer-3-Speed-/407086176652,https://www.amazon.com/dp/B0CKSDBMSX/ref=sr_1_10?th=1&psc=1
6a5429a021c18c03a2602651,407086173698,Pot Lid Organizer Rack 9 Slot Stainless Steel Holder for Lids Plates Cutting,76,False,False,False,Racks & Holders,0,41.97,24.99,10.33,24.6,1,0,2026-07-20,https://www.ebay.com/itm/Pot-Lid-Holder-Organizer-Rack-Holder-Rest-Storage-Pot-Lids-Plates-Cutting-/407086173698,https://www.amazon.com/dp/B08DFX638Z/ref=sr_1_7?th=1&psc=1
6a48aece6ecc4e3d22a6af0e,407086172039,Mouse Pad with Wrist Rest Extended Desk Mat Keyboard Pad Non Slip Green Marble,78,False,False,False,Mouse Pads & Wrist Rests,0,28.97,16.99,7.28,25.1,1,0,2026-07-20,https://www.ebay.com/itm/Mouse-Pad-Wrist-Rest-3-in-1-Gaming-Mouse-Pad-Keyboard-/407086172039,https://www.amazon.com/dp/B09PN1FNVF/ref=sr_1_3?psc=1
6a48b155f1b99cb1a36692be,407086170516,Mouse Pad and Keyboard Wrist Rest Set Gel Support Non Slip PU Base Desk Mat,75,False,False,False,Mouse Pads & Wrist Rests,0,28.97,16.99,7.28,25.1,1,0,2026-07-20,https://www.ebay.com/itm/Mouse-Pad-and-Keyboard-Wrist-Rest-Support-Non-Slip-PU-Base-Gel-/407086170516,https://www.amazon.com/dp/B09DFY469V/ref=sr_1_6?th=1&psc=1
6a49745f35f8d2b8daa96c0d,407086167870,Waterproof Dog Blanket for Couch Pee Proof Fleece Reversible,60,False,False,False,Blankets,0,28.97,16.99,7.28,25.1,1,0,2026-07-20,https://www.ebay.com/itm/Waterproof-Dog-Blanket-Couch-Pee-Proof-Fleece-Reversible-/407086167870,https://www.amazon.com/dp/B075GY4JTD/ref=sr_1_6?psc=1
6a4a9dab202793beb216efb2,407086165783,3D Coloring Puzzle Set Arts and Crafts for Girls and Boys,57,False,False,False,Craft Kits,0,27.97,15.99,7.43,26.6,1,0,2026-07-20,https://www.ebay.com/itm/3D-Coloring-Puzzle-Set-Arts-and-Crafts-Girls-and-Boys-/407086165783,https://www.amazon.com/dp/B07QWD7QNX/ref=sr_1_18?th=1&psc=1
6a4afc0398bd0c6ebe46fee5,407086160735,8x8 Aluminum Picture Frame - 8 x 8 Gold Frame,45,False,False,False,Frames,0,28.97,16.99,7.28,25.1,1,0,2026-07-20,https://www.ebay.com/itm/8x8-Aluminum-Picture-Frame-8-x-8-Gold-Frame-/407086160735,https://www.amazon.com/dp/B06XSWVTC8/ref=sr_1_15?th=1&psc=1
6a447f18f7b73c2f116f78ba,407086151916,Heavy Duty Wall Mount Broom and Mop Holder Sturdy Tool Organizer with Hooks,75,False,False,False,Hooks & Hangers,0,28.97,16.87,7.4,25.5,1,0,2026-07-20,https://www.ebay.com/itm/Heavy-Duty-Wall-Mount-Broom-and-Mop-Holder-Sturdy-Tool-Organizer-Hooks-/407086151916,https://www.amazon.com/dp/B087MG35SC/ref=sr_1_4?psc=1
6a46ce4af6178e7e615f9e43,407086144550,Heavy Duty Double Handle Dog Leash - 5 FT with Comfortable Padded and Reflective,80,False,True,False,Leashes & Head Collars,0,26.97,15.19,7.38,27.4,1,0,2026-07-20,https://www.ebay.com/itm/Heavy-Duty-Double-Handle-Dog-Leash-5-FT-Comfortable-Padded-and-Reflective-/407086144550,https://www.amazon.com/dp/B082F84FFV/ref=sr_1_18?th=1&psc=1
6a4974a591b2265e97d18b48,407086136304,Dog Crate Pad - Ultra Soft Pet Bed With Cute Star Print,55,False,False,False,Beds,0,25.97,14.39,7.33,28.2,1,0,2026-07-20,https://www.ebay.com/itm/Dog-Crate-Pad-Ultra-Soft-Pet-Bed-Cute-Star-Print-/407086136304,https://www.amazon.com/dp/B074DQKH1J/ref=sr_1_4?psc=1
6a4984e67ee40bbf377a4196,407086127925,Mouse Pad Wrist Support Keyboard Wrist Rest Pad Ergonomic,57,False,False,False,Mouse Pads & Wrist Rests,0,27.97,15.99,7.43,26.6,1,0,2026-07-20,https://www.ebay.com/itm/Mouse-Pad-Wrist-Support-Keyboard-Wrist-Rest-Pad-Ergonomic-/407086127925,https://www.amazon.com/dp/B09SLT6CCN?_encoding=UTF8&psc=1
6a4a8b1e5ec0f5d4f116f216,407086120011,Glass Soap Dispenser 2 Pack Soap Dispenser,42,False,False,False,Soap Dishes & Dispensers,0,27.97,15.99,7.43,26.6,1,0,2026-07-20,https://www.ebay.com/itm/Glass-Soap-Dispenser-2-Pack-Soap-Dispenser-/407086120011,https://www.amazon.com/dp/B0948W716F/ref=sr_1_5?psc=1
6a4ab3e9d22a6109c6bb0cc6,407086111077,Moon Lamp Kids Night Light Galaxy Lamp - 16 Colors Moon Light with Wood Stand,77,False,False,False,Night Lights,0,27.97,15.99,7.43,26.6,1,0,2026-07-20,https://www.ebay.com/itm/Moon-Lamp-Kids-Night-Light-Galaxy-Lamp-16-Colors-Moon-Light-Wood-Stand-/407086111077,https://www.amazon.com/dp/B086GWMTT3/ref=sr_1_4?th=1&psc=1
6a4b11fff8d26d650434793f,407086101651,Durable Drawstring Water Resistant Dust Flap Stuff Sack Bag,59,False,False,False,Storage Bags,0,27.97,15.99,7.43,26.6,1,0,2026-07-20,https://www.ebay.com/itm/Durable-Drawstring-Water-Resistant-Dust-Flap-Stuff-Sack-Bag-/407086101651,https://www.amazon.com/dp/B07KY7LHTH/ref=sr_1_11?th=1&psc=1
6a504bf1716cf69f47c9bb92,407086095067,Cable Organizer Bag Travel Case for Electronics (Large Dark Pink),65,False,False,False,Storage Bags,0,26.97,14.99,7.58,28.1,0,0,2026-07-20,https://www.ebay.com/itm/Cable-Organizer-Bag-Travel-Case-Electronics-Large-Dark-Pink-/407086095067,https://www.amazon.com/dp/B0GF18YHYN/ref=sr_1_8?psc=1
6a4a8b89d2b3f004c616f775,407086091810,Cup Soap Holder Soap Dish Saver Tray Bar Soap Sponge Holder for Shower Wall,75,False,False,False,Soap Dishes & Dispensers,0,26.97,15.14,7.43,27.5,0,0,2026-07-20,https://www.ebay.com/itm/Cup-Soap-Holder-Soap-Dish-Saver-Tray-Bar-Soap-Sponge-Holder-Shower-Wall-/407086091810,https://www.amazon.com/dp/B0718VX4CY/ref=sr_1_16?psc=1
6a4a6f307d7628dc883482ce,407086089240,Coffee Canister Storage Container - 22OZ Stainless Steel,56,False,False,False,Canisters & Jars,0,28.97,15.99,8.28,28.6,1,0,2026-07-20,https://www.ebay.com/itm/Coffee-Canister-Storage-Container-22OZ-Stainless-Steel-/407086089240,https://www.amazon.com/dp/B0D4PN6XN9?_encoding=UTF8&psc=1
6a46ce8b9ce1b59c5e63d392,407086084904,Silicone Tray - Small Vanity Tray Organizer - Spoon Rest Holder - Multi-Purpose,79,False,True,False,Racks & Holders,0,26.97,14.99,7.58,28.1,0,0,2026-07-20,https://www.ebay.com/itm/Silicone-Tray-Small-Vanity-Tray-Organizer-Spoon-Rest-Holder-Multi-Purpose-/407086084904,https://www.amazon.com/dp/B08LZLKJVM/ref=sr_1_14?th=1&psc=1
6a472b4eaeb88fa85098160b,407086080563,Microfiber Window Cleaning Cloth Kit - Glass Cleaning Cloth,59,False,False,False,Cleaning Towels & Cloths,0,26.97,14.99,7.58,28.1,1,0,2026-07-20,https://www.ebay.com/itm/Microfiber-Window-Cleaning-Cloth-Kit-Glass-Cleaning-Cloth-/407086080563,https://www.amazon.com/dp/B082N3RQFX/?psc=1&th=1
6a4ab4ead22a6109c6bb0cd7,407086073176,Weight Lifting Gym Workout Gloves Men & Women Great for Weightlifting Exercise,78,False,False,False,"Gloves, Straps & Hooks",0,24.97,13.49,7.38,29.6,1,0,2026-07-20,https://www.ebay.com/itm/Weight-Lifting-Gym-Workout-Gloves-Men-Women-Great-Weightlifting-Exercise-/407086073176,https://www.amazon.com/dp/B094N74HCR/ref=sr_1_4?psc=1
6a5428a2104b17f8beb55529,407086069738,Electronics Organizer Electronic Accessories Bag Travel Cable Organizer,71,False,False,False,Storage Bags,0,26.97,14.99,7.58,28.1,1,0,2026-07-20,https://www.ebay.com/itm/Electronics-Organizer-Electronic-Accessories-Bag-Travel-Cable-Organizer-/407086069738,https://www.amazon.com/dp/B07T1QX3DP/ref=sr_1_8?psc=1
6a542505c6067caa3d105043,407086065883,16 Oz Water Bottle Stainless Steel Double Wall Vacuum Insulated Water Bottle,76,False,False,False,Vacuum Flasks & Mugs,0,26.97,14.89,7.68,28.5,1,0,2026-07-20,https://www.ebay.com/itm/16-Oz-Water-Bottle-Stainless-Steel-Double-Wall-Vacuum-Insulated-Water-Bottle-/407086065883,https://www.amazon.com/dp/B09687TH6G/ref=sr_1_7?psc=1
6a49ef3230ae0018fad188ff,407086061444,Birthday Blanket Mothers Day Blanket Letter for Love Mom Flannel,64,False,False,False,Blankets & Throws,0,25.97,13.99,7.73,29.8,1,0,2026-07-20,https://www.ebay.com/itm/Birthday-Blanket-Mothers-Day-Blanket-Letter-Love-Mom-Flannel-/407086061444,https://www.amazon.com/dp/B0CWKWWL7G/ref=sr_1_10?psc=1
6a4aa3e473490fda4309a129,407086049385,Clear TSA Approved 3-1-1 Travel Toiletry Bag for Carry,54,False,False,False,Other Travel Accessories,0,25.97,13.99,7.73,29.8,1,0,2026-07-20,https://www.ebay.com/itm/Clear-TSA-Approved-3-1-1-Travel-Toiletry-Bag-Carry-/407086049385,https://www.amazon.com/dp/B01IRYYYHA/ref=sr_1_18?th=1&psc=1
6a53e1fd9efaa836e0ffe518,407086036177,Fabric Shaver Lint Remover Rechargeable Lint Shaver with 6-Leaf Blades Sweater,78,False,False,False,Lint Removers,0,30.97,16.99,8.98,29.0,0,0,2026-07-20,https://www.ebay.com/itm/Fabric-Shaver-Lint-Remover-Rechargeable-Lint-Shaver-6-Leaf-Blades-Sweater-/407086036177,https://www.amazon.com/dp/B0DXV2D1KX/ref=sr_1_14?th=1&psc=1
6a48a176bcaeec9409a6a543,407086028956,Magnetic File Holder - Magnetic Paper Holder Pocket,51,False,False,False,Files & Supplies,0,20.97,9.98,7.49,35.7,1,0,2026-07-20,https://www.ebay.com/itm/Magnetic-File-Holder-Magnetic-Paper-Holder-Pocket-/407086028956,https://www.amazon.com/dp/B07KXKF942/ref=sr_1_13?th=1&psc=1
6a4983e936e53c566c4db7e6,407086024870,Black Dog Leash 6 ft XS S Reflective Durable Lightweight Dog,60,False,False,False,Leashes & Head Collars,0,23.97,12.99,7.03,29.3,1,0,2026-07-20,https://www.ebay.com/itm/Black-Dog-Leash-6-ft-XS-S-Reflective-Durable-Lightweight-Dog-/407086024870,https://www.amazon.com/dp/B00X56RTYQ/ref=sr_1_10?th=1&psc=1
6a489b47f1b99cb1a366916b,407086018158,Hanging Laundry Hamper Bag with 2 Different Types of Hooks,58,False,False,False,Laundry Carts & Hampers,0,24.97,12.99,7.88,31.6,1,0,2026-07-20,https://www.ebay.com/itm/Hanging-Laundry-Hamper-Bag-2-Different-Types-Hooks-/407086018158,https://www.amazon.com/dp/B07JWB1X9Q/ref=sr_1_3?th=1&psc=1
6a415d721c41084947619fc3,407086012334,Mesh Beach Bag Family Tote Pockets Swim Pool,44,False,False,False,Women's Bags & Handbags,0,19.97,8.99,7.63,38.2,1,0,2026-07-20,https://www.ebay.com/itm/Mesh-Beach-Bag-Family-Tote-Pockets-Swim-Pool-/407086012334,https://www.amazon.com/dp/B083T89JWN/ref=sr_1_15?th=1&psc=1
6a489c8da3eacd6b2f0a2152,407086005056,Over The Tank Toilet Tissue Paper Roll Holder Dispenser,55,False,False,False,Toilet Paper Holders & Storage,0,20.97,9.99,7.48,35.7,1,0,2026-07-20,https://www.ebay.com/itm/Over-Tank-Toilet-Tissue-Paper-Roll-Holder-Dispenser-/407086005056,https://www.amazon.com/dp/B0967FT8JY/?psc=1&th=1
6a53da2051588f7ba30a345f,407085995083,Ice Roller for Face Small Gifts Facial Tools,44,False,False,False,Massagers,0,16.97,6.99,7.08,41.7,0,0,2026-07-20,https://www.ebay.com/itm/Ice-Roller-Face-Small-Gifts-Facial-Tools-/407085995083,https://www.amazon.com/dp/B0B3XBRH91/ref=sr_1_13?th=1&psc=1
6a54248f104b17f8beb55509,407085772746,Large Corduroy Tote Bag for Women Cute Shoulder Reusable Bag with Zipper,72,False,False,False,Women's Bags & Handbags,0,31.97,18.99,7.83,24.5,1,0,2026-07-20,https://www.ebay.com/itm/Large-Corduroy-Tote-Bag-Women-Cute-Shoulder-Reusable-Bag-Zipper-/407085772746,https://www.amazon.com/dp/B0FKN84BJ9/ref=sr_1_18?th=1&psc=1
6a48a12e581a35bf055687ff,407085768271,Heavy Duty S Hooks Matte Black S Shaped Hanging Hooks Kitchen Closet Garage,75,False,False,False,Hooks & Hangers,0,29.97,17.96,7.16,23.9,1,0,2026-07-20,https://www.ebay.com/itm/Heavy-Duty-S-Hooks-Matte-Black-S-Shaped-Hanging-Hooks-Kitchen-Closet-Garage-/407085768271,https://www.amazon.com/dp/B0895BQR5Z/ref=sr_1_10?th=1&psc=1
6a542c4dc6067caa3d10508e,407085767498,Lunch Bag for Women Reusable Drawstring Insulated Lunch Box Stain-Resistant,75,False,False,False,Lunch Containers,0,31.97,18.99,7.83,24.5,1,0,2026-07-20,https://www.ebay.com/itm/Lunch-Bag-Women-Reusable-Drawstring-Insulated-Lunch-Box-Stain-Resistant-/407085767498,https://www.amazon.com/dp/B0D45BZ9J6/?psc=1&th=1
6a4a2decbbbd1455cefa584f,407085763844,Brushed Gold Toilet Paper Holder 304 Stainless Steel Double Post Wall Mount,75,False,False,False,Toilet Paper Holders & Storage,0,28.97,16.99,7.28,25.1,0,0,2026-07-20,https://www.ebay.com/itm/Brushed-Gold-Toilet-Paper-Holder-304-Stainless-Steel-Double-Post-Wall-Mount-/407085763844,https://www.amazon.com/dp/B09ZH6SY3T/ref=sr_1_13?psc=1
6a4a343173490fda43099a66,407085762928,Clear Makeup Bags Set of 9 TSA Approved Toiletry Bag Waterproof Travel Pouch,76,False,False,False,Makeup Bags & Cases,0,29.97,17.99,7.13,23.8,1,0,2026-07-20,https://www.ebay.com/itm/Clear-Makeup-Bags-Set-9-TSA-Approved-Toiletry-Bag-Waterproof-Travel-Pouch-/407085762928,https://www.amazon.com/dp/B08LMT437Y?_encoding=UTF8&psc=1
6a4bd7193f5e5a03e5e56c1f,407085762019,Wall Mount Broom and Mop Holder Heavy Duty Rectangular Tool Organizer Rack,74,False,False,False,"Grow Pots, Net Pots & Seed Starting Trays",0,28.97,16.99,7.28,25.1,1,0,2026-07-20,https://www.ebay.com/itm/Wall-Mount-Broom-and-Mop-Holder-Heavy-Duty-Rectangular-Tool-Organizer-Rack-/407085762019,https://www.amazon.com/dp/B0CRGTBPFG/ref=sr_1_10?th=1&psc=1
6a4bda32ab6fbb8c7440b6d7,407085759628,Glass Test Tubes 25 Pack 50ml with Cork Stoppers for Bath Salts Candy Favors,76,False,False,False,Test Tubes,0,29.97,17.99,7.13,23.8,0,0,2026-07-20,https://www.ebay.com/itm/Glass-Test-Tubes-25-Pack-50ml-Cork-Stoppers-Bath-Salts-Candy-Favors-/407085759628,https://www.amazon.com/dp/B07D9HJ4XW/ref=sr_1_14?psc=1
6a497fda36e53c566c4db7b7,407085737799,Healing Fleece Blanket Get Well Soon Gift Soft Hug Compassion Throw Blanket,75,False,False,False,Blankets & Throws,0,29.97,17.99,7.13,23.8,1,0,2026-07-20,https://www.ebay.com/itm/Healing-Fleece-Blanket-Get-Well-Soon-Gift-Soft-Hug-Compassion-Throw-Blanket-/407085737799,https://www.amazon.com/dp/B083VR9FHQ?psc=1
6a46bf2d53440423e7772047,407085719334,Stainless Steel Dog Bowls 2 Pack Puppy Feeder Non-Slip Pet Food Water Bowl,74,False,False,False,"Dishes, Feeders & Fountains",0,28.97,16.99,7.28,25.1,1,0,2026-07-20,https://www.ebay.com/itm/Stainless-Steel-Dog-Bowls-2-Pack-Puppy-Feeder-Non-Slip-Pet-Food-Water-Bowl-/407085719334,https://www.amazon.com/dp/B0922RSP2X/ref=sr_1_19?th=1&psc=1
6a4aa2345ec0f5d4f116f2be,407085714844,Fleece Throw Blanket Navy Blue Soft Lightweight Couch Sofa Bed Cozy Blanket,75,False,False,False,Blankets & Throws,0,28.97,16.99,7.28,25.1,1,0,2026-07-20,https://www.ebay.com/itm/Fleece-Throw-Blanket-Navy-Blue-Soft-Lightweight-Couch-Sofa-Bed-Cozy-Blanket-/407085714844,https://www.amazon.com/dp/B07B4Q2W54/ref=sr_1_12?psc=1
6a48c4f9581a35bf05568a23,407085704772,Grow Light for Indoor Plants Full Spectrum LED Plant Lamp Warm White Red,72,False,False,False,Wind Chimes,0,33.97,19.98,8.54,25.1,1,0,2026-07-20,https://www.ebay.com/itm/Grow-Light-Indoor-Plants-Full-Spectrum-LED-Plant-Lamp-Warm-White-Red-/407085704772,https://www.amazon.com/dp/B0B2W8V66J/ref=sr_1_8?th=1&psc=1
6a4b814c437ffa5086f2198b,407085702679,Parchment Paper Baking Sheets 220 Pack 9x13 Inch Unbleached Pre-Cut Non-Stick,77,False,False,False,Sensors & Motion Detectors,0,28.97,16.99,7.28,25.1,1,0,2026-07-20,https://www.ebay.com/itm/Parchment-Paper-Baking-Sheets-220-Pack-9x13-Inch-Unbleached-Pre-Cut-Non-Stick-/407085702679,https://www.amazon.com/dp/B08H23L89Q/ref=sr_1_16?th=1&psc=1
6a49804336e53c566c4db7bb,407085699850,Moon Lamp Kids Night Light Galaxy Lamp 16 Colors with Wood Stand,64,False,False,False,Massagers,0,27.97,15.99,7.43,26.6,1,0,2026-07-20,https://www.ebay.com/itm/Moon-Lamp-Kids-Night-Light-Galaxy-Lamp-16-Colors-Wood-Stand-/407085699850,https://www.amazon.com/dp/B07X8N2G5C/ref=sr_1_4?th=1&psc=1
6a4b0f3ed22a6109c6bb1147,407085697661,150 Watt Light Bulb 2600LM Super Bright Warm White 3000K E26 Base,65,False,False,False,Hooks & Hangers,0,26.97,14.99,7.58,28.1,1,0,2026-07-20,https://www.ebay.com/itm/150-Watt-Light-Bulb-2600LM-Super-Bright-Warm-White-3000K-E26-Base-/407085697661,https://www.amazon.com/dp/B08QHVCFH8/ref=sr_1_17?th=1&psc=1
6a489f12007c211a260a2c1d,407085695442,Silicone Tray Small Vanity Organizer Spoon Rest Holder Kitchen Bathroom,71,False,False,False,Cleaning Products,0,26.97,15.06,7.51,27.8,0,1,2026-07-20,https://www.ebay.com/itm/Silicone-Tray-Small-Vanity-Organizer-Spoon-Rest-Holder-Kitchen-Bathroom-/407085695442,https://www.amazon.com/dp/B003XCVR86/ref=sr_1_9?psc=1
6a4974887d7628dc883475fc,407085692706,Blackout Curtains 42 x 63 Inch Set of 2 Panels Black Rod Pocket Thermal,71,False,False,False,Massagers,0,26.97,14.99,7.58,28.1,1,0,2026-07-20,https://www.ebay.com/itm/Blackout-Curtains-42-x-63-Inch-Set-2-Panels-Black-Rod-Pocket-Thermal-/407085692706,https://www.amazon.com/dp/B01DID2TN6?psc=1&th=1
6a4980d46eba6d52434db35a,407085687236,Privacy Sliding Door Lock with Pull Replace Old or Damaged Pocket Door Locks,76,False,False,False,Curtains & Drapes,0,26.97,14.99,7.58,28.1,1,0,2026-07-20,https://www.ebay.com/itm/Privacy-Sliding-Door-Lock-Pull-Replace-Old-Damaged-Pocket-Door-Locks-/407085687236,https://www.amazon.com/dp/B08CT5RBYC/ref=sr_1_19?th=1&psc=1
6a4a890273490fda43099f81,407085681130,3 Way LED Light Bulbs 4 Pack 30 70 100W Replacement Daylight E26 Base,69,False,False,False,Other Door Hardware,0,26.97,14.99,7.58,28.1,0,0,2026-07-20,https://www.ebay.com/itm/3-Way-LED-Light-Bulbs-4-Pack-30-70-100W-Replacement-Daylight-E26-Base-/407085681130,https://www.amazon.com/dp/B07G3ZQ3MH?psc=1
6a4b05be7d7628dc88348b00,407085678052,Jigsaw Puzzle 1000 Pieces for Adults Large Format Family Puzzle Game,68,False,False,False,Salt & Pepper,0,26.97,14.99,7.58,28.1,0,1,2026-07-20,https://www.ebay.com/itm/Jigsaw-Puzzle-1000-Pieces-Adults-Large-Format-Family-Puzzle-Game-/407085678052,https://www.amazon.com/dp/B0179Q4Y9U/ref=sr_1_9?th=1&psc=1
6a4b0b3985cf6143ee34730a,407085676105,Electronics Organizer Travel Case Cable Accessories Bag Cord Storage Pouch,74,False,False,False,Jigsaw,0,24.97,13.49,7.38,29.6,1,0,2026-07-20,https://www.ebay.com/itm/Electronics-Organizer-Travel-Case-Cable-Accessories-Bag-Cord-Storage-Pouch-/407085676105,https://www.amazon.com/dp/B0F32FS6LY/ref=sr_1_18?th=1&psc=1
6a48abdbbf298b6a60a68975,407085674080,Stainless Steel Water Bottle 16 oz Double Wall Vacuum Insulated Flask,69,False,False,False,Other Kitchen Tools & Gadgets,0,26.97,14.95,7.62,28.3,1,0,2026-07-20,https://www.ebay.com/itm/Stainless-Steel-Water-Bottle-16-oz-Double-Wall-Vacuum-Insulated-Flask-/407085674080,https://www.amazon.com/dp/B08HHXDDPC/?_encoding=UTF8?th=1&psc=1
6a4884b3007c211a260a2af7,407085671698,Over The Door Shoe Organizer 35 Large Pockets Sturdy Oxford Fabric Hanging,74,False,False,False,Shoe Organizers,0,25.97,13.99,7.73,29.8,1,0,2026-07-20,https://www.ebay.com/itm/Over-Door-Shoe-Organizer-35-Large-Pockets-Sturdy-Oxford-Fabric-Hanging-/407085671698,https://www.amazon.com/dp/B0BCV1RB8P/ref=sr_1_16?psc=1
6a4a8c19656642f82abb04e1,407085669851,Waterproof Fabric Shower Curtain Liner Machine Washable with Suction Cups,73,False,False,False,Shower Curtains,0,25.97,13.99,7.73,29.8,1,0,2026-07-20,https://www.ebay.com/itm/Waterproof-Fabric-Shower-Curtain-Liner-Machine-Washable-Suction-Cups-/407085669851,https://www.amazon.com/dp/B07Y9B8Z7T/ref=sr_1_12?th=1&psc=1
6a50494087c679b2f82c69dd,407085667633,Serving Trays with Lids 6 Pack 13 Inch Reusable Catering Party Platters,71,False,False,False,Trays,0,25.97,13.99,7.73,29.8,0,0,2026-07-20,https://www.ebay.com/itm/Serving-Trays-Lids-6-Pack-13-Inch-Reusable-Catering-Party-Platters-/407085667633,https://www.amazon.com/dp/B0F9WXKYMM/ref=sr_1_8?psc=1
6a5423bb51588f7ba30a3824,407085665127,Fabric Squares 30 Pack 8x10 Inch Cotton Craft Quilting Sheets Japanese Style,76,False,False,False,Fabric,0,25.97,13.99,7.73,29.8,1,0,2026-07-20,https://www.ebay.com/itm/Fabric-Squares-30-Pack-8x10-Inch-Cotton-Craft-Quilting-Sheets-Japanese-Style-/407085665127,https://www.amazon.com/dp/B08S3CYPVS/ref=sr_1_6?psc=1
6a5425f551588f7ba30a383e,407085662984,Produce Bags on a Roll 350 Count 12x16 Inch Clear Plastic Bread Grocery Bags,76,False,False,False,Food Storage Bags,0,25.97,13.99,7.73,29.8,1,0,2026-07-20,https://www.ebay.com/itm/Produce-Bags-Roll-350-Count-12x16-Inch-Clear-Plastic-Bread-Grocery-Bags-/407085662984,https://www.amazon.com/dp/B07B3QRNVN/ref=sr_1_13?psc=1
6a4aa0bad22a6109c6bb0b74,407085660906,Dog Cat Bow Tie 4 Pack Adjustable Pet Collar Neckties Formal Costume,68,False,False,False,Collars,0,23.97,12.99,7.03,29.3,1,0,2026-07-20,https://www.ebay.com/itm/Dog-Cat-Bow-Tie-4-Pack-Adjustable-Pet-Collar-Neckties-Formal-Costume-/407085660906,https://www.amazon.com/dp/B09DYJ7GNJ/ref=sr_1_6?psc=1
6a53da8c51588f7ba30a346a,407085657424,Grip Strength Trainer 5 Pack Adjustable Forearm Strengthener Hand Exerciser,75,False,False,False,Hand Grippers,0,29.97,15.69,9.43,31.5,1,0,2026-07-20,https://www.ebay.com/itm/Grip-Strength-Trainer-5-Pack-Adjustable-Forearm-Strengthener-Hand-Exerciser-/407085657424,https://www.amazon.com/dp/B0D7ZSQQ6H/?th=1&psc=1
6a489f5d772912941d66900c,407085655353,Vacuum Sealer Bags 4x6 Inch Pre-Cut Heavy Duty Commercial Grade Food Storage,76,False,False,False,Food Storage Bags,0,22.97,11.99,7.18,31.3,1,0,2026-07-20,https://www.ebay.com/itm/Vacuum-Sealer-Bags-4x6-Inch-Pre-Cut-Heavy-Duty-Commercial-Grade-Food-Storage-/407085655353,https://www.amazon.com/dp/B07JVGJD1M/ref=sr_1_20?psc=1
6a50dc0a5770547eca552492,407085652940,Picture Hanging Hooks 50 Pack Assorted Nail Hangers for Photo Frames Wall Art,77,False,False,False,Hooks & Hangers,0,22.97,11.99,7.18,31.3,1,0,2026-07-20,https://www.ebay.com/itm/Picture-Hanging-Hooks-50-Pack-Assorted-Nail-Hangers-Photo-Frames-Wall-Art-/407085652940,https://www.amazon.com/dp/B0876ZL4NN/ref=sr_1_11?psc=1
6a415cb8a291b5b0106d34d5,407085649451,Insulated Food Jar 10 oz Kids Soup Container Hot Lunch Vacuum Flask,67,False,False,False,Lunch Containers,0,19.97,8.99,7.63,38.2,1,0,2026-07-20,https://www.ebay.com/itm/Insulated-Food-Jar-10-oz-Kids-Soup-Container-Hot-Lunch-Vacuum-Flask-/407085649451,https://www.amazon.com/dp/B0C5WY52B6/ref=sr_1_18?psc=1
6a489e5e007c211a260a2c17,407085646583,Bamboo Dish Scrub Brush Set Wooden Kitchen Cleaning Scrubber Natural Bristle,76,False,False,False,Sponges & Scourers,0,21.97,9.99,8.33,37.9,1,0,2026-07-20,https://www.ebay.com/itm/Bamboo-Dish-Scrub-Brush-Set-Wooden-Kitchen-Cleaning-Scrubber-Natural-Bristle-/407085646583,https://www.amazon.com/dp/B082XRB79L/ref=sr_1_3?th=1&psc=1
6a53e14a4e83a6975c24a9ac,407085643844,Microfiber Cleaning Cloths 24 Pack Lint-Free Streak-Free Car Home Office,72,False,False,False,Cleaning Towels & Cloths,0,20.97,9.99,7.48,35.7,1,0,2026-07-20,https://www.ebay.com/itm/Microfiber-Cleaning-Cloths-24-Pack-Lint-Free-Streak-Free-Car-Home-Office-/407085643844,https://www.amazon.com/dp/B0CKMPXSQ4/ref=sr_1_13?psc=1
6a53dc842f9bc2eac3cc0e24,407085641385,Reusable Silicone Stretch Lids 14 Pack Bowl Covers 7 Sizes Food Storage,71,False,False,False,"Cling Film, Foil & Food Wraps",0,20.97,9.97,7.5,35.8,1,0,2026-07-20,https://www.ebay.com/itm/Reusable-Silicone-Stretch-Lids-14-Pack-Bowl-Covers-7-Sizes-Food-Storage-/407085641385,https://www.amazon.com/dp/B08NCGLQNK/ref=sr_1_8?th=1&psc=1
6a504ece1f7315f175380b66,407085636782,Cat Pom Pom Balls 12 Pack Large Fuzzy Plush Cat Toys Indoor Kitten Play Balls,77,False,False,False,Toys,0,19.97,8.99,7.63,38.2,1,0,2026-07-20,https://www.ebay.com/itm/Cat-Pom-Pom-Balls-12-Pack-Large-Fuzzy-Plush-Cat-Toys-Indoor-Kitten-Play-Balls-/407085636782,https://www.amazon.com/dp/B08VJ2ZB4J/ref=sr_1_10?th=1&psc=1
6a54bc1a69936c611e6a168d,407085632134,Mesh Laundry Bags 5 Pack for Delicates Lingerie Bra Washing Machine Wash Bag,76,False,False,False,Laundry Bags,0,21.97,8.99,9.33,42.5,0,0,2026-07-20,https://www.ebay.com/itm/Mesh-Laundry-Bags-5-Pack-Delicates-Lingerie-Bra-Washing-Machine-Wash-Bag-/407085632134,https://www.amazon.com/dp/B098WX915Q/ref=sr_1_8?psc=1
6a53e0982f9bc2eac3cc0e64,407085629013,Reusable Silicone Food Storage Bags 10 Pack Leakproof Snack Sandwich Freezer,76,False,False,False,Food Storage Bags,0,16.97,6.49,7.58,44.7,1,0,2026-07-20,https://www.ebay.com/itm/Reusable-Silicone-Food-Storage-Bags-10-Pack-Leakproof-Snack-Sandwich-Freezer-/407085629013,https://www.amazon.com/dp/B0CCDHLPTY/ref=sr_1_9?th=1&psc=1
6a54b7b747b6e21b44bda56e,407080670490,8 Cups/ 63 Oz 4 Piece 2 containers 2 Lids Large Glass Food Storage,66,False,False,False,Food Storage Containers,0,53.97,29.98,15.54,28.8,1,0,2026-07-17,https://www.ebay.com/itm/8-Cups-63-Oz-4-Piece-2-containers-2-Lids-Large-Glass-Food-Storage-/407080670490,https://www.amazon.com/dp/B08514ZZ8G?_encoding=UTF8&psc=1
6a54b79366e0a686d8a2d32c,407080667670,8 Pack Glass Meal Prep Containers with Lids Extra Thick Airtight Food,69,False,False,False,Food Storage Containers,0,39.97,19.45,14.17,35.5,1,0,2026-07-17,https://www.ebay.com/itm/8-Pack-Glass-Meal-Prep-Containers-Lids-Extra-Thick-Airtight-Food-/407080667670,https://www.amazon.com/dp/B0F9WVLLY7/ref=sr_1_18?psc=1
6a54b74a66e0a686d8a2d325,407080663459,40 Piece Food Storage Containers with Lids 20 Containers & 20 Lids B,68,False,False,True,Food Storage Containers,0,49.97,26.99,15.13,30.3,1,0,2026-07-17,https://www.ebay.com/itm/40-Piece-Food-Storage-Containers-Lids-20-Containers-20-Lids-B-/407080663459,https://www.amazon.com/dp/B0D2656Q2Q/ref=sr_1_11?psc=1
6a53dca82f9bc2eac3cc0e27,407080324220,"Silicone Stretch Lids, Zero Waste Reusable Silicon Container Lid Covers for",75,False,False,True,"Cling Film, Foil & Food Wraps",0,19.97,5.99,10.63,53.2,1,0,2026-07-17,https://www.ebay.com/itm/Silicone-Stretch-Lids-Zero-Waste-Reusable-Silicon-Container-Lid-Covers-/407080324220,https://www.amazon.com/dp/B07W4147KG/ref=sr_1_9?psc=1
6a54c53f71560482a386e0a8,407080322404,Over The Door Hooks 10 Pack 2-Sided Metal Towel Hook Anti-Scratch Non-Slip,74,False,False,False,Hooks & Hangers,0,21.97,5.99,12.33,56.1,1,0,2026-07-17,https://www.ebay.com/itm/Over-Door-Hooks-10-Pack-2-Sided-Metal-Towel-Hook-Anti-Scratch-Non-Slip-/407080322404,https://www.amazon.com/dp/B0CP3WQTY5/ref=sr_1_12?psc=1
6a54c6805d50ea38b8e3fd7d,407069620682,Shower Curtain Rings 24 Pack Rustproof Decorative Metal Round Hooks Black,73,False,False,False,Shower Curtain Hooks,0,22.97,7.99,11.18,48.7,1,0,2026-07-13,https://www.ebay.com/itm/Shower-Curtain-Rings-24-Pack-Rustproof-Decorative-Metal-Round-Hooks-Black-/407069620682,https://www.amazon.com/dp/B099RP3JTB/ref=sr_1_15?psc=1
6a54c65d5d50ea38b8e3fd7a,407069618441,Shower Curtain Hooks Rings 24 Pack Rustproof Metal Glide Smooth Bathroom,72,False,False,False,Shower Curtain Hooks,0,22.97,7.99,11.18,48.7,1,0,2026-07-13,https://www.ebay.com/itm/Shower-Curtain-Hooks-Rings-24-Pack-Rustproof-Metal-Glide-Smooth-Bathroom-/407069618441,https://www.amazon.com/dp/B09VXDMZ7D/ref=sr_1_11?psc=1
6a54c63915145eced81f4cda,407069616886,Shower Curtain Hooks Rings 12 Pack Rustproof Stainless Steel Roller Balls,73,False,False,False,Shower Curtain Hooks,0,19.97,5.47,11.15,55.8,1,0,2026-07-13,https://www.ebay.com/itm/Shower-Curtain-Hooks-Rings-12-Pack-Rustproof-Stainless-Steel-Roller-Balls-/407069616886,https://www.amazon.com/dp/B0BW4FVBKZ/ref=sr_1_4?psc=1
6a54c61615145eced81f4cd7,407069615122,Shower Curtain Hooks Rings 12 Pack Rust Resistant Metal Double Glide Nickel,75,False,False,False,Shower Curtain Hooks,0,20.97,6.78,10.69,51.0,1,0,2026-07-13,https://www.ebay.com/itm/Shower-Curtain-Hooks-Rings-12-Pack-Rust-Resistant-Metal-Double-Glide-Nickel-/407069615122,https://www.amazon.com/dp/B081YQBPSS/ref=sr_1_11?th=1&psc=1
6a54c5f271560482a386e0bb,407069613243,Silicone Trivet Mats 4 Pack Heat Resistant Pot Holders Non-Slip Dark Grey,73,False,False,False,Oven Mitts & Potholders,0,23.97,8.99,11.03,46.0,1,0,2026-07-13,https://www.ebay.com/itm/Silicone-Trivet-Mats-4-Pack-Heat-Resistant-Pot-Holders-Non-Slip-Dark-Grey-/407069613243,https://www.amazon.com/dp/B0DFPHVNHG/ref=sr_1_15?psc=1
6a54c58671560482a386e0ae,407069608849,Silicone Trivet Mats 4 Pack Heat Resistant Pot Holders Non-Slip Hot Pads,72,False,False,False,Oven Mitts & Potholders,0,28.97,9.99,14.28,49.3,1,0,2026-07-13,https://www.ebay.com/itm/Silicone-Trivet-Mats-4-Pack-Heat-Resistant-Pot-Holders-Non-Slip-Hot-Pads-/407069608849,https://www.amazon.com/dp/B08JLB2PQ2/ref=sr_1_15?th=1&psc=1
6a54c56393d8965d0886e024,407069605742,Silicone Trivet Mats 4 Pack Pot Holders Heat Resistant Non-Slip Hot Pads,72,False,False,False,Oven Mitts & Potholders,0,26.97,10.89,11.68,43.3,1,0,2026-07-13,https://www.ebay.com/itm/Silicone-Trivet-Mats-4-Pack-Pot-Holders-Heat-Resistant-Non-Slip-Hot-Pads-/407069605742,https://www.amazon.com/dp/B08C4KV8KG/ref=sr_1_6?th=1&psc=1
6a54c51bc8494bf70f6a169f,407069599141,Over The Door Hooks 7 Hook Metal Organizer Rack Anti-Rust Towel Coat,68,False,False,False,Hooks & Hangers,0,24.97,9.99,10.88,43.6,1,0,2026-07-13,https://www.ebay.com/itm/Over-Door-Hooks-7-Hook-Metal-Organizer-Rack-Anti-Rust-Towel-Coat-/407069599141,https://www.amazon.com/dp/B01MTT4K9C/ref=sr_1_3?psc=1
6a54c4d415145eced81f4cbd,407069594537,Over The Door Hooks 4 Pack Metal Heavy Duty Rubber No Scratch Organizer,71,False,False,False,Hooks & Hangers,0,19.97,5.99,10.63,53.2,1,0,2026-07-13,https://www.ebay.com/itm/Over-Door-Hooks-4-Pack-Metal-Heavy-Duty-Rubber-No-Scratch-Organizer-/407069594537,https://www.amazon.com/dp/B0B99VKV8P/ref=sr_1_11?th=1&psc=1
6a54c4b0d68e4c53dea5e677,407069592841,Over The Door Hooks 10 Pack Metal Z Hooks Sturdy for Clothes Towels Coats,73,False,False,False,Hooks & Hangers,0,20.97,6.99,10.48,50.0,1,0,2026-07-13,https://www.ebay.com/itm/Over-Door-Hooks-10-Pack-Metal-Z-Hooks-Sturdy-Clothes-Towels-Coats-/407069592841,https://www.amazon.com/dp/B08L36CVRJ?psc=1&th=1
6a54c48cd68e4c53dea5e675,407069588427,Velvet Hangers 20 Pack Non-Slip Pants Hangers Slim Space Saving 360 Hook,72,False,False,False,Clothes Hangers,0,64.97,35.58,19.29,29.7,1,0,2026-07-13,https://www.ebay.com/itm/Velvet-Hangers-20-Pack-Non-Slip-Pants-Hangers-Slim-Space-Saving-360-Hook-/407069588427,https://www.amazon.com/dp/B0D66GVSCW/ref=sr_1_11?psc=1
6a54c42115145eced81f4ca9,407069585510,Velvet Hangers 60 Pack Non-Slip Felt Clothes Hangers Space Saving Suit,70,False,False,False,Clothes Hangers,0,48.97,26.98,14.29,29.2,1,0,2026-07-13,https://www.ebay.com/itm/Velvet-Hangers-60-Pack-Non-Slip-Felt-Clothes-Hangers-Space-Saving-Suit-/407069585510,https://www.amazon.com/dp/B07GYLFFVR/ref=sr_1_12?psc=1
6a54bd38d68e4c53dea5e5d8,407069548673,Silicone Ice Cube Tray 8 Pack 14 Cube Stackable with Removable Lid Freezer,74,False,False,False,"Ice Cubes, Trays & Molds",0,33.97,15.99,12.53,36.9,1,0,2026-07-13,https://www.ebay.com/itm/Silicone-Ice-Cube-Tray-8-Pack-14-Cube-Stackable-Removable-Lid-Freezer-/407069548673,https://www.amazon.com/dp/B0BXPSLX52/ref=sr_1_8?psc=1
6a54bcf77b05f69ea0a5e59f,407069544368,Silicone Ice Cube Trays with Lid Set of 3 Easy Release Reusable Stackable,73,False,False,False,"Ice Cubes, Trays & Molds",0,38.97,18.99,13.78,35.4,1,0,2026-07-13,https://www.ebay.com/itm/Silicone-Ice-Cube-Trays-Lid-Set-3-Easy-Release-Reusable-Stackable-/407069544368,https://www.amazon.com/dp/B0H2SV618M/ref=sr_1_18?psc=1
6a54bcd269936c611e6a169b,407069542191,Silicone Ice Cube Trays with Lid Set of 6 Easy Release Reusable Stackable,73,False,False,False,"Ice Cubes, Trays & Molds",0,66.97,36.99,19.58,29.2,1,0,2026-07-13,https://www.ebay.com/itm/Silicone-Ice-Cube-Trays-Lid-Set-6-Easy-Release-Reusable-Stackable-/407069542191,https://www.amazon.com/dp/B0H2ST62WN/ref=sr_1_15?psc=1
6a54bca815145eced81f4c05,407069540728,Ice Cube Tray with Lids 4 Pack Stackable Silicone Freezer Easy Release,70,False,False,False,"Ice Cubes, Trays & Molds",0,22.97,6.99,12.18,53.0,1,0,2026-07-13,https://www.ebay.com/itm/Ice-Cube-Tray-Lids-4-Pack-Stackable-Silicone-Freezer-Easy-Release-/407069540728,https://www.amazon.com/dp/B088CR8NMD/ref=sr_1_18?psc=1
6a54bc8569936c611e6a1698,407069538954,Ice Cube Trays Set of 2 Silicone 15 Cube Molds with Lid Reusable Stackable,74,False,False,False,"Ice Cubes, Trays & Molds",0,32.97,13.49,14.18,43.0,1,0,2026-07-13,https://www.ebay.com/itm/Ice-Cube-Trays-Set-2-Silicone-15-Cube-Molds-Lid-Reusable-Stackable-/407069538954,https://www.amazon.com/dp/B091MFVW9Y?_encoding=UTF8&psc=1
6a54bc6115145eced81f4c01,407069535203,Mesh Laundry Bags Set 7 Pack for Delicates Lingerie Auto-Lock Zipper,68,False,False,False,Laundry Bags,0,22.97,7.99,11.18,48.7,1,0,2026-07-13,https://www.ebay.com/itm/Mesh-Laundry-Bags-Set-7-Pack-Delicates-Lingerie-Auto-Lock-Zipper-/407069535203,https://www.amazon.com/dp/B0CZ3XCBYC/ref=sr_1_13?psc=1
6a54bc3e71560482a386dffc,407069532149,Mesh Laundry Bags for Delicates 3 Pack Wash Bags 3 Sizes Garment Bag,68,False,False,False,Laundry Bags,0,17.97,4.39,10.53,58.6,1,0,2026-07-13,https://www.ebay.com/itm/Mesh-Laundry-Bags-Delicates-3-Pack-Wash-Bags-3-Sizes-Garment-Bag-/407069532149,https://www.amazon.com/dp/B0DDXQC96K/ref=sr_1_4?psc=1
6a54bbf615145eced81f4bf9,407069529908,Mesh Laundry Bags for Delicates 7 Pack Wash Bags for Lingerie Bra Socks,71,False,False,False,Laundry Bags,0,23.97,8.99,11.03,46.0,1,0,2026-07-13,https://www.ebay.com/itm/Mesh-Laundry-Bags-Delicates-7-Pack-Wash-Bags-Lingerie-Bra-Socks-/407069529908,https://www.amazon.com/dp/B075YV41GQ/ref=sr_1_3?psc=1
6a54bbd2e77822bb96e3fc77,407069527842,Adhesive Wall Hooks 13lb 12 Pack No Drill Transparent Waterproof Towel,70,False,False,False,Hooks & Hangers,0,28.97,12.99,11.28,38.9,1,0,2026-07-13,https://www.ebay.com/itm/Adhesive-Wall-Hooks-13lb-12-Pack-No-Drill-Transparent-Waterproof-Towel-/407069527842,https://www.amazon.com/dp/B0B2F55P76/ref=sr_1_17?psc=1
6a54bbadc0034565026a1652,407069526042,Large Adhesive Hooks 10 Pack 37lb Heavy Duty Sticky Wall Hooks Waterproof,73,False,False,False,Hooks & Hangers,0,24.97,9.88,10.99,44.0,1,0,2026-07-13,https://www.ebay.com/itm/Large-Adhesive-Hooks-10-Pack-37lb-Heavy-Duty-Sticky-Wall-Hooks-Waterproof-/407069526042,https://www.amazon.com/dp/B09C4CXJTK/ref=sr_1_9?th=1&psc=1
6a54bb405d50ea38b8e3fc91,407069524279,Adhesive Wall Hooks 50lb 10 Pack Large Clear No Damage Waterproof Towel,71,False,False,False,Hooks & Hangers,0,24.97,8.99,11.88,47.6,1,0,2026-07-13,https://www.ebay.com/itm/Adhesive-Wall-Hooks-50lb-10-Pack-Large-Clear-No-Damage-Waterproof-Towel-/407069524279,https://www.amazon.com/dp/B0BFMKYN12/ref=sr_1_10?th=1&psc=1
6a54bab07b05f69ea0a5e592,407069521726,Silicone Kitchen Utensil Set 33 Piece Cooking Gadgets Spoons Nonstick,69,False,False,False,Cooking Utensils,0,71.97,39.99,20.83,28.9,1,0,2026-07-13,https://www.ebay.com/itm/Silicone-Kitchen-Utensil-Set-33-Piece-Cooking-Gadgets-Spoons-Nonstick-/407069521726,https://www.amazon.com/dp/B089FBYT3W/ref=sr_1_17?psc=1
6a54b84aa60b1e85d8b1f55f,407069487031,Soap Dispenser for Kitchen Sink Built in Sink Soap Dispenser Lotion D,69,False,False,True,Soap Dishes & Dispensers,0,30.97,11.36,14.61,47.2,1,0,2026-07-13,https://www.ebay.com/itm/Soap-Dispenser-Kitchen-Sink-Built-Sink-Soap-Dispenser-Lotion-D-/407069487031,https://www.amazon.com/dp/B092M28LSJ/ref=sr_1_4?th=1&psc=1
6a53e1b651588f7ba30a34da,407068364535,Rechargeable Fabric Shaver Lint Remover Sweater Defuzzer for Clothes Black,74,False,False,False,Lint Removers,0,26.97,11.24,11.33,42.0,1,0,2026-07-12,https://www.ebay.com/itm/Rechargeable-Fabric-Shaver-Lint-Remover-Sweater-Defuzzer-Clothes-Black-/407068364535,https://www.amazon.com/dp/B082VQBLL6/ref=sr_1_20?th=1&psc=1
6a53db8f2f9bc2eac3cc0e12,407068362751,Collapsible Silicone Water Bottle 20oz Foldable Travel with Straw Carabiner,75,False,False,False,"Canteens, Bottles & Flasks",0,39.97,19.99,13.63,34.1,1,0,2026-07-12,https://www.ebay.com/itm/Collapsible-Silicone-Water-Bottle-20oz-Foldable-Travel-Straw-Carabiner-/407068362751,https://www.amazon.com/dp/B0FHWDBVN5?_encoding=UTF8&psc=1
6a53e2672f9bc2eac3cc0e7b,407068359453,Bamboo Drawer Dividers 4 Pack Adjustable Expandable Organizer Kitchen Dresser,77,False,False,False,Closet Organizers,0,46.97,24.21,15.36,32.7,1,0,2026-07-12,https://www.ebay.com/itm/Bamboo-Drawer-Dividers-4-Pack-Adjustable-Expandable-Organizer-Kitchen-Dresser-/407068359453,https://www.amazon.com/dp/B0816RRR95/ref=sr_1_3?th=1&psc=1
6a53da6e2f9bc2eac3cc0df7,407068358555,Hand Grip Strengthener Kit Forearm Wrist Trainer Exercise Ring Stress Ball,74,False,False,False,Hand Grippers,0,60.97,33.99,17.48,28.7,1,0,2026-07-12,https://www.ebay.com/itm/Hand-Grip-Strengthener-Kit-Forearm-Wrist-Trainer-Exercise-Ring-Stress-Ball-/407068358555,https://www.amazon.com/dp/B0D545JNDR/?th=1&psc=1
6a53d9b9d9f42a88ca591e47,407068357625,Stainless Steel Gua Sha and Ice Face Roller Set Facial Massage Tools,68,False,False,False,Massagers,0,38.97,18.99,13.78,35.4,1,0,2026-07-12,https://www.ebay.com/itm/Stainless-Steel-Gua-Sha-and-Ice-Face-Roller-Set-Facial-Massage-Tools-/407068357625,https://www.amazon.com/dp/B0GZ4MZKM1/ref=sr_1_14?th=1&psc=1
6a53dcf04e83a6975c24a978,407068356344,Cooling Towel 4 Pack Microfiber Ice Chilly Towel for Sports Gym Running,71,False,False,False,Gym Towels,0,21.97,7.19,11.13,50.7,1,0,2026-07-12,https://www.ebay.com/itm/Cooling-Towel-4-Pack-Microfiber-Ice-Chilly-Towel-Sports-Gym-Running-/407068356344,https://www.amazon.com/dp/B0CBPFF73Y/ref=sr_1_19?th=1&psc=1
6a53da473c17e1f09659185b,407068354456,Hand Grip Strengthener Set 6 Pack Adjustable Forearm Wrist Finger Trainer,73,False,False,False,Hand Grippers,0,53.97,29.99,15.53,28.8,1,0,2026-07-12,https://www.ebay.com/itm/Hand-Grip-Strengthener-Set-6-Pack-Adjustable-Forearm-Wrist-Finger-Trainer-/407068354456,https://www.amazon.com/dp/B0F6HNS5P7/ref=sr_1_6?th=1&psc=1
6a53e2d24e83a6975c24a9c5,407068352904,Bamboo Drawer Dividers 4 Pack Adjustable Expandable Kitchen Dresser Organizer,77,False,False,False,Closet Organizers,0,38.97,18.99,13.78,35.4,1,0,2026-07-12,https://www.ebay.com/itm/Bamboo-Drawer-Dividers-4-Pack-Adjustable-Expandable-Kitchen-Dresser-Organizer-/407068352904,https://www.amazon.com/dp/B0BLH827VZ/ref=sr_1_6?psc=1
6a53e3ef51588f7ba30a34f4,407068351635,Kitchen Sink Caddy Sponge Holder Organizer Drain Rack Soap Brush Wall Mount,75,False,False,False,Racks & Holders,0,24.97,9.99,10.88,43.6,1,0,2026-07-12,https://www.ebay.com/itm/Kitchen-Sink-Caddy-Sponge-Holder-Organizer-Drain-Rack-Soap-Brush-Wall-Mount-/407068351635,https://www.amazon.com/dp/B09476S9N7/ref=sr_1_13?psc=1
6a53dad66249c3d25f0a31f0,407068350077,Grip Strength Trainer Kit 10 Pack Hand Forearm Finger Exerciser Stress Ball,75,False,False,False,Hand Grippers,0,34.97,16.99,12.38,35.4,1,0,2026-07-12,https://www.ebay.com/itm/Grip-Strength-Trainer-Kit-10-Pack-Hand-Forearm-Finger-Exerciser-Stress-Ball-/407068350077,https://www.amazon.com/dp/B0D21ZNFZF/ref=sr_1_13?th=1&psc=1
6a53dccd2f9bc2eac3cc0e2c,407068348275,Cooling Towels 4 Pack Microfiber Ice Towel for Neck Face Gym Sports Yoga,72,False,False,False,Gym Towels,0,22.97,7.99,11.18,48.7,1,0,2026-07-12,https://www.ebay.com/itm/Cooling-Towels-4-Pack-Microfiber-Ice-Towel-Neck-Face-Gym-Sports-Yoga-/407068348275,https://www.amazon.com/dp/B07QKL1WRL/ref=sr_1_3?psc=1
6a53e3cb4e83a6975c24a9d2,407068343849,Sink Caddy Sponge Holder Kitchen Brush Holder Stainless Steel Drain Tray,72,False,False,False,Racks & Holders,0,26.97,9.99,12.58,46.6,1,0,2026-07-12,https://www.ebay.com/itm/Sink-Caddy-Sponge-Holder-Kitchen-Brush-Holder-Stainless-Steel-Drain-Tray-/407068343849,https://www.amazon.com/dp/B0CQJWVP8B?_encoding=UTF8&psc=1
6a53e16e2f9bc2eac3cc0e73,407068164696,Microfiber Cleaning Cloths 20 Pack Reusable Lint-Free Kitchen Car Rags,70,False,False,False,Cleaning Towels & Cloths,0,24.97,8.99,11.88,47.6,1,0,2026-07-12,https://www.ebay.com/itm/Microfiber-Cleaning-Cloths-20-Pack-Reusable-Lint-Free-Kitchen-Car-Rags-/407068164696,https://www.amazon.com/dp/B0CXHWT63T/?psc=1
6a53e1093c17e1f09659186e,407068160961,Microfiber Cleaning Cloths 24 Pack Lint-Free Streak-Free Glass Window Rags,74,False,False,False,Cleaning Towels & Cloths,0,30.97,14.44,11.53,37.2,1,0,2026-07-12,https://www.ebay.com/itm/Microfiber-Cleaning-Cloths-24-Pack-Lint-Free-Streak-Free-Glass-Window-Rags-/407068160961,https://www.amazon.com/dp/B0BHYNJVQX/?psc=1&th=1
6a53e0df2f9bc2eac3cc0e6b,407068159776,"Microfiber Cleaning Cloth - Pack of 8, Size: 12 X 16 In, Multi-Functional Cleaning Towels, Highly Absorbent Cleaning Rags, Lint-Free, Streak-Free Cleaning Cloths for Car Kitchen Home",182,True,False,False,Cleaning Towels & Cloths,0,17.97,4.99,9.93,55.3,1,0,2026-07-12,https://www.ebay.com/itm/Microfiber-Cleaning-Cloth-Pack-8-Size-12-X-16-In-Multi-Functional-Cleani-/407068159776,https://www.amazon.com/dp/B083DN8KNB/ref=sr_1_16?th=1&psc=1
6a53e009d9f42a88ca591ec5,407068158650,"ALL INCLUDED - 12 Set Packing Cubes for Suitcases Carry On, Travel Essentials/Accessories Luggage Organizer Bags Set, Includes Cubes, Shoes Bag, Matte Cosmetic Bag, Zipper Bags",176,True,False,False,Storage Bags,0,24.97,9.99,10.88,43.6,1,0,2026-07-12,https://www.ebay.com/itm/ALL-INCLUDED-12-Set-Packing-Cubes-Suitcases-Carry-On-Travel-Essentials-Ac-/407068158650,https://www.amazon.com/dp/B0DK1C23B5?_encoding=UTF8&psc=1
6a53dd5d2f9bc2eac3cc0e36,407068157502,Cooling Towels 4 Pack Microfiber Neck Face Gym Towel with Bag Carabiner,71,False,False,False,Gym Towels,0,24.97,8.99,11.88,47.6,1,0,2026-07-12,https://www.ebay.com/itm/Cooling-Towels-4-Pack-Microfiber-Neck-Face-Gym-Towel-Bag-Carabiner-/407068157502,https://www.amazon.com/dp/B0CYGPY2MB/ref=sr_1_18?th=1&psc=1
6a53df7a9efaa836e0ffe4fb,407068154058,8 Set Packing Cubes Luggage Packing Organizers for Travel Accessories-Cream,75,False,False,False,Storage Bags,0,42.97,20.99,15.18,35.3,1,0,2026-07-12,https://www.ebay.com/itm/8-Set-Packing-Cubes-Luggage-Packing-Organizers-Travel-Accessories-Cream-/407068154058,https://www.amazon.com/dp/B08S35399Y?psc=1&th=1
6a53de7d9efaa836e0ffe4ef,407068150883,"Reusable Cotton Mesh Produce Bags - 100% Organic Cotton, Durable, Double Stitched, Washable with Tare Weight & Drawstring - Mesh Bags for Grocery Shopping, Vegetables & Fruits | Set of 6 (2L, 2M, 2S)",199,True,False,False,Food Storage Bags,0,38.97,18.99,13.78,35.4,1,0,2026-07-12,https://www.ebay.com/itm/Reusable-Cotton-Mesh-Produce-Bags-100-Organic-Cotton-Durable-Double-Stitche-/407068150883,https://www.amazon.com/dp/B07CK2TJKL/ref=sr_1_15?th=1&psc=1
6a53de594e83a6975c24a991,407068149472,Reusable Produce Bags 9 Pack Washable Mesh Grocery Bags with Drawstring,71,False,False,False,Food Storage Bags,0,30.97,14.49,11.48,37.1,1,0,2026-07-12,https://www.ebay.com/itm/Reusable-Produce-Bags-9-Pack-Washable-Mesh-Grocery-Bags-Drawstring-/407068149472,https://www.amazon.com/dp/B00XSHEJ90/ref=sr_1_18?th=1&psc=1
6a53de35d9f42a88ca591ea1,407068147716,Reusable Mesh Produce Bags 9 Pack Washable See-Through Grocery Shopping Bags,76,False,False,False,Food Storage Bags,0,32.97,14.99,12.68,38.5,1,0,2026-07-12,https://www.ebay.com/itm/Reusable-Mesh-Produce-Bags-9-Pack-Washable-See-Through-Grocery-Shopping-Bags-/407068147716,https://www.amazon.com/dp/B005E2QRPG/ref=sr_1_17?psc=1
6a53de1151588f7ba30a34a7,407068147266,Collapsible Fabric Cube Storage Bins 6 Pack Foldable Baskets for Shelves,72,False,False,False,Storage Bins & Baskets,0,46.97,24.99,14.58,31.0,0,0,2026-07-12,https://www.ebay.com/itm/Collapsible-Fabric-Cube-Storage-Bins-6-Pack-Foldable-Baskets-Shelves-/407068147266,https://www.amazon.com/dp/B07GVNNN5N/ref=sr_1_7?th=1&psc=1
6a53dded3c17e1f096591867,407068145630,Foldable Cube Storage Bins 6 Pack Collapsible Fabric Closet Shelf Organizer,75,False,False,False,Storage Bins & Baskets,0,39.97,19.99,13.63,34.1,1,0,2026-07-12,https://www.ebay.com/itm/Foldable-Cube-Storage-Bins-6-Pack-Collapsible-Fabric-Closet-Shelf-Organizer-/407068145630,https://www.amazon.com/dp/B01C7P9JUM/?_encoding=UTF8?th=1&psc=1
6a53ddcf51588f7ba30a34a5,407068143013,Foldable Fabric Storage Bins 4 Pack Collapsible Cubes Organizer Container,73,False,False,False,Storage Bins & Baskets,0,52.97,28.99,15.68,29.6,1,0,2026-07-12,https://www.ebay.com/itm/Foldable-Fabric-Storage-Bins-4-Pack-Collapsible-Cubes-Organizer-Container-/407068143013,https://www.amazon.com/dp/B07WPSK4WJ/ref=sr_1_15?th=1&psc=1
6a53dda5d9f42a88ca591e98,407068143007,Foldable Fabric Storage Bins 6 Pack Stackable Organizer Cubes with Handle,73,False,False,False,Storage Bins & Baskets,0,40.97,19.87,14.6,35.6,1,0,2026-07-12,https://www.ebay.com/itm/Foldable-Fabric-Storage-Bins-6-Pack-Stackable-Organizer-Cubes-Handle-/407068143007,https://www.amazon.com/dp/B01IR9VAOA?_encoding=UTF8?th=1&psc=1
6a53dd802f9bc2eac3cc0e3b,407068141044,Fabric Storage Cubes 6 Pack Foldable Storage Bins Organizer Baskets Handle,74,False,False,False,Storage Bins & Baskets,0,76.97,38.99,26.08,33.9,1,0,2026-07-12,https://www.ebay.com/itm/Fabric-Storage-Cubes-6-Pack-Foldable-Storage-Bins-Organizer-Baskets-Handle-/407068141044,https://www.amazon.com/dp/B0CXF6WDKM/ref=sr_1_9?psc=1
6a53dd382f9bc2eac3cc0e32,407068134621,Cooling Towels 2 Pack Microfiber Ice Neck Towel for Gym Golf Running Hot,72,False,False,False,Gym Towels,0,30.97,12.99,12.98,41.9,1,0,2026-07-12,https://www.ebay.com/itm/Cooling-Towels-2-Pack-Microfiber-Ice-Neck-Towel-Gym-Golf-Running-Hot-/407068134621,https://www.amazon.com/dp/B07VZ5FVB1/ref=sr_1_17?psc=1
6a53dd149efaa836e0ffe4d8,407068133014,Cooling Towels 4 Pack Microfiber Ice Neck Towel for Gym Yoga Running Camp,73,False,False,False,Gym Towels,0,34.97,14.99,14.38,41.1,1,0,2026-07-12,https://www.ebay.com/itm/Cooling-Towels-4-Pack-Microfiber-Ice-Neck-Towel-Gym-Yoga-Running-Camp-/407068133014,https://www.amazon.com/dp/B073F1TBMR/ref=sr_1_18?th=1&psc=1
6a53d94e9efaa836e0ffe485,407068118042,Tea Infuser Travel Mug Stainless Steel Insulated Tumbler Removable Strainer,75,False,False,False,Tea Infusers,0,42.97,22.99,13.18,30.7,1,0,2026-07-12,https://www.ebay.com/itm/Tea-Infuser-Travel-Mug-Stainless-Steel-Insulated-Tumbler-Removable-Strainer-/407068118042,https://www.amazon.com/dp/B08NWXKXB6/ref=sr_1_4?th=1&psc=1
6a53d8dc9efaa836e0ffe47f,407068113125,Mesh Shower Caddy Portable Dorm 8-Pocket Large Quick-Dry Bathroom Tote Bag,74,False,False,False,Bathtub Caddies & Trays,0,19.97,6.59,10.03,50.2,1,0,2026-07-12,https://www.ebay.com/itm/Mesh-Shower-Caddy-Portable-Dorm-8-Pocket-Large-Quick-Dry-Bathroom-Tote-Bag-/407068113125,https://www.amazon.com/dp/B07FY8QFQ1/ref=sr_1_9?th=1&psc=1
6a53d8b8d9f42a88ca591e2e,407068107295,Mesh Shower Caddy Bag Portable Dorm Gym Travel Quick-Dry Hanging Organizer,74,False,False,False,Bathtub Caddies & Trays,0,24.97,9.99,10.88,43.6,1,0,2026-07-12,https://www.ebay.com/itm/Mesh-Shower-Caddy-Bag-Portable-Dorm-Gym-Travel-Quick-Dry-Hanging-Organizer-/407068107295,https://www.amazon.com/dp/B0BQPSRLH5?_encoding=UTF8&psc=1
6a53d8942f9bc2eac3cc0dd0,407068104289,Portable Mesh Shower Caddy Dorm College Bathroom Tote Organizer Bag Black,73,False,False,False,Portable Showers,0,26.97,9.99,12.58,46.6,1,0,2026-07-12,https://www.ebay.com/itm/Portable-Mesh-Shower-Caddy-Dorm-College-Bathroom-Tote-Organizer-Bag-Black-/407068104289,https://www.amazon.com/dp/B0DY14SNFD/ref=sr_1_11?psc=1
6a53d87001d82e2759ffe1fd,407068102586,Mesh Shower Caddy Portable Dorm 9-Pocket Hanging Bathroom Organizer Tote Bag,76,False,False,False,Bathtub Caddies & Trays,0,22.97,8.54,10.63,46.3,1,0,2026-07-12,https://www.ebay.com/itm/Mesh-Shower-Caddy-Portable-Dorm-9-Pocket-Hanging-Bathroom-Organizer-Tote-Bag-/407068102586,https://www.amazon.com/dp/B09SZ9T4MV/ref=sr_1_16?psc=1
6a53d6482f9bc2eac3cc0daa,407068039260,Ice Globes for Face 2 Pack Facial Cooling Roller Skincare Massager Steel,72,False,False,False,Massagers,0,39.97,19.99,13.63,34.1,1,0,2026-07-12,https://www.ebay.com/itm/Ice-Globes-Face-2-Pack-Facial-Cooling-Roller-Skincare-Massager-Steel-/407068039260,https://www.amazon.com/dp/B08C7GSXDM/ref=sr_1_17?psc=1
6a53d60651588f7ba30a3408,407068037044,Tea Infuser Tumbler 18oz Insulated Stainless Steel Travel Bottle Strainer,73,False,False,False,Tea Infusers,0,42.97,22.99,13.18,30.7,1,0,2026-07-12,https://www.ebay.com/itm/Tea-Infuser-Tumbler-18oz-Insulated-Stainless-Steel-Travel-Bottle-Strainer-/407068037044,https://www.amazon.com/dp/B08DG2NP14/?th=1&psc=1
6a504e36b32eef4ec9380a16,407063179858,SHOW Mixed Styles Pet Cat Puppy Topknot Small Dog Hair Bows with R,66,False,False,True,"Brushes, Combs & Rakes",0,24.97,9.99,10.88,43.6,0,0,2026-07-10,https://www.ebay.com/itm/SHOW-Mixed-Styles-Pet-Cat-Puppy-Topknot-Small-Dog-Hair-Bows-R-/407063179858,https://www.amazon.com/dp/B096RLMZTL?psc=1&th=1
6a504e14716cf69f47c9bb9e,407063172615,Goldenwarm 10 Pack 3-3/4in Cabinet Pulls Brass Kitchen Furniture Hardw,70,False,False,False,Cabinet Pulls,0,49.97,27.49,14.63,29.3,1,0,2026-07-10,https://www.ebay.com/itm/Goldenwarm-10-Pack-3-3-4in-Cabinet-Pulls-Brass-Kitchen-Furniture-Hardw-/407063172615,https://www.amazon.com/dp/B079FPGS99/ref=sr_1_16?th=1&psc=1
6a504d85ba5c9d232e2c6a03,407063163477,"Trivets for Hot Dishes, 4 Pack Silicone Hot Pads for Kitchen, Non-Slip",70,False,False,False,Oven Mitts & Potholders,0,24.97,9.88,10.99,44.0,1,0,2026-07-10,https://www.ebay.com/itm/Trivets-Hot-Dishes-4-Pack-Silicone-Hot-Pads-Kitchen-Non-Slip-/407063163477,https://www.amazon.com/dp/B07X8FZGDY/ref=sr_1_20?th=1&psc=1
6a504d601f7315f175380b5f,407063154898,CABIN Aunt Gifts from Niece Nephew - Ring Dish Gifts for Aunt,61,False,False,False,Mugs,0,24.97,9.99,10.88,43.6,1,0,2026-07-10,https://www.ebay.com/itm/CABIN-Aunt-Gifts-Niece-Nephew-Ring-Dish-Gifts-Aunt-/407063154898,https://www.amazon.com/dp/B09BR3JMRH/ref=sr_1_4?psc=1
6a504d19ba5c9d232e2c6a00,407063147551,03968A Socket Holder and Socket Organizer Tray for Toolboxes wit,64,False,False,False,Other Tool Storage,0,32.97,14.89,12.78,38.8,1,0,2026-07-10,https://www.ebay.com/itm/03968A-Socket-Holder-and-Socket-Organizer-Tray-Toolboxes-wit-/407063147551,https://www.amazon.com/dp/B07D1DS2QH/ref=sr_1_3?th=1&psc=1
6a504cdcb32eef4ec9380a13,407063142468,Lavender Scented Candles for Women - 20oz 3 Wick Soy Candles fo,63,False,False,True,Candles,0,53.97,28.79,16.73,31.0,1,0,2026-07-10,https://www.ebay.com/itm/Lavender-Scented-Candles-Women-20oz-3-Wick-Soy-Candles-fo-/407063142468,https://www.amazon.com/dp/B0F9P3SKVQ/ref=sr_1_11?th=1&psc=1
6a504ca63a9beb3b36494437,407063140483,Frienda 2 Set Eyeglass Case Kit Hard Shell Fabric Dusty Colors Eyeglas,70,False,False,False,Eyeglass Cases & Storage,0,22.97,8.49,10.68,46.5,1,0,2026-07-10,https://www.ebay.com/itm/Frienda-2-Set-Eyeglass-Case-Kit-Hard-Shell-Fabric-Dusty-Colors-Eyeglas-/407063140483,https://www.amazon.com/dp/B095JKP4K3?psc=1&th=1
6a504cae705b6dda10c41e47,407063134763,"Super Soft Shaggy Rugs Fluffy Carpets 9x12 Feet, Indoor Modern",62,False,False,False,Area Rugs,0,160.97,89.99,46.48,28.9,1,0,2026-07-10,https://www.ebay.com/itm/Super-Soft-Shaggy-Rugs-Fluffy-Carpets-9x12-Feet-Indoor-Modern-/407063134763,https://www.amazon.com/dp/B0CY2W29H8/ref=sr_1_5?psc=1
6a504c5e716cf69f47c9bb96,407063126512,Kayak Deck Rigging Kit 8 Feet Bungee Cord with Bungee Cord Ends H,65,False,False,True,Accessories,0,27.97,11.99,11.43,40.9,1,0,2026-07-10,https://www.ebay.com/itm/Kayak-Deck-Rigging-Kit-8-Feet-Bungee-Cord-Bungee-Cord-Ends-H-/407063126512,https://www.amazon.com/dp/B08F4T57W8/ref=sr_1_15?psc=1
6a504c17ba5c9d232e2c69fa,407063118271,"gonicc Professional Pet Nail Clippers and Trimmer - Best for Cats, Sma",70,False,False,False,Scissors & Fur Clippers,0,28.97,11.69,12.58,43.4,1,0,2026-07-10,https://www.ebay.com/itm/gonicc-Professional-Pet-Nail-Clippers-and-Trimmer-Best-Cats-Sma-/407063118271,https://www.amazon.com/dp/B07Q34D62F/ref=sr_1_15?th=1&psc=1
6a504b2d1f7315f175380b4b,407063111058,Bamboo Pajamas Set for Women Long Sleeve Sleepwear with Pants Soft,66,False,False,False,Sleepwear & Robes,0,89.97,49.99,26.13,29.0,1,0,2026-07-10,https://www.ebay.com/itm/Bamboo-Pajamas-Set-Women-Long-Sleeve-Sleepwear-Pants-Soft-/407063111058,https://www.amazon.com/dp/B078Q56PYX/?th=1&psc=1
6a504b3cb32eef4ec9380a0e,407062185650,"Full Length Mirror with Stand, 76""x34"" Arched Full Body Mirror, Large",69,False,False,False,Mirrors,0,267.97,149.99,77.43,28.9,1,0,2026-07-10,https://www.ebay.com/itm/Full-Length-Mirror-Stand-76-x34-Arched-Full-Body-Mirror-Large-/407062185650,https://www.amazon.com/dp/B0DM4SMKL9/ref=sr_1_6?psc=1
6a504aa92fb1ada2f94946e2,407062183453,"Garden Tool Set, 12 Piece Aluminum Hand Tool Kit, Garden Canvas",63,False,False,False,Garden Tool Sets,0,39.97,20.06,13.56,33.9,1,0,2026-07-10,https://www.ebay.com/itm/Garden-Tool-Set-12-Piece-Aluminum-Hand-Tool-Kit-Garden-Canvas-/407062183453,https://www.amazon.com/dp/B06XHLQR6D/ref=sr_1_6?psc=1
6a504a3a9b452e679ac41cab,407062181206,Numi Organic Jasmine Green Tea 16 Ounce Pouch Brews 200 Cups,60,False,False,False,Tea & Infusions,0,89.97,50.0,26.12,29.0,1,0,2026-07-10,https://www.ebay.com/itm/Numi-Organic-Jasmine-Green-Tea-16-Ounce-Pouch-Brews-200-Cups-/407062181206,https://www.amazon.com/dp/B00EVK0HFS/ref=sr_1_3?psc=1
6a5049f5716cf69f47c9bb81,407062179248,Youtang Music Box Hand Crank Musical Box Antique Engraved Carved Craft,70,False,False,False,Music Boxes,0,29.97,12.99,12.13,40.5,1,0,2026-07-10,https://www.ebay.com/itm/Youtang-Music-Box-Hand-Crank-Musical-Box-Antique-Engraved-Carved-Craft-/407062179248,https://www.amazon.com/dp/B07FCQYYL1?th=1&psc=1
6a5049b02fb1ada2f94946d7,407062177829,Kids Backpack for School Girls Backpack Lunch Box Set Unicorn P,63,False,False,True,Backpacks & Bags,0,57.97,29.99,18.93,32.7,1,0,2026-07-10,https://www.ebay.com/itm/Kids-Backpack-School-Girls-Backpack-Lunch-Box-Set-Unicorn-P-/407062177829,https://www.amazon.com/dp/B095NR81QX/ref=sr_1_9?th=1&psc=1
6a50496987c679b2f82c69de,407062175146,"Wolfgang Heavy Duty, Adjustable Dog Collar with Quick Release Nylon Bu",70,False,False,True,Collars,0,39.97,19.99,13.63,34.1,1,0,2026-07-10,https://www.ebay.com/itm/Wolfgang-Heavy-Duty-Adjustable-Dog-Collar-Quick-Release-Nylon-Bu-/407062175146,https://www.amazon.com/dp/B07XL4V2GN/ref=sr_1_14?psc=1
6a504921ba5c9d232e2c69de,407062170935,"Silicone Waterproof Under Sink Mat 34"" x 22"", Drip Tray and Cabin",65,False,False,False,Racks & Holders,0,28.97,12.59,11.68,40.3,1,0,2026-07-10,https://www.ebay.com/itm/Silicone-Waterproof-Under-Sink-Mat-34-x-22-Drip-Tray-and-Cabin-/407062170935,https://www.amazon.com/dp/B0CNRBS4Z3/ref=sr_1_5?th=1&psc=1
6a5048d5b32eef4ec93809ff,407062168652,"Mora Ceramics Tea Cup with Loose Leaf Infuser, Spoon and Lid, 12 oz, M",70,False,False,True,Tea Infusers,0,39.97,19.99,13.63,34.1,1,0,2026-07-10,https://www.ebay.com/itm/Mora-Ceramics-Tea-Cup-Loose-Leaf-Infuser-Spoon-and-Lid-12-oz-M-/407062168652,https://www.amazon.com/dp/B08F5BZ4ML/?_encoding=UTF8?th=1&psc=1
6a50488c1f7315f175380b41,407062166934,"Mothers Day Sunflower Gifts for Women,Sun Flowers Home Decor,P",62,False,False,False,Floral Décor,0,53.97,29.99,15.53,28.8,1,0,2026-07-10,https://www.ebay.com/itm/Mothers-Day-Sunflower-Gifts-Women-Sun-Flowers-Home-Decor-P-/407062166934,https://www.amazon.com/dp/B092HPF7DK/ref=sr_1_7?th=1&psc=1
6a5048451f7315f175380b3f,407062165158,DisplayGifts Baseball Display Case Baseball Holders for Balls Display,69,False,False,False,Display Cases,0,107.97,59.95,31.47,29.1,1,0,2026-07-10,https://www.ebay.com/itm/DisplayGifts-Baseball-Display-Case-Baseball-Holders-Balls-Display-/407062165158,https://www.amazon.com/dp/B005XCZA0U/ref=sr_1_12?th=1&psc=1
6a5048219c8b0d6b09c56878,407062163673,Pure Zen Tea Thermos with Infuser for Hot and Cold Infusions - Stainle,70,False,False,False,Vacuum Flasks & Mugs,0,53.97,29.95,15.57,28.8,1,0,2026-07-10,https://www.ebay.com/itm/Pure-Zen-Tea-Thermos-Infuser-Hot-and-Cold-Infusions-Stainle-/407062163673,https://www.amazon.com/dp/B07TC6P1D6/ref=sr_1_10?th=1&psc=1
6a5047bc3a9beb3b3649442a,407062161988,Bivitre 1/64 Diorama Display Case with LED Lights - Compatible with Ho,70,False,False,True,Display Cases & Stands,0,38.97,18.99,13.78,35.4,1,0,2026-07-10,https://www.ebay.com/itm/Bivitre-1-64-Diorama-Display-Case-LED-Lights-Compatible-Ho-/407062161988,https://www.amazon.com/dp/B0CPLP1DCP/ref=sr_1_19?th=1&psc=1
6a5046d7705b6dda10c41e1b,407062160733,"Ubbi Starfish Stretch and Suction Bath Toys, Baby Bath Accessory, Wate",70,False,False,False,Bathing Accessories,0,24.97,9.99,10.88,43.6,1,0,2026-07-10,https://www.ebay.com/itm/Ubbi-Starfish-Stretch-and-Suction-Bath-Toys-Baby-Bath-Accessory-Wate-/407062160733,https://www.amazon.com/dp/B07KYH67DL?psc=1
6a50468e9c8b0d6b09c56865,407062159442,Hurley Men's Web Belts,22,False,False,False,Belts,0,44.97,24.0,13.87,30.8,1,0,2026-07-10,https://www.ebay.com/itm/Hurley-Mens-Web-Belts-/407062159442,https://www.amazon.com/dp/B0BB7R3G5L?psc=1&th=1
6a4ed68499c53f7893d7429e,407059596412,Shower Steamers Aromatherapy - sanyi Birthday Gifts for Teen Girls Tre,70,False,False,False,Bath Bombs & Fizzies,0,27.97,9.99,13.43,48.0,1,0,2026-07-08,https://www.ebay.com/itm/Shower-Steamers-Aromatherapy-sanyi-Birthday-Gifts-Teen-Girls-Tre-/407059596412,https://www.amazon.com/dp/B0995RMBWQ/?psc=1&th=1
6a4ed63c34e280195b625e1b,407059594074,"Tea Forte Single Steeps Loose Leaf Tea Sampler Tea Chest, Assorted Var",70,False,False,False,Tea & Infusions,0,63.97,35.0,19.02,29.7,1,0,2026-07-08,https://www.ebay.com/itm/Tea-Forte-Single-Steeps-Loose-Leaf-Tea-Sampler-Tea-Chest-Assorted-Var-/407059594074,https://www.amazon.com/dp/B01F23O5FA?th=1&psc=1
6a4ed61f99c53f7893d7429d,407059591189,8 Inch Ceramic Ramen Bowl Set of 2 Pho Bowls 40oz Japanese No,61,False,False,True,Bowls,0,60.97,26.99,24.48,40.2,0,0,2026-07-08,https://www.ebay.com/itm/8-Inch-Ceramic-Ramen-Bowl-Set-2-Pho-Bowls-40oz-Japanese-No-/407059591189,https://www.amazon.com/dp/B0FB2V1GXR/?psc=1&th=1
6a4ed5412e7a61442747fc3f,407059585291,"Lezero 13oz Tea Infuser Cups Kits, Glass Mugs with Filter Basket and L",70,False,False,True,Tea Infusers,0,24.97,9.99,10.88,43.6,1,0,2026-07-08,https://www.ebay.com/itm/Lezero-13oz-Tea-Infuser-Cups-Kits-Glass-Mugs-Filter-Basket-and-L-/407059585291,https://www.amazon.com/dp/B07SGMVKZ7/ref=sr_1_6?th=1&psc=1
6a4ed4b102a3c21b7cd742d3,407059583061,"Tension Curtain Rod for Window, 83-123 Inches, Heavy Duty Curt",62,False,False,False,Curtain Rods & Hardware,0,76.97,42.99,22.08,28.7,1,0,2026-07-08,https://www.ebay.com/itm/Tension-Curtain-Rod-Window-83-123-Inches-Heavy-Duty-Curt-/407059583061,https://www.amazon.com/dp/B07Q3QDHSV/ref=sr_1_14?th=1&psc=1
6a4ed469a3b13c894ef8b7d2,407059578157,Airmoon Mini Ceramics Handmade Couple Toothbrush Holder Stand for Bath,70,False,False,False,Tumblers & Toothbrush Holders,0,24.97,9.99,10.88,43.6,1,0,2026-07-08,https://www.ebay.com/itm/Airmoon-Mini-Ceramics-Handmade-Couple-Toothbrush-Holder-Stand-Bath-/407059578157,https://www.amazon.com/dp/B077HR8QXN/ref=sr_1_8?psc=1
6a4ed44c13bc56b18647fd8b,407059574270,Roxy Women's Minnow Slip on Sneaker Shoe,40,False,False,False,Baits & Lures,0,71.97,40.0,20.82,28.9,1,0,2026-07-08,https://www.ebay.com/itm/Roxy-Womens-Minnow-Slip-Sneaker-Shoe-/407059574270,https://www.amazon.com/dp/B081V1C7V1/ref=sr_1_14?th=1&psc=1
6a4ed42134e280195b625e05,407059570578,304 Stainless Steel Kitchen Sink Twist Lock Basket Drain Assembly W/Br,70,False,False,False,"Colanders, Strainers & Sifters",0,51.97,28.77,15.05,29.0,1,0,2026-07-08,https://www.ebay.com/itm/304-Stainless-Steel-Kitchen-Sink-Twist-Lock-Basket-Drain-Assembly-W-Br-/407059570578,https://www.amazon.com/dp/B08GQ94L93/ref=sr_1_8?th=1&psc=1
6a4ed3fea3b13c894ef8b7cb,407059567849,Breakfast Tea Gift Set - 9 Loose Leaf Black Teas (90+ Cups) | E,63,False,False,True,Tea & Infusions,0,53.97,29.99,15.53,28.8,1,0,2026-07-08,https://www.ebay.com/itm/Breakfast-Tea-Gift-Set-9-Loose-Leaf-Black-Teas-90-Cups-E-/407059567849,https://www.amazon.com/dp/B07ZB61GXF/ref=sr_1_4?psc=1
6a4ed3b6691ddee54420851a,407059566522,"Coward Sunglass Organizer, Beige Velvet Glasses Trays - Eyeglasses Wat",70,False,False,False,Eyeglass Cases & Storage,0,35.97,16.99,13.23,36.8,1,0,2026-07-08,https://www.ebay.com/itm/Coward-Sunglass-Organizer-Beige-Velvet-Glasses-Trays-Eyeglasses-Wat-/407059566522,https://www.amazon.com/dp/B0C1VJ34KJ/ref=sr_1_18?psc=1
6a4ed39302a3c21b7cd742c4,407059565126,"Spring Chef Professional Large Parmesan Cheese Grater, Stainless Steel",70,False,False,False,Graters & Zesters,0,27.97,11.99,11.43,40.9,1,0,2026-07-08,https://www.ebay.com/itm/Spring-Chef-Professional-Large-Parmesan-Cheese-Grater-Stainless-Steel-/407059565126,https://www.amazon.com/dp/B011B8M2GO/ref=sr_1_13?psc=1
6a4ed37102a3c21b7cd742c0,407059562140,"Mile High Life Leather Dog Leash, Heavy Duty Strong Genuine Leather Ha",70,False,False,True,Leashes & Head Collars,0,40.97,20.99,13.48,32.9,1,0,2026-07-08,https://www.ebay.com/itm/Mile-High-Life-Leather-Dog-Leash-Heavy-Duty-Strong-Genuine-Leather-Ha-/407059562140,https://www.amazon.com/dp/B0FX9C56SP?_encoding=UTF8&psc=1
6a4ed34b13bc56b18647fd7c,407059560138,"2 Pack 12 Inch Lazy Susan Turntable Organizer, Non Skid Large Lazy Sus",70,False,False,False,Racks & Holders,0,42.97,19.99,16.18,37.7,1,0,2026-07-08,https://www.ebay.com/itm/2-Pack-12-Inch-Lazy-Susan-Turntable-Organizer-Non-Skid-Large-Lazy-Sus-/407059560138,https://www.amazon.com/dp/B074WF598Z/ref=sr_1_4?th=1&psc=1
6a4ed303691ddee544208511,407059558333,Velvet Glass Ring Jewelery Display Storage Box Tray Case Holder Earrin,70,False,False,False,"Jewelry Boxes, Organizers & Packaging",0,24.97,9.99,10.88,43.6,1,0,2026-07-08,https://www.ebay.com/itm/Velvet-Glass-Ring-Jewelery-Display-Storage-Box-Tray-Case-Holder-Earrin-/407059558333,https://www.amazon.com/dp/B06XKX9MG1/ref=sr_1_5?th=1&psc=1
6a4ed2c2691ddee54420850d,407059556135,Hipiwe Vintage Glass Jewelry Box - Golden Hexagonal Jewelry Display Or,70,False,False,True,"Jewelry Boxes, Organizers & Packaging",0,33.97,15.99,12.53,36.9,1,0,2026-07-08,https://www.ebay.com/itm/Hipiwe-Vintage-Glass-Jewelry-Box-Golden-Hexagonal-Jewelry-Display-/407059556135,https://www.amazon.com/dp/B07STTDN83/?psc=1&th=1
6a4ed207a3b13c894ef8b7b3,407059554510,Litorange Grolsch Gaskets Silicone Seals - For Swing Top Bottles-40 Pa,70,False,False,True,Equipment,0,23.97,8.99,11.03,46.0,1,0,2026-07-08,https://www.ebay.com/itm/Litorange-Grolsch-Gaskets-Silicone-Seals-Swing-Top-Bottles-40-Pa-/407059554510,https://www.amazon.com/dp/B07T4FFB2N?th=1&psc=1
6a4ed0b628b34ffe8c625d22,407059552262,Lifewit 6 Tier Over the Door Shoe Organizer with 11 Large Deep Pockets,70,False,False,False,Shoe Organizers,0,24.97,9.99,10.88,43.6,1,0,2026-07-08,https://www.ebay.com/itm/Lifewit-6-Tier-Over-Door-Shoe-Organizer-11-Large-Deep-Pockets-/407059552262,https://www.amazon.com/dp/B0D3LSTZHV/ref=sr_1_6?psc=1
6a4ed06e2e7a61442747fc2e,407059547994,Casfuy Dog Nail Grinder with LED Light - Upgraded 2-Speed Electric Pet,70,False,False,False,Claw Care,0,39.97,19.99,13.63,34.1,1,0,2026-07-08,https://www.ebay.com/itm/Casfuy-Dog-Nail-Grinder-LED-Light-Upgraded-2-Speed-Electric-Pet-/407059547994,https://www.amazon.com/dp/B08GWWH1RX/ref=sr_1_6?psc=1
6a4ed04313bc56b18647fd57,407059543359,"Self Cleaning Slicker Brush for Dog and Cat Deshedding, Green | Sheddi",70,False,False,False,"Brushes, Combs & Rakes",0,28.97,12.99,11.28,38.9,1,0,2026-07-08,https://www.ebay.com/itm/Self-Cleaning-Slicker-Brush-Dog-and-Cat-Deshedding-Green-Sheddi-/407059543359,https://www.amazon.com/dp/B08YDFXN52/ref=sr_1_12?th=1&psc=1
6a4ec6da6406fffb752083de,407059538892,Diamond Plus Dartboard - PDC Tournament Dart Board with High-De,63,False,False,False,Dart Boards,0,92.97,51.95,26.72,28.7,1,0,2026-07-08,https://www.ebay.com/itm/Diamond-Plus-Dartboard-PDC-Tournament-Dart-Board-High-De-/407059538892,https://www.amazon.com/dp/B0018D69TE/ref=sr_1_8?psc=1
6a4ec6f07b723ab7d5b6edcb,407059533420,Mkono Moon Phase Wall Hanging Boho Aesthetic Room Decor Metal Moons Ga,70,False,False,True,Tapestries,0,28.97,12.99,11.28,38.9,1,0,2026-07-08,https://www.ebay.com/itm/Mkono-Moon-Phase-Wall-Hanging-Boho-Aesthetic-Room-Decor-Metal-Moons-Ga-/407059533420,https://www.amazon.com/dp/B07RW8PQG1/ref=sr_1_5?psc=1
6a4ec63483bf7610d0e9b52c,407059530328,"300 LED Halloween Lights, 98.5FT Halloween String Lights with 8 Lighti",70,False,False,False,"String Lights, Fairy Lights",0,35.97,17.99,12.23,34.0,1,0,2026-07-08,https://www.ebay.com/itm/300-LED-Halloween-Lights-98-5FT-Halloween-String-Lights-8-Lighti-/407059530328,https://www.amazon.com/dp/B088FQW939/ref=sr_1_13?psc=1
6a4ec5869633208b2a47fb87,407059528385,"Connectable 200 LED String Lights Indoor Outdoor with Timer, 66FT 13 M",70,False,False,True,"String Lights, Fairy Lights",0,32.97,15.29,12.38,37.5,1,0,2026-07-08,https://www.ebay.com/itm/Connectable-200-LED-String-Lights-Indoor-Outdoor-Timer-66FT-13-M-/407059528385,https://www.amazon.com/dp/B07XC4PDQZ/?psc=1
6a4bec32ac0d82000380ec0a,407053289005,"Manicure Set 8 in 1,Professional Pedicure kit,Stainless Steel Manicure",70,False,False,False,Manicure & Pedicure Tools & Kits,0,71.97,39.99,20.83,28.9,1,0,2026-07-06,https://www.ebay.com/itm/Manicure-Set-8-1-Professional-Pedicure-kit-Stainless-Steel-Manicure-/407053289005,https://www.amazon.com/dp/B0BBM274NC/ref=sr_1_7?th=1&psc=1
6a4beba2f664af7c8de55879,407053283548,"Gardzen 6-Pack 30 Gallon Grow Bags, Aeration Fabric Pots with Handles,",70,False,False,True,"Baskets, Pots, Window Boxes & Saucers",0,49.97,27.99,14.13,28.3,1,0,2026-07-06,https://www.ebay.com/itm/Gardzen-6-Pack-30-Gallon-Grow-Bags-Aeration-Fabric-Pots-Handles-/407053283548,https://www.amazon.com/dp/B07P2FWKPV/ref=sr_1_16?psc=1
6a4beb83047d6e6c513e3cd8,407053279394,Cozyful Chunky Yarn for Hand Knitting - #10 Chunky Chenille Blanket Ya,70,False,False,True,Yarn,0,64.97,35.99,18.88,29.1,1,0,2026-07-06,https://www.ebay.com/itm/Cozyful-Chunky-Yarn-Hand-Knitting-10-Chunky-Chenille-Blanket-Ya-/407053279394,https://www.amazon.com/dp/B0FBKMPSFD/ref=sr_1_9?th=1&psc=1
6a4beb59047d6e6c513e3cd4,407053273776,"typecase Tactical Wallet for Men Card Holder: Pop Up Card Case, Genuin",70,False,False,False,Wallets,0,71.97,35.98,24.84,34.5,1,0,2026-07-06,https://www.ebay.com/itm/typecase-Tactical-Wallet-Men-Card-Holder-Pop-Up-Card-Case-Genuin-/407053273776,https://www.amazon.com/dp/B0D2GRYLL8?psc=1&th=1
6a4beb12e20cda55f43e3c9d,407053268192,Pobibaby 2 Pack Pack N Play Sheets for Boys - Premium Cotton Blend Fit,70,False,False,False,Sheets & Sets,0,46.97,24.99,14.58,31.0,1,0,2026-07-06,https://www.ebay.com/itm/Pobibaby-2-Pack-Pack-N-Play-Sheets-Boys-Premium-Cotton-Blend-Fit-/407053268192,https://www.amazon.com/dp/B08JWQTST3/ref=sr_1_19?th=1&psc=1
6a4beaa6e09c124f443b9c5f,407053262624,- Wallets for Men Slim Mens leather RFID Blocking Minima,56,False,False,False,Wallets,0,49.97,27.95,14.17,28.4,1,0,2026-07-06,https://www.ebay.com/itm/Wallets-Men-Slim-Mens-leather-RFID-Blocking-Minima-/407053262624,https://www.amazon.com/dp/B07FBRJ8TJ/ref=sr_1_11?th=1&psc=1
6a4bea61e36d52c84c9222ba,407053256499,"51 inch Smile Giant Teddy Bear, Large Stuffed Bears with Big",60,False,False,False,Bears,0,80.97,44.79,23.68,29.2,1,0,2026-07-06,https://www.ebay.com/itm/51-inch-Smile-Giant-Teddy-Bear-Large-Stuffed-Bears-Big-/407053256499,https://www.amazon.com/dp/B01LYM1WT4/ref=sr_1_3?psc=1
6a4bea177f4a050861a7de46,407053250040,Slim Wallet for Men Genuine Leather RFID Blocking Bifold Minima,63,False,False,False,Wallets,0,23.97,9.99,10.03,41.8,1,0,2026-07-06,https://www.ebay.com/itm/Slim-Wallet-Men-Genuine-Leather-RFID-Blocking-Bifold-Minima-/407053250040,https://www.amazon.com/dp/B097D22KBH/ref=sr_1_19?th=1&psc=1
6a4bde6c3f5e5a03e5e56ca9,407053210791,"C M The Dog is Home Stemless Wine Glass, Style D1 | 17 oz, Funny, For",69,False,False,True,Mugs,0,32.97,15.19,12.48,37.9,1,0,2026-07-06,https://www.ebay.com/itm/C-M-Dog-Home-Stemless-Wine-Glass-Style-D1-17-oz-Funny-/407053210791,https://www.amazon.com/dp/B01CQCPYAA/?th=1&psc=1
6a4bdd94f19b6a37103b9b2e,407053205846,Toolour Helping Hands Soldering Third Hand Tool Tabletop Clamp Base wi,70,False,False,True,Welding & Soldering Tools,0,42.97,22.99,13.18,30.7,1,0,2026-07-06,https://www.ebay.com/itm/Toolour-Helping-Hands-Soldering-Third-Hand-Tool-Tabletop-Clamp-Base-wi-/407053205846,https://www.amazon.com/dp/B07JVF88TV/ref=sr_1_7?psc=1
6a4bdd713f5e5a03e5e56c95,407053199489,"JKsmart 2 Pack Kids Swing Seat, Heavy Duty Rope Play Secure Children S",70,False,False,True,"Swings, Slides & Gyms",0,142.97,79.99,41.18,28.8,1,0,2026-07-06,https://www.ebay.com/itm/JKsmart-2-Pack-Kids-Swing-Seat-Heavy-Duty-Rope-Play-Secure-Children-S-/407053199489,https://www.amazon.com/dp/B0DR4Q3WLM/ref=sr_1_15?psc=1
6a4bdcbc8977c53133933297,407053189402,"Dynamic Discs Prime Burst 3-Disc Golf Set | Includes Putter, Midrange,",70,False,False,True,Disc Golf Discs,0,53.97,29.99,15.53,28.8,1,0,2026-07-06,https://www.ebay.com/itm/Dynamic-Discs-Prime-Burst-3-Disc-Golf-Set-Includes-Putter-Midrange-/407053189402,https://www.amazon.com/dp/B07NGLX67H/ref=sr_1_18?th=1&psc=1
6a4bdc7300dd642a3ce6b130,407053181358,Wegiel Handmade European Ambassador Chess Set - Wooden 21 Inch Beech &,70,False,False,True,Contemporary Chess,0,160.97,89.99,46.48,28.9,1,0,2026-07-06,https://www.ebay.com/itm/Wegiel-Handmade-European-Ambassador-Chess-Set-Wooden-21-Inch-Beech-/407053181358,https://www.amazon.com/dp/B0009WSPRO/ref=sr_1_19?psc=1
6a4bdc50e09c124f443b9b3b,407053179115,"3 Outlet Desk Clamp Power Strip with USB Ports, Desktop Power St",64,False,False,True,Power Strips & Surge Protectors,0,35.97,17.99,12.23,34.0,1,0,2026-07-06,https://www.ebay.com/itm/3-Outlet-Desk-Clamp-Power-Strip-USB-Ports-Desktop-Power-St-/407053179115,https://www.amazon.com/dp/B07RR39CDF/ref=sr_1_16?psc=1
6a4bdb9ce09c124f443b9b2f,407053174218,"Gifts for Men Dad Fathers Day, Whiskey Decanter Set with 2 Glas",63,False,False,False,Decanters,0,71.97,39.99,20.83,28.9,1,0,2026-07-06,https://www.ebay.com/itm/Gifts-Men-Dad-Fathers-Day-Whiskey-Decanter-Set-2-Glas-/407053174218,https://www.amazon.com/dp/B0B775HKT6/ref=sr_1_8?th=1&psc=1
6a4bdb788977c53133933287,407053171568,"Bush Home Key West 2 Drawer Lateral File Cabinet in Washed Gray, Docum",70,False,False,False,Filing Cabinets,0,321.97,180.99,92.33,28.7,1,0,2026-07-06,https://www.ebay.com/itm/Bush-Home-Key-West-2-Drawer-Lateral-File-Cabinet-Washed-Gray-Docum-/407053171568,https://www.amazon.com/dp/B01IXFGJHQ/ref=sr_1_4?psc=1
6a4bdb2f8977c53133933281,407053168371,Organic Perlite by Perfect Plants — Add to Soil for Indoor & Outdoor C,70,False,False,True,Soil & Soil Amendments,0,38.97,18.99,13.78,35.4,1,0,2026-07-06,https://www.ebay.com/itm/Organic-Perlite-Perfect-Plants-Add-Soil-Indoor-Outdoor-C-/407053168371,https://www.amazon.com/dp/B07CND4WV9?_encoding=UTF8&psc=1
6a4bdb113f5e5a03e5e56c6f,407053164404,Selens 32 in (80cm) 5-in-1 Round Reflector with Handle for Photography,70,False,False,False,Studio Reflectors,0,32.97,14.99,12.68,38.5,0,1,2026-07-06,https://www.ebay.com/itm/Selens-32-80cm-5-in-1-Round-Reflector-Handle-Photography-/407053164404,https://www.amazon.com/dp/B00UR9ASCE/ref=sr_1_13?th=1&psc=1
6a4bd9eb00dd642a3ce6b103,407053156988,"Giant Teddy Bear, 39inch Large Stuffed Animals with Big Footp",61,False,False,False,Other Stuffed Animals,0,57.97,31.99,16.93,29.2,1,0,2026-07-06,https://www.ebay.com/itm/Giant-Teddy-Bear-39inch-Large-Stuffed-Animals-Big-Footp-/407053156988,https://www.amazon.com/dp/B08X6SCG8T/ref=sr_1_16?psc=1
6a4bd97f8fdba3ebd3ba6237,407053149436,Dental Tools Kit for Teeth Cleaning (6 Pack) – Stainless Steel Oral Ca,70,False,False,True,Dental Instruments,0,30.97,13.99,11.98,38.7,1,0,2026-07-06,https://www.ebay.com/itm/Dental-Tools-Kit-Teeth-Cleaning-6-Pack-Stainless-Steel-Oral-Ca-/407053149436,https://www.amazon.com/dp/B08C2MS9GR?_encoding=UTF8?th=1&psc=1
6a4bd95aab6fbb8c7440b6c7,407053144136,"Bathroom Decor Box, Toilet Paper Basket With 2 Sides Signs, Farmhouse",69,False,False,False,Toilet Paper Holders & Storage,0,34.97,16.99,12.38,35.4,1,0,2026-07-06,https://www.ebay.com/itm/Bathroom-Decor-Box-Toilet-Paper-Basket-2-Sides-Signs-Farmhouse-/407053144136,https://www.amazon.com/dp/B08HHR1RDT/ref=sr_1_15?psc=1
6a4bd8c93f5e5a03e5e56c3e,407053133345,"Koty Car Seat Toys, Infant Baby Spiral Plush Activity Hanging Toy for",69,False,False,True,Developmental Baby Toys,0,38.97,18.99,13.78,35.4,1,0,2026-07-06,https://www.ebay.com/itm/Koty-Car-Seat-Toys-Infant-Baby-Spiral-Plush-Activity-Hanging-Toy-/407053133345,https://www.amazon.com/dp/B0BFCQCD6F/ref=sr_1_3?th=1&psc=1
6a4bd85d00dd642a3ce6b0e8,407053128612,Blocking Slim Money Clip Wallet – Leather Bifold Fr,51,False,False,True,Wallets,0,53.97,23.95,21.57,40.0,1,0,2026-07-06,https://www.ebay.com/itm/RFID-Blocking-Slim-Money-Clip-Wallet-Leather-Bifold-Fr-/407053128612,https://www.amazon.com/dp/B0752B77ZY/ref=sr_1_11?psc=1
6a4bd8158fdba3ebd3ba621f,407053124322,60 Souvenir Spoon Tea Spoon Display Case Rack Holder Wall,57,False,False,False,Single Flatware Pieces,0,98.97,54.95,28.82,29.1,1,0,2026-07-06,https://www.ebay.com/itm/60-Souvenir-Spoon-Tea-Spoon-Display-Case-Rack-Holder-Wall-/407053124322,https://www.amazon.com/dp/B00Q7N5GBM/ref=sr_1_7?th=1&psc=1
6a4bd7858fdba3ebd3ba6215,407053111738,Suavell Slim Wallets for Men. Minimalist Bifold Wallet With Money Clip,70,False,False,False,Wallets,0,48.97,26.49,14.78,30.2,1,0,2026-07-06,https://www.ebay.com/itm/Suavell-Slim-Wallets-Men-Minimalist-Bifold-Wallet-Money-Clip-/407053111738,https://www.amazon.com/dp/B08M8ZWH2X/ref=sr_1_19?psc=1
6a4bd7613f5e5a03e5e56c22,407053109390,Baby Musical Instruments - Montessori Wooden Musical Toys for Toddlers,70,False,False,False,Developmental Baby Toys,0,57.97,31.99,16.93,29.2,1,0,2026-07-06,https://www.ebay.com/itm/Baby-Musical-Instruments-Montessori-Wooden-Musical-Toys-Toddlers-/407053109390,https://www.amazon.com/dp/B0FWBYSKCP/ref=sr_1_19?th=1&psc=1
6a4bd6d18977c53133933229,407053100332,"Simply Soson 3x6 inch Ivory Pillar Candles Set of 6, Smooth Texture, U",70,False,False,True,Candles,0,64.97,35.99,18.88,29.1,1,0,2026-07-06,https://www.ebay.com/itm/Simply-Soson-3x6-inch-Ivory-Pillar-Candles-Set-6-Smooth-Texture-U-/407053100332,https://www.amazon.com/dp/B07F21MF8K/ref=sr_1_4?th=1&psc=1
6a4bd6658977c53133933225,407053097512,20 Pack Gold Cabinet Knobs Brushed Gold Drawer Knobs T Brass Cabinet P,70,False,False,True,Cabinet Pulls,0,51.97,28.99,14.83,28.5,1,0,2026-07-06,https://www.ebay.com/itm/20-Pack-Gold-Cabinet-Knobs-Brushed-Gold-Drawer-Knobs-T-Brass-Cabinet-P-/407053097512,https://www.amazon.com/dp/B0784CFLMX/ref=sr_1_13?psc=1
6a4bd61d3f5e5a03e5e56c10,407053094731,Coolaroo Original Elevated Dog Bed - Breathable Off-The-Ground Pet Bed,70,False,False,False,Beds,0,66.97,37.28,19.29,28.8,1,0,2026-07-06,https://www.ebay.com/itm/Coolaroo-Original-Elevated-Dog-Bed-Breathable-Off-The-Ground-Pet-Bed-/407053094731,https://www.amazon.com/dp/B07VMB1VNT/ref=sr_1_16?psc=1
6a4bd5d5dc9a9c968abd1da3,407053092435,"Vahome Magnetic Chess Set for Adults & Kids, 15"" Wooden Folding Chess",69,False,False,False,Contemporary Chess,0,69.97,38.99,20.13,28.8,1,0,2026-07-06,https://www.ebay.com/itm/Vahome-Magnetic-Chess-Set-Adults-Kids-15-Wooden-Folding-Chess-/407053092435,https://www.amazon.com/dp/B08Q3LZS8L/ref=sr_1_12?psc=1
6a4bc6703f5e5a03e5e56a9e,407053012750,Glow in The Dark Unicorn Blanket for Girls – Soft Pink Fleece Throw. G,70,False,False,True,Blankets & Throws,0,66.97,36.99,19.58,29.2,1,0,2026-07-06,https://www.ebay.com/itm/Glow-Dark-Unicorn-Blanket-Girls-Soft-Pink-Fleece-Throw-G-/407053012750,https://www.amazon.com/dp/B08F2F2QXQ/ref=sr_1_17?th=1&psc=1
6a4bc62a00dd642a3ce6af6d,407053010233,"downluxe Twin Comforter Set - Pink and Black Twin Comforter, Soft Bedd",70,False,False,False,Comforters & Sets,0,78.97,43.99,22.78,28.8,1,0,2026-07-06,https://www.ebay.com/itm/downluxe-Twin-Comforter-Set-Pink-and-Black-Twin-Comforter-Soft-Bedd-/407053010233,https://www.amazon.com/dp/B09K78KLMC/?psc=1&th=1
6a4bc59a18fb029322ad10dd,407053006561,20x20 Pillow Covers Set of 2 Farmhouse Decor Stripe Patchwork Linen Th,70,False,False,True,Pillows,0,39.97,19.99,13.63,34.1,1,0,2026-07-06,https://www.ebay.com/itm/20x20-Pillow-Covers-Set-2-Farmhouse-Decor-Stripe-Patchwork-Linen-Th-/407053006561,https://www.amazon.com/dp/B094HWV5G1/ref=sr_1_19?th=1&psc=1
6a4bc551ab6fbb8c7440b537,407053003578,"Midwest Homes for Pets Deluxe Rabbit & Guinea Pig Cage, X-Large, White",70,False,False,False,"Cages, Hutches & Enclosure",0,186.97,104.99,53.58,28.7,1,0,2026-07-06,https://www.ebay.com/itm/Midwest-Homes-Pets-Deluxe-Rabbit-Guinea-Pig-Cage-X-Large-White-/407053003578,https://www.amazon.com/dp/B07CDXJVP2?th=1&psc=1
6a4bc49e3f5e5a03e5e56a84,407052991370,"2Pcs 6FT Norfolk Pine Garlands Realistic, Real Touch Winter X",61,False,False,True,"Wreaths, Garlands & Plants",0,71.97,39.99,20.83,28.9,1,0,2026-07-06,https://www.ebay.com/itm/2Pcs-6FT-Norfolk-Pine-Garlands-Realistic-Real-Touch-Winter-X-/407052991370,https://www.amazon.com/dp/B0FH5FV3NW/ref=sr_1_5?th=1&psc=1
6a4bc45662e75174bb977613,407052987802,Universal Ceiling Fan Remote Control Kit Replacement for Harbo,62,False,False,False,Lighting Accessories,0,52.97,28.98,15.69,29.6,1,0,2026-07-06,https://www.ebay.com/itm/Universal-Ceiling-Fan-Remote-Control-Kit-Replacement-Harbo-/407052987802,https://www.amazon.com/dp/B08NZCR65X/ref=sr_1_9?th=1&psc=1
6a4bc43162e75174bb977610,407052982574,Hummingbird Flower Glass Perfume Bottle Jeweled Enameled Fancy,62,False,False,False,Decorative Glass/Crystal,0,28.97,12.99,11.28,38.9,1,0,2026-07-06,https://www.ebay.com/itm/Hummingbird-Flower-Glass-Perfume-Bottle-Jeweled-Enameled-Fancy-/407052982574,https://www.amazon.com/dp/B07Z5YX9WB/ref=sr_1_18?psc=1
6a4bc40e8fdba3ebd3ba6090,407052977655,"decorUhome Summer Decorative Boho Throw Pillow Covers 20x20 Set of 2,",69,False,False,True,Pillows,0,67.97,37.99,19.43,28.6,1,0,2026-07-06,https://www.ebay.com/itm/decorUhome-Summer-Decorative-Boho-Throw-Pillow-Covers-20x20-Set-2-/407052977655,https://www.amazon.com/dp/B08K2VMRJ7/ref=sr_1_3?th=1&psc=1
6a4bc3a23f5e5a03e5e56a7b,407052974363,Alsonerbay Bookends Geometric Decorative Metal Book Stoppers Abstract,69,False,False,False,Bookends,0,34.97,16.99,12.38,35.4,1,0,2026-07-06,https://www.ebay.com/itm/Alsonerbay-Bookends-Geometric-Decorative-Metal-Book-Stoppers-Abstract-/407052974363,https://www.amazon.com/dp/B081YXQDNR/ref=sr_1_4?psc=1
6a4bc37e3f5e5a03e5e56a7a,407052970847,"6 Slots Watch Box Organizer for Men, Black Watch Holder Stand Disp",66,False,False,False,Boxes & Cases,0,35.97,17.99,12.23,34.0,1,0,2026-07-06,https://www.ebay.com/itm/6-Slots-Watch-Box-Organizer-Men-Black-Watch-Holder-Stand-Disp-/407052970847,https://www.amazon.com/dp/B01GRO1P60/ref=sr_1_3?psc=1
6a4bc35b3f5e5a03e5e56a79,407052966663,"Fabric Shaver, Electric Lint Remover, Rechargeable Lint Shaver,",63,False,False,True,Lint Removers,0,48.97,26.99,14.28,29.2,1,0,2026-07-06,https://www.ebay.com/itm/Fabric-Shaver-Electric-Lint-Remover-Rechargeable-Lint-Shaver-/407052966663,https://www.amazon.com/dp/B098F68XS7/ref=sr_1_5?psc=1
6a4bc31218fb029322ad10be,407052959703,"Aluminum Cupcake Liners with Dome Lids 50 Pack,Free-Air 5oz Foil Bakin",70,False,False,False,Baking Cups & Liners,0,30.97,14.49,11.48,37.1,1,0,2026-07-06,https://www.ebay.com/itm/Aluminum-Cupcake-Liners-Dome-Lids-50-Pack-Free-Air-5oz-Foil-Bakin-/407052959703,https://www.amazon.com/dp/B0952WGKQQ/?psc=1
6a4bc2caa65a5ec2bf9775a2,407052953221,"Wicker Baskets for Organizing, Pantry Organizers and Stor",57,False,False,False,Storage Bins & Baskets,0,66.97,32.99,23.58,35.2,1,0,2026-07-06,https://www.ebay.com/itm/Wicker-Baskets-Organizing-Pantry-Organizers-and-Stor-/407052953221,https://www.amazon.com/dp/B07SR3WVRD/ref=sr_1_20?th=1&psc=1
6a4bc2ad62e75174bb9775fb,407052949544,"Forged Dice Co. Citadel Dice Tray and Dice Tower - DnD Dice Tray, Dice",70,False,False,False,Accessories & Dice,0,63.97,34.99,19.03,29.7,1,0,2026-07-06,https://www.ebay.com/itm/Forged-Dice-Co-Citadel-Dice-Tray-and-Dice-Tower-DnD-Dice-Tray-Dice-/407052949544,https://www.amazon.com/dp/B08CLWPS4G/ref=sr_1_9?psc=1
6a4bc2823f5e5a03e5e56a6a,407052948168,Heavy Duty Cargo Duffel Large Sport Gear Drum Set Equipment Hardware T,70,False,False,True,Luggage,0,59.97,32.99,17.63,29.4,1,0,2026-07-06,https://www.ebay.com/itm/Heavy-Duty-Cargo-Duffel-Large-Sport-Gear-Drum-Set-Equipment-Hardware-T-/407052948168,https://www.amazon.com/dp/B01M64AUKQ/ref=sr_1_5?psc=1
6a4bc2608fdba3ebd3ba607b,407052944551,"Sweese 7.8 Inch Porcelain Dessert Plates Set of 6 - Dishwasher, Microw",70,False,False,False,Microwave Cooking Gadgets,0,71.97,39.99,20.83,28.9,1,0,2026-07-06,https://www.ebay.com/itm/Sweese-7-8-Inch-Porcelain-Dessert-Plates-Set-6-Dishwasher-Microw-/407052944551,https://www.amazon.com/dp/B07RZQ2NJD/ref=sr_1_16?psc=1
6a4bc24118fb029322ad10ae,407052939774,The Magic Scent Heaven Hotel Scent Diffuser Oil - Cold-Air & Ultrasoni,70,False,False,False,Home Fragrance,0,122.97,55.16,49.01,39.9,1,0,2026-07-06,https://www.ebay.com/itm/Magic-Scent-Heaven-Hotel-Scent-Diffuser-Oil-Cold-Air-Ultrasoni-/407052939774,https://www.amazon.com/dp/B0C794ZQN6/ref=sr_1_12?psc=1
6a4bc21d62e75174bb9775ed,407052937009,Modern Area Rug 5x7 Turquoise Swirls Carpet Bedroom Living,58,False,False,False,Area Rugs,0,133.97,74.8,38.72,28.9,1,0,2026-07-06,https://www.ebay.com/itm/Modern-Area-Rug-5x7-Turquoise-Swirls-Carpet-Bedroom-Living-/407052937009,https://www.amazon.com/dp/B07QWPFHLB/ref=sr_1_20?psc=1
6a4bc1f48fdba3ebd3ba6076,407052935760,2500 ML XL Essential Oil Diffuser for Large Room Aroma Humid,60,False,False,False,Home Fragrance,0,103.97,59.45,28.57,27.5,1,0,2026-07-06,https://www.ebay.com/itm/2500-ML-XL-Essential-Oil-Diffuser-Large-Room-Aroma-Humid-/407052935760,https://www.amazon.com/dp/B08JZKMN7S/ref=sr_1_15?th=1&psc=1
6a4bc1ab00dd642a3ce6af30,407052934230,"Essential Oil Diffuser for Home, 500ML Aromatherapy Diffuser H",62,False,False,True,Home Fragrance,0,54.97,21.74,24.63,44.8,1,0,2026-07-06,https://www.ebay.com/itm/Essential-Oil-Diffuser-Home-500ML-Aromatherapy-Diffuser-H-/407052934230,https://www.amazon.com/dp/B073SWNZC1/ref=sr_1_10?th=1&psc=1
6a4bc13f8fdba3ebd3ba606e,407052930797,Pet Hair Remover Roller - Lint Roller for pet Hair - Self Cleaning Dog,70,False,False,False,"Brushes, Combs & Rakes",0,34.97,16.9,12.47,35.7,1,0,2026-07-06,https://www.ebay.com/itm/Pet-Hair-Remover-Roller-Lint-Roller-pet-Hair-Self-Cleaning-Dog-/407052930797,https://www.amazon.com/dp/B07G23PB9P/ref=sr_1_20?psc=1
6a4bc0f718fb029322ad10a1,407052925529,Tosnail 2 Pack 12 Cavity Mini Cheesecake Pan with Removable Bottom,66,False,False,False,Cupcake & Muffin Pans,0,40.97,20.99,13.48,32.9,1,0,2026-07-06,https://www.ebay.com/itm/Tosnail-2-Pack-12-Cavity-Mini-Cheesecake-Pan-Removable-Bottom-/407052925529,https://www.amazon.com/dp/B07JHJ37N6/ref=sr_1_4?th=1&psc=1
6a4bc08b3f5e5a03e5e56a54,407052915805,"Jangostor Large Natural Sea Shells, Huge Ocean Conch 7-8 inches Jumbo",69,False,False,False,Other Collectible Shells,0,38.97,18.99,13.78,35.4,1,0,2026-07-06,https://www.ebay.com/itm/Jangostor-Large-Natural-Sea-Shells-Huge-Ocean-Conch-7-8-inches-Jumbo-/407052915805,https://www.amazon.com/dp/B07MNNG4YQ/ref=sr_1_19?psc=1
6a4bc04a0463f24500e6af04,407052911766,Small Blue Keepsake Cremation Urn for Human Ashes | Miniature Memorial,70,False,False,False,Cremation Urns,0,44.97,23.95,13.92,31.0,1,0,2026-07-06,https://www.ebay.com/itm/Small-Blue-Keepsake-Cremation-Urn-Human-Ashes-Miniature-Memorial-/407052911766,https://www.amazon.com/dp/B07MN64SLK/?psc=1
6a4bbffb62e75174bb9775d5,407052908160,White Tea & Bamboo Premium Aroma Oil – Delicate & Earthy Hom,60,False,False,False,Tea & Infusions,0,52.97,29.0,15.67,29.6,1,0,2026-07-06,https://www.ebay.com/itm/White-Tea-Bamboo-Premium-Aroma-Oil-Delicate-Earthy-Hom-/407052908160,https://www.amazon.com/dp/B077W81J1F/ref=sr_1_13?th=1&psc=1
6a4bbf6b62e75174bb9775ca,407052903634,"Pooper Scooper, Detachable Long Handle Dog Pooper Scoopers with Heavy",69,False,False,False,Pooper Scoopers & Bags,0,52.97,23.54,21.13,39.9,1,0,2026-07-06,https://www.ebay.com/itm/Pooper-Scooper-Detachable-Long-Handle-Dog-Pooper-Scoopers-Heavy-/407052903634,https://www.amazon.com/dp/B096P3T8JN/ref=sr_1_13?th=1&psc=1
6a4bbf463f5e5a03e5e56a3c,407052896925,"Magnetic White Board Set, 2-Pack 8.5x11 Dry Erase Boards with M",63,False,False,True,Dry Erase Boards,0,48.97,25.77,15.5,31.7,1,0,2026-07-06,https://www.ebay.com/itm/Magnetic-White-Board-Set-2-Pack-8-5x11-Dry-Erase-Boards-M-/407052896925,https://www.amazon.com/dp/B07TXLQ2XM/ref=sr_1_11?th=1&psc=1
6a4bbf238fdba3ebd3ba6052,407052891835,5 FT Heavy Duty Double Handle Dog Leash with Comfortable Padded a,65,False,False,True,Leashes & Head Collars,0,33.97,16.14,12.38,36.4,1,0,2026-07-06,https://www.ebay.com/itm/5-FT-Heavy-Duty-Double-Handle-Dog-Leash-Comfortable-Padded-/407052891835,https://www.amazon.com/dp/B082F77B4K/ref=sr_1_18?th=1&psc=1
6a4bbedb00dd642a3ce6af13,407052887938,"Mini Fridge Stand Mobile Roller, Adjustable Furniture Dolly",59,False,False,False,Furniture & Appliance Dollies,0,47.97,25.99,14.43,30.1,1,0,2026-07-06,https://www.ebay.com/itm/Mini-Fridge-Stand-Mobile-Roller-Adjustable-Furniture-Dolly-/407052887938,https://www.amazon.com/dp/B00ZW9P6BW/ref=sr_1_16?psc=1
6a4bbe923f5e5a03e5e56a2f,407052883992,"Cupcake Stand with Lights, 4 Tier Cupcake Holder, Light Up Cupcake Sta",70,False,False,False,Cake Stands,0,39.97,19.99,13.63,34.1,1,0,2026-07-06,https://www.ebay.com/itm/Cupcake-Stand-Lights-4-Tier-Cupcake-Holder-Light-Up-Cupcake-Sta-/407052883992,https://www.amazon.com/dp/B08SBT88H9/ref=sr_1_7?th=1&psc=1
6a4ba06122c9b1352a923b6a,407052576150,"Disposable Makeup Applicators Kit with Triangle Puff Mixing Palette, A",70,False,False,True,Brushes,0,30.97,13.99,11.98,38.7,1,0,2026-07-06,https://www.ebay.com/itm/Disposable-Makeup-Applicators-Kit-Triangle-Puff-Mixing-Palette-/407052576150,https://www.amazon.com/dp/B0B31B1N96/ref=sr_1_18?th=1&psc=1
6a4ba01834419fd04c62f3d6,407052570767,Lightweight Down Feather Fibers Comforter Queen Size - Cooling,62,False,False,False,Comforters & Sets,0,266.97,134.5,92.07,34.5,1,0,2026-07-06,https://www.ebay.com/itm/Lightweight-Down-Feather-Fibers-Comforter-Queen-Size-Cooling-/407052570767,https://www.amazon.com/dp/B07SN57CMJ/ref=sr_1_15?th=1&psc=1
6a4b9fb362f63b6f46923a48,407052566878,"Kids Bike Helmet,Multi-Sport Protective Gear Set for 3-5-8-14 Year",66,False,False,False,Kick Scooters,0,64.97,35.99,18.88,29.1,1,0,2026-07-06,https://www.ebay.com/itm/Kids-Bike-Helmet-Multi-Sport-Protective-Gear-Set-3-5-8-14-Year-/407052566878,https://www.amazon.com/dp/B0B2W448D9/ref=sr_1_10?psc=1
6a4b9edb7e07ab9bbb931ced,407052556258,"Lush Decor Leah Reversible Floral Quilt Set, 3 Piece Set, King, Navy &",70,False,False,True,"Quilts, Bedspreads & Coverlets",0,129.97,72.98,37.14,28.6,0,0,2026-07-06,https://www.ebay.com/itm/Lush-Decor-Leah-Reversible-Floral-Quilt-Set-3-Piece-Set-King-Navy-/407052556258,https://www.amazon.com/dp/B08WRFW4DX/ref=sr_1_11?th=1&psc=1
6a4b9eb1a974b9edad7c6559,407052549597,"Wake In Cloud - Striped Cotton Duvet Cover Set, Ticking Stripe Pinstri",70,False,False,False,Duvet Covers & Sets,0,67.97,37.99,19.43,28.6,1,0,2026-07-06,https://www.ebay.com/itm/Wake-Cloud-Striped-Cotton-Duvet-Cover-Set-Ticking-Stripe-Pinstri-/407052549597,https://www.amazon.com/dp/B07BVPTVX5/ref=sr_1_4?psc=1
6a4b9e8de6e491c5ada3ea75,407052542916,Westside Discs Origio Burst 5-Disc Golf Starter Set - Beginner Disc Go,70,False,False,True,Disc Golf Discs,0,89.97,49.99,26.13,29.0,1,0,2026-07-06,https://www.ebay.com/itm/Westside-Discs-Origio-Burst-5-Disc-Golf-Starter-Set-Beginner-Disc-Go-/407052542916,https://www.amazon.com/dp/B086H4XX9S/ref=sr_1_19?th=1&psc=1
6a4b9e696c5c6e6dee931cdc,407052535396,Ralbay Dimmable Bathroom Lights Modern 4 Lights Vanity Lights Fixtures,70,False,False,False,Wall Fixtures,0,154.97,86.8,44.57,28.8,1,0,2026-07-06,https://www.ebay.com/itm/Ralbay-Dimmable-Bathroom-Lights-Modern-4-Lights-Vanity-Lights-Fixtures-/407052535396,https://www.amazon.com/dp/B08Q75PFJN?_encoding=UTF8&psc=1
6a4b9ddb22c9b1352a923b31,407052521286,Home Gym Fitness Rowing T-bar V-bar Pulley Cable Machine Atta,61,False,False,False,Home Gym Attachments,0,94.97,52.69,27.68,29.1,1,0,2026-07-06,https://www.ebay.com/itm/Home-Gym-Fitness-Rowing-T-bar-V-bar-Pulley-Cable-Machine-Atta-/407052521286,https://www.amazon.com/dp/B08J3KQ9LB/ref=sr_1_5?th=1&psc=1
6a4b9dbbe6e491c5ada3ea60,407052516197,Lebert Fitness Parallette Push Up Bars Dip Station Stand - Perfect for,70,False,False,True,Push Up Stands,0,124.97,69.95,35.92,28.7,1,0,2026-07-06,https://www.ebay.com/itm/Lebert-Fitness-Parallette-Push-Up-Bars-Dip-Station-Stand-Perfect-/407052516197,https://www.amazon.com/dp/B07FSQXYP5?psc=1&th=1
6a4b9d927e07ab9bbb931cd5,407052511082,"L LOHAS LED A21 Bright Light Bulb, 150W-200W Equivalent LED Bulbs, 23",69,False,False,False,Light Bulbs,0,57.97,31.99,16.93,29.2,1,0,2026-07-06,https://www.ebay.com/itm/L-LOHAS-LED-A21-Bright-Light-Bulb-150W-200W-Equivalent-LED-Bulbs-23-/407052511082,https://www.amazon.com/dp/B07D8VP91V/ref=sr_1_3?th=1&psc=1
6a4b9d6ef464e97fe47c6663,407052507296,J JACKCUBE DESIGN Square Paper Facial Tissue Box Cover Holder for Bath,70,False,False,False,Tissue Box Covers,0,30.97,13.99,11.98,38.7,1,0,2026-07-06,https://www.ebay.com/itm/J-JACKCUBE-DESIGN-Square-Paper-Facial-Tissue-Box-Cover-Holder-Bath-/407052507296,https://www.amazon.com/dp/B01LZXOA39/ref=sr_1_15?psc=1
6a4b9c7422c9b1352a923b16,407052495880,"Kitchen Rugs 24"" x 70"", Non-Slip Machine Washable Kitchen Runner Rugs",69,False,False,False,Door Mats & Floor Mats,0,107.97,59.99,31.43,29.1,1,0,2026-07-06,https://www.ebay.com/itm/Kitchen-Rugs-24-x-70-Non-Slip-Machine-Washable-Kitchen-Runner-Rugs-/407052495880,https://www.amazon.com/dp/B0D2HMNHC1/?_encoding=UTF8&psc=1
6a4b9c2ce6e491c5ada3ea3c,407052489785,"Global Wooden Handle Longboard Sander 10.75"" Long - Block Sander,",65,False,False,True,Sanders,0,38.97,18.99,13.78,35.4,1,0,2026-07-06,https://www.ebay.com/itm/Global-Wooden-Handle-Longboard-Sander-10-75-Long-Block-Sander-/407052489785,https://www.amazon.com/dp/B07VC8M6F1/?_encoding=UTF8&psc=1
6a4b99ed7755cf540748c756,407052383927,Leather Journal Notebook - Genuine Leather Journals for Writing,63,False,False,False,Blank Diaries & Journals,0,38.97,19.98,12.79,32.8,1,0,2026-07-06,https://www.ebay.com/itm/Leather-Journal-Notebook-Genuine-Leather-Journals-Writing-/407052383927,https://www.amazon.com/dp/B07VY98D81/ref=sr_1_5?psc=1
6a4b9983f464e97fe47c65f3,407052372501,Homelike Moment California King Comforter - White Duvet Insert Down Al,70,False,False,True,Comforters & Sets,0,88.97,48.99,26.28,29.5,1,0,2026-07-06,https://www.ebay.com/itm/Homelike-Moment-California-King-Comforter-White-Duvet-Insert-Down-Al-/407052372501,https://www.amazon.com/dp/B08F9WCN6W/?th=1&psc=1
6a4b995fc99afc626e48c814,407052359640,Bare Home Microfiber Duvet Cover Set - Ultra Soft Washed Microfiber -,69,False,False,True,Duvet Covers & Sets,0,57.97,31.49,17.43,30.1,1,0,2026-07-06,https://www.ebay.com/itm/Bare-Home-Microfiber-Duvet-Cover-Set-Ultra-Soft-Washed-Microfiber-/407052359640,https://www.amazon.com/dp/B08329VL3J/ref=sr_1_6?th=1&psc=1
6a4b991cb4879665927c64db,407052347409,"6Pcs Teal Pink Sparkle Mermaid Comforter Sets Queen Size, 3D",60,False,False,False,Comforters & Sets,0,89.97,49.99,26.13,29.0,1,0,2026-07-06,https://www.ebay.com/itm/6Pcs-Teal-Pink-Sparkle-Mermaid-Comforter-Sets-Queen-Size-3D-/407052347409,https://www.amazon.com/dp/B09C5HMDQM/?psc=1&th=1
6a4b9508cff6ba1d5462f22f,407052296432,"Candles for UCO Candle Lanterns, Long-Burning Candles for Outdoor, Cam",70,False,False,False,Candles,0,46.97,23.01,16.56,35.3,1,0,2026-07-06,https://www.ebay.com/itm/Candles-UCO-Candle-Lanterns-Long-Burning-Candles-Outdoor-Cam-/407052296432,https://www.amazon.com/dp/B074KSJ9KR/?_encoding=UTF8?th=1&psc=1
6a4b947f34419fd04c62f2c1,407052287842,"Dingbats Wildlife Medium A5+ Hardcover Notebook - PU Leather, Micro-Pe",70,False,False,False,Bears,0,38.97,19.79,12.98,33.3,1,0,2026-07-06,https://www.ebay.com/itm/Dingbats-Wildlife-Medium-A5-Hardcover-Notebook-PU-Leather-Micro-Pe-/407052287842,https://www.amazon.com/dp/B01BUBWTBK/ref=sr_1_18?th=1&psc=1
6a4b9438f464e97fe47c6563,407052277550,"Spiral Notebook - 5 Subject Notebook, College Ruled Notebook 3-Hole Pu",70,False,False,True,Notebooks & Binders,0,35.97,17.97,12.25,34.1,1,0,2026-07-06,https://www.ebay.com/itm/Spiral-Notebook-5-Subject-Notebook-College-Ruled-Notebook-3-Hole-Pu-/407052277550,https://www.amazon.com/dp/B096RWS5CJ/ref=sr_1_19?th=1&psc=1
6a4b940e34419fd04c62f2b7,407052266439,"First 5 Years Baby Book Keepsake – Baby Memory Book Girl, Boy, 90 Page",70,False,False,False,Baby Books & Albums,0,36.97,18.96,12.11,32.8,1,0,2026-07-06,https://www.ebay.com/itm/First-5-Years-Baby-Book-Keepsake-Baby-Memory-Book-Girl-Boy-90-Page-/407052266439,https://www.amazon.com/dp/B07XCMPNSH/ref=sr_1_8?psc=1
6a4b93eaa974b9edad7c64f0,407052264078,12 Ivory Pillar Candles Bulk - 2.3 x 3 inch Candle Set - 17 Ho,62,False,False,True,Candles,0,67.97,37.99,19.43,28.6,1,0,2026-07-06,https://www.ebay.com/itm/12-Ivory-Pillar-Candles-Bulk-2-3-x-3-inch-Candle-Set-17-Ho-/407052264078,https://www.amazon.com/dp/B07194MPQV/ref=sr_1_20?th=1&psc=1
6a4b93a162f63b6f469239c7,407052262354,Solar Lantern Outdoor Patio Decor: Solar Lanterns Outdoor Waterproof H,70,False,False,True,Landscape & Walkway Lights,0,39.97,19.99,13.63,34.1,1,0,2026-07-06,https://www.ebay.com/itm/Solar-Lantern-Outdoor-Patio-Decor-Solar-Lanterns-Outdoor-Waterproof-H-/407052262354,https://www.amazon.com/dp/B0DFYJ4NQH/ref=sr_1_6?psc=1
6a4b933662f63b6f469239c6,407052257717,"Home Queen Quilt Bedding Set, Lightweight Comforter Bedspread",61,False,False,False,"Quilts, Bedspreads & Coverlets",0,66.97,36.99,19.58,29.2,1,0,2026-07-06,https://www.ebay.com/itm/Home-Queen-Quilt-Bedding-Set-Lightweight-Comforter-Bedspread-/407052257717,https://www.amazon.com/dp/B08FR992L5/ref=sr_1_9?th=1&psc=1
6a4b92b6f464e97fe47c653b,407052253909,4 Pack Pillow Cases - Queen Size - 4PC Pillow Cases - 4 Pack Pillow Co,70,False,False,True,Pillowcases,0,38.97,18.99,13.78,35.4,1,0,2026-07-06,https://www.ebay.com/itm/4-Pack-Pillow-Cases-Queen-Size-4PC-Pillow-Cases-4-Pack-Pillow-Co-/407052253909,https://www.amazon.com/dp/B081FWQFB8/ref=sr_1_9?psc=1
6a4b865c04f4d68ad1b5303c,407052225209,Niteangel Super-Silent Hamster Exercise Wheels: - Quiet Spinner Hamste,70,False,False,False,Exercise & Toys,0,66.97,36.99,19.58,29.2,1,0,2026-07-06,https://www.ebay.com/itm/Niteangel-Super-Silent-Hamster-Exercise-Wheels-Quiet-Spinner-Hamste-/407052225209,https://www.amazon.com/dp/B08FC8H42Q/ref=sr_1_8?th=1&psc=1
6a4b8637646763a2b4cdfaba,407052220619,"Pilates Pregnancy Ball - Yoga Ball for Pregnancy with Book, Pr",62,False,False,True,Exercise Balls,0,53.97,29.95,15.57,28.8,1,0,2026-07-06,https://www.ebay.com/itm/Pilates-Pregnancy-Ball-Yoga-Ball-Pregnancy-Book-Pr-/407052220619,https://www.amazon.com/dp/B01LWB21KC?th=1&psc=1
6a4b85efd42cbd5ee80456b5,407052216844,Silent Mind Tibetan Singing Bowl Set – Easy to Play & Beginner Friendl,70,False,False,False,Other Buddhism Collectibles,0,46.97,24.97,14.6,31.1,1,0,2026-07-06,https://www.ebay.com/itm/Silent-Mind-Tibetan-Singing-Bowl-Set-Easy-Play-Beginner-Friendl-/407052216844,https://www.amazon.com/dp/B06XHN7VRG/ref=sr_1_13?psc=1
6a4b85a7b8cbbc9397045465,407052211583,Flameless Flickering Taper Candles with 2 Remote Controls and,61,False,False,True,Candles,0,52.97,27.99,16.68,31.5,1,0,2026-07-06,https://www.ebay.com/itm/Flameless-Flickering-Taper-Candles-2-Remote-Controls-and-/407052211583,https://www.amazon.com/dp/B07YHK9PVS/ref=sr_1_3?psc=1
6a4b853c656cdd2374b53010,407052209047,"His Hers Couples Pillowcases,2PCS Her Beast and His Beauty Pillow Case",70,False,False,False,Pillowcases,0,30.97,13.99,11.98,38.7,1,0,2026-07-06,https://www.ebay.com/itm/His-Hers-Couples-Pillowcases-2PCS-Her-Beast-and-His-Beauty-Pillow-Case-/407052209047,https://www.amazon.com/dp/B07LBKBHYL/ref=sr_1_12?psc=1
6a4b84f404f4d68ad1b53010,407052198798,"- The Original Yoga Headstand Bench, Vegan Handstand Trainer Be",63,False,False,True,Benches,0,301.97,169.0,87.32,28.9,0,1,2026-07-06,https://www.ebay.com/itm/Original-Yoga-Headstand-Bench-Vegan-Handstand-Trainer-/407052198798,https://www.amazon.com/dp/B07N1WP67Y/ref=sr_1_18?psc=1
6a4b8406646763a2b4cdfa80,407052188520,Embossed Leather Journal Writing Notebook - Antique Handmade Leather D,70,False,False,True,Blank Diaries & Journals,0,39.97,19.99,13.63,34.1,1,0,2026-07-06,https://www.ebay.com/itm/Embossed-Leather-Journal-Writing-Notebook-Antique-Handmade-Leather-D-/407052188520,https://www.amazon.com/dp/B07V4F9VBN/ref=sr_1_4?psc=1
6a4b82fd78c3a766d7f21b2a,407052177485,"Rebar Stakes 12 Inch J Hook Heavy Duty 32 Pack, 3/8 Inch Galvani",64,False,False,False,Tent & Canopy Accessories,0,74.97,41.99,21.38,28.5,1,0,2026-07-06,https://www.ebay.com/itm/Rebar-Stakes-12-Inch-J-Hook-Heavy-Duty-32-Pack-3-8-Inch-Galvani-/407052177485,https://www.amazon.com/dp/B084NWT7XH/ref=sr_1_17?th=1&psc=1
6a4b82b7a82fb80dc80454be,407052175644,"Lush Decor Royal Empire Reversible Cotton Quilt Set, 3 Piece Set King,",70,False,False,True,"Quilts, Bedspreads & Coverlets",0,104.97,58.38,30.49,29.0,1,0,2026-07-06,https://www.ebay.com/itm/Lush-Decor-Royal-Empire-Reversible-Cotton-Quilt-Set-3-Piece-Set-King-/407052175644,https://www.amazon.com/dp/B00FZN1R18/ref=sr_1_13?psc=1
6a4b82912df719c525d11071,407052173193,Car Seat Cover Waterproof Back Seat Cover for Kids and Dogs Without Sm,70,False,False,True,Car Seat Covers,0,53.97,27.06,18.46,34.2,1,0,2026-07-06,https://www.ebay.com/itm/Car-Seat-Cover-Waterproof-Back-Seat-Cover-Kids-and-Dogs-Without-Sm-/407052173193,https://www.amazon.com/dp/B083B8RYJC/ref=sr_1_8?psc=1
6a4b824f982c3647fbcdf8db,407052167487,"Dog Seat Covers for Front Seat with No-Skirt Design, Quilted & Durable",70,False,False,False,Car Seat Covers,0,32.97,14.89,12.78,38.8,1,0,2026-07-06,https://www.ebay.com/itm/Dog-Seat-Covers-Front-Seat-No-Skirt-Design-Quilted-Durable-/407052167487,https://www.amazon.com/dp/B07FNG2G16/ref=sr_1_13?psc=1
6a4b8227437ffa5086f21999,407052160940,"Pink Flamingos Yard Decorations - 2 Pack Extra Large 24"" T",58,False,False,True,Ornaments & Statues,0,35.97,17.79,12.43,34.6,1,0,2026-07-06,https://www.ebay.com/itm/Pink-Flamingos-Yard-Decorations-2-Pack-Extra-Large-24-T-/407052160940,https://www.amazon.com/dp/B01N0BLIII/ref=sr_1_13?psc=1
6a4b81de1f822282e9754b0b,407052155127,16 Inch Rebar Stakes 10 Pack Heavy Duty Ground Anchors 1/2 Inch Diamet,70,False,False,False,Tent & Canopy Accessories,0,57.97,31.99,16.93,29.2,1,0,2026-07-06,https://www.ebay.com/itm/16-Inch-Rebar-Stakes-10-Pack-Heavy-Duty-Ground-Anchors-1-2-Inch-Diamet-/407052155127,https://www.amazon.com/dp/B0DJNQ44YK/ref=sr_1_16?psc=1
6a4b819464b8113e3e754d22,407052149449,"Dog Car Seat Cover, 600D Heavy Dute Durable Car Seat Cover for Dogs Pe",70,False,False,True,Car Seat Covers,0,48.97,25.98,15.29,31.2,1,0,2026-07-06,https://www.ebay.com/itm/Dog-Car-Seat-Cover-600D-Heavy-Dute-Durable-Car-Seat-Cover-Dogs-Pe-/407052149449,https://www.amazon.com/dp/B0CLVCMLCK/?_encoding=UTF8?th=1&psc=1
6a4b812f31ed0a4454754b8f,407052143747,"120W LED Barn Light, Dusk to Dawn Outdoor Yard Lighting with Photocell",70,False,False,False,Security & Floodlights,0,121.97,67.99,35.33,29.0,1,0,2026-07-06,https://www.ebay.com/itm/120W-LED-Barn-Light-Dusk-Dawn-Outdoor-Yard-Lighting-Photocell-/407052143747,https://www.amazon.com/dp/B0816HXLY8/ref=sr_1_16?th=1&psc=1
6a4b8051d42cbd5ee804561e,407052136640,"Preserved Roses in a Box - Gifts for Her, Wife & Mom,",53,False,False,True,Floral Décor,0,89.97,49.95,26.17,29.1,1,0,2026-07-06,https://www.ebay.com/itm/Preserved-Roses-Box-Gifts-Her-Wife-Mom-/407052136640,https://www.amazon.com/dp/B0DG3V3PR1/ref=sr_1_19?psc=1
6a4b7fe62b8e984118d10ebd,407052132706,"5 Pcs Faux Succulents Set, Realistic Fake Succulents, Artificial Hangi",70,False,False,False,Floral Décor,0,33.97,15.99,12.53,36.9,1,0,2026-07-06,https://www.ebay.com/itm/5-Pcs-Faux-Succulents-Set-Realistic-Fake-Succulents-Artificial-Hangi-/407052132706,https://www.amazon.com/dp/B07CRN8DWM/ref=sr_1_19?psc=1
6a4b7fcaa82fb80dc804548d,407052130793,48x20 Inch/30X20 Inch Kitchen Rug Mats Made of 100% Polypr,58,False,False,False,Door Mats & Floor Mats,0,48.97,26.99,14.28,29.2,1,0,2026-07-06,https://www.ebay.com/itm/48x20-Inch-30X20-Inch-Kitchen-Rug-Mats-Made-100-Polypr-/407052130793,https://www.amazon.com/dp/B085DQ8RC6?_encoding=UTF8&psc=1
6a4b7f5d646763a2b4cdfa18,407052127035,Wisenvoy Loaf Pan Bread Pan Ceramic loaf pans for baking Porcelain Bak,70,False,False,False,Loaf Pans,0,63.97,34.99,19.03,29.7,1,0,2026-07-06,https://www.ebay.com/itm/Wisenvoy-Loaf-Pan-Bread-Pan-Ceramic-loaf-pans-baking-Porcelain-Bak-/407052127035,https://www.amazon.com/dp/B09191YYP1/ref=sr_1_3?th=1&psc=1
6a4b7ec6646763a2b4cdfa08,407052123837,"Home Quilt Set King Brunt Orange, Lightweight Comforter Bedsp",61,False,False,False,"Quilts, Bedspreads & Coverlets",0,66.97,36.99,19.58,29.2,1,0,2026-07-06,https://www.ebay.com/itm/Home-Quilt-Set-King-Brunt-Orange-Lightweight-Comforter-Bedsp-/407052123837,https://www.amazon.com/dp/B08FR97HNM/ref=sr_1_13?psc=1
6a4b725678c3a766d7f219fa,407052056037,Set of 3 Metal Sea Turtle Beach Theme Decor Wall Art Decorations,64,False,False,False,Sculptures & Figurines,0,45.97,22.99,15.73,34.2,0,1,2026-07-06,https://www.ebay.com/itm/Set-3-Metal-Sea-Turtle-Beach-Theme-Decor-Wall-Art-Decorations-/407052056037,https://www.amazon.com/dp/B07Y84X6HN/ref=sr_1_16?th=1&psc=1
6a4b720f78c3a766d7f219f8,407052050660,"Pooqla 16th Birthday Decoration for Girls Boys, Decorative LED Light U",70,False,False,True,Party Decorations,0,35.97,17.99,12.23,34.0,1,0,2026-07-06,https://www.ebay.com/itm/Pooqla-16th-Birthday-Decoration-Girls-Boys-Decorative-LED-Light-U-/407052050660,https://www.amazon.com/dp/B0DT678T28/ref=sr_1_11?psc=1
6a4b70f078c3a766d7f219e2,407052044143,"Hosley Set of 144 Unscented White Votive Candles – Bulk Pack, Clean-Bu",70,False,False,False,Candles,0,83.97,46.16,24.86,29.6,1,0,2026-07-06,https://www.ebay.com/itm/Hosley-Set-144-Unscented-White-Votive-Candles-Bulk-Pack-Clean-Bu-/407052044143,https://www.amazon.com/dp/B07K6TQF23/ref=sr_1_13?th=1&psc=1
6a4b70d378c3a766d7f219dc,407052033414,Natelf Flamingo Metal Garden Statue Outdoor Pink Hawaii Flamingo Yard,69,False,False,False,Ornaments & Statues,0,83.97,46.99,24.03,28.6,1,0,2026-07-06,https://www.ebay.com/itm/Natelf-Flamingo-Metal-Garden-Statue-Outdoor-Pink-Hawaii-Flamingo-Yard-/407052033414,https://www.amazon.com/dp/B0GCM4GD7L?psc=1&th=1
6a4b70a864b8113e3e754be4,407052029993,"Kurgo Heather Half Hammock, Half Car Seat Cover for Pets, Car Hammocks",70,False,False,False,Car Seat Covers,0,98.97,54.82,28.95,29.3,1,0,2026-07-06,https://www.ebay.com/itm/Kurgo-Heather-Half-Hammock-Half-Car-Seat-Cover-Pets-Car-Hammocks-/407052029993,https://www.amazon.com/dp/B01MU7O40P/?th=1&psc=1
6a4b70842b8e984118d10e72,407052027709,"Active Pets Dog Car Seat Cover, Waterproof Front Seat Protector for SU",70,False,False,True,Car Seat Covers,0,46.97,24.98,14.59,31.1,1,0,2026-07-06,https://www.ebay.com/itm/Active-Pets-Dog-Car-Seat-Cover-Waterproof-Front-Seat-Protector-SU-/407052027709,https://www.amazon.com/dp/B083C3HKF6/ref=sr_1_4?psc=1
6a4b706678c3a766d7f219d4,407052025884,"Dog Seat Cover for Back Seat, Mesh Visual Window with Extra",59,False,False,False,Car Seat Covers,0,49.97,27.99,14.13,28.3,1,0,2026-07-06,https://www.ebay.com/itm/Dog-Seat-Cover-Back-Seat-Mesh-Visual-Window-Extra-/407052025884,https://www.amazon.com/dp/B08M6CHQLV?psc=1&th=1
6a4b703d2df719c525d10f25,407052023468,"Solar Lights for Outside, 16Pack Solar Flame Torch Light, Garde",63,False,False,False,Landscape & Walkway Lights,0,102.97,56.99,30.18,29.3,1,0,2026-07-06,https://www.ebay.com/itm/Solar-Lights-Outside-16Pack-Solar-Flame-Torch-Light-Garde-/407052023468,https://www.amazon.com/dp/B0FL82R7WX/?psc=1&th=1
6a4b701f646763a2b4cdf8fa,407052021658,"Forbena Black Floating Shelves Bathroom Set of 3, Wooden Wall Book She",70,False,False,False,Bookcases & Shelving,0,39.97,19.97,13.65,34.2,1,0,2026-07-06,https://www.ebay.com/itm/Forbena-Black-Floating-Shelves-Bathroom-Set-3-Wooden-Wall-Book-She-/407052021658,https://www.amazon.com/dp/B09C6H3BGQ/ref=sr_1_3?psc=1
6a4b6ff6646763a2b4cdf8f8,407052020235,Anti Anxiety Round Fluffy Plush Faux Fur Warm Washable Dog Bed & Cat B,70,False,False,True,Beds,0,46.97,24.99,14.58,31.0,1,0,2026-07-06,https://www.ebay.com/itm/Anti-Anxiety-Round-Fluffy-Plush-Faux-Fur-Warm-Washable-Dog-Bed-Cat-B-/407052020235,https://www.amazon.com/dp/B09C4C5MYS/ref=sr_1_6?th=1&psc=1
6a4b6f8b64b8113e3e754bcb,407052017582,"Solar Spot Lights Outdoor, 36 LEDs 1000LM Adjustable Solar Lights Outd",70,False,False,False,Landscape & Walkway Lights,0,96.97,53.99,28.08,29.0,1,0,2026-07-06,https://www.ebay.com/itm/Solar-Spot-Lights-Outdoor-36-LEDs-1000LM-Adjustable-Solar-Lights-Outd-/407052017582,https://www.amazon.com/dp/B0F32Q924K/ref=sr_1_6?psc=1
6a4b6f1e64b8113e3e754bc2,407052012715,Twin Pressure Rice Cooker 6-Cup Uncooked / 12-Cup Cooked with N,63,False,False,True,Rice Cookers,0,604.97,339.99,173.88,28.7,1,0,2026-07-06,https://www.ebay.com/itm/Twin-Pressure-Rice-Cooker-6-Cup-Uncooked-12-Cup-Cooked-N-/407052012715,https://www.amazon.com/dp/B0B44XTV71?th=1&psc=1
6a4b6ede78c3a766d7f219b3,407052011040,Hexagon Velvet Ring Bearer Box - Premium Gorgeous Vintage Double Ring,69,False,False,False,"Jewelry Boxes, Organizers & Packaging",0,27.97,11.99,11.43,40.9,1,0,2026-07-06,https://www.ebay.com/itm/Hexagon-Velvet-Ring-Bearer-Box-Premium-Gorgeous-Vintage-Double-Ring-/407052011040,https://www.amazon.com/dp/B08139GQF7/ref=sr_1_9?th=1&psc=1
6a4b6e9731ed0a4454754b17,407052009026,Set of 2 Versatile Silver Flower Arrangement Stand & Pillar Candle Hol,70,False,False,False,Candle Holders & Accessories,0,55.97,29.98,17.24,30.8,1,0,2026-07-06,https://www.ebay.com/itm/Set-2-Versatile-Silver-Flower-Arrangement-Stand-Pillar-Candle-Hol-/407052009026,https://www.amazon.com/dp/B07SGQ95BV/ref=sr_1_20?psc=1
6a4b6e6db8cbbc939704541c,407052006976,Holy Land Market Olive Wood Cross from Bethlehem - Includes Certificat,70,False,False,False,Crucifixes & Crosses,0,77.97,43.47,22.45,28.8,1,0,2026-07-06,https://www.ebay.com/itm/Holy-Land-Market-Olive-Wood-Cross-Bethlehem-Includes-Certificat-/407052006976,https://www.amazon.com/dp/B06Y3QXS9C/ref=sr_1_14?psc=1
6a4b6e26646763a2b4cdf8d7,407052004634,"20 Pack 12 Inch Heavy Duty Black Iron Metal Floating Shelves Bracket,",69,False,False,True,Bookcases & Shelving,0,53.97,29.99,15.53,28.8,1,0,2026-07-06,https://www.ebay.com/itm/20-Pack-12-Inch-Heavy-Duty-Black-Iron-Metal-Floating-Shelves-Bracket-/407052004634,https://www.amazon.com/dp/B088WN5G89?psc=1&th=1
6a4b6dde646763a2b4cdf8d0,407052002918,"Meangood Floating Shelves Wall Mounted Set of 2, Rustic Wood Wall Stor",70,False,False,False,Bookcases & Shelving,0,45.97,24.29,14.43,31.4,1,0,2026-07-06,https://www.ebay.com/itm/Meangood-Floating-Shelves-Wall-Mounted-Set-2-Rustic-Wood-Wall-Stor-/407052002918,https://www.amazon.com/dp/B07V1Y4RWQ/ref=sr_1_10?psc=1
6a4b6dba78c3a766d7f21998,407052001279,New Star 1 pc Heavy Duty Red 36x36 inch Interlocking Restaurant / Bar,69,False,False,False,Door Mats & Floor Mats,0,134.97,74.99,39.38,29.2,0,0,2026-07-06,https://www.ebay.com/itm/New-Star-1-pc-Heavy-Duty-Red-36x36-inch-Interlocking-Restaurant-Bar-/407052001279,https://www.amazon.com/dp/B009LNY4DQ/ref=sr_1_16?psc=1
6a4b6cbf1f822282e9754ae5,407051994157,Misty Forest Tapestry Green Tree in Jungle Forest Tapestries Wall Hang,70,False,False,False,Tapestries,0,30.97,13.91,12.06,38.9,1,0,2026-07-06,https://www.ebay.com/itm/Misty-Forest-Tapestry-Green-Tree-Jungle-Forest-Tapestries-Wall-Hang-/407051994157,https://www.amazon.com/dp/B07SZTXWJS/ref=sr_1_10?psc=1
6a4b6c36d42cbd5ee80454b1,407051991973,Rustic Floral Table Runner Hand Crochet Table Doily Beige Cotto,63,False,False,False,Table Runners,0,49.97,27.66,14.46,28.9,1,0,2026-07-06,https://www.ebay.com/itm/Rustic-Floral-Table-Runner-Hand-Crochet-Table-Doily-Beige-Cotto-/407051991973,https://www.amazon.com/dp/B06XDLTJPN/ref=sr_1_17?th=1&psc=1
6a4b6c0c78c3a766d7f21974,407051990519,Alupssuc 24 Bundles Artificial Flowers for Outdoors Planters Spring De,70,False,False,True,Floral Décor,0,36.97,17.99,13.08,35.4,1,0,2026-07-06,https://www.ebay.com/itm/Alupssuc-24-Bundles-Artificial-Flowers-Outdoors-Planters-Spring-/407051990519,https://www.amazon.com/dp/B0DQV3T95Z/ref=sr_1_14?psc=1
6a4b6bc4d42cbd5ee80454a3,407051988922,"Barn Light 50W, 5000K Daylight 6500LM Dusk to Dawn LED Outdoor Yar",66,False,False,False,Security & Floodlights,0,58.97,31.34,18.43,31.3,1,0,2026-07-06,https://www.ebay.com/itm/Barn-Light-50W-5000K-Daylight-6500LM-Dusk-Dawn-LED-Outdoor-Yar-/407051988922,https://www.amazon.com/dp/B08K99LVJV/ref=sr_1_17?th=1&psc=1
6a4b6b7f646763a2b4cdf8a0,407051983917,Large Wall Clocks for Living Room Decor Modern Gold Silent Wall,63,False,False,False,Wall Clocks,0,135.97,75.99,39.23,28.9,1,0,2026-07-06,https://www.ebay.com/itm/Large-Wall-Clocks-Living-Room-Decor-Modern-Gold-Silent-Wall-/407051983917,https://www.amazon.com/dp/B08BZHB2T6/ref=sr_1_18?psc=1
6a4b6aee2df719c525d10eaf,407051982199,"Ateco Stainless Steel Cookie Spatula, 11"", Silver",49,False,False,False,Cooking Utensils,0,29.97,12.99,12.13,40.5,1,0,2026-07-06,https://www.ebay.com/itm/Ateco-Stainless-Steel-Cookie-Spatula-11-Silver-/407051982199,https://www.amazon.com/dp/B000KEYD9K?psc=1
6a4b6acc646763a2b4cdf893,407051979720,Homelike Moment Twin Comforter Duvet Insert - Purple Down Alternative,69,False,False,False,Comforters & Sets,0,53.97,29.99,15.53,28.8,1,0,2026-07-06,https://www.ebay.com/itm/Homelike-Moment-Twin-Comforter-Duvet-Insert-Purple-Down-Alternative-/407051979720,https://www.amazon.com/dp/B08LPCVXK9/ref=sr_1_11?th=1&psc=1
6a4b6aa6d42cbd5ee8045490,407051976373,"Katbite Heavy Duty Parchment Paper Roll for Baking, 15 in x 210 ft, 26",70,False,False,False,Other Bakeware & Ovenware,0,34.97,15.29,14.08,40.3,1,0,2026-07-06,https://www.ebay.com/itm/Katbite-Heavy-Duty-Parchment-Paper-Roll-Baking-15-x-210-ft-26-/407051976373,https://www.amazon.com/dp/B08M3SJLPB/ref=sr_1_14?th=1&psc=1
6a4b6a8331ed0a4454754afc,407051973010,"Comfylife 120 x Parchment Paper Sheets - No Curl, No Tear, No Burn Bak",70,False,False,False,Other Bakeware & Ovenware,0,32.97,12.99,14.68,44.5,1,0,2026-07-06,https://www.ebay.com/itm/Comfylife-120-x-Parchment-Paper-Sheets-No-Curl-No-Tear-No-Burn-Bak-/407051973010,https://www.amazon.com/dp/B07Q8SS29J/?th=1&psc=1
6a4b6772646763a2b4cdf85a,407051905153,"Solar Lights Outdoor, 43"" Flickering Flames Torch Light Solar Garden L",70,False,False,True,Landscape & Walkway Lights,0,89.97,49.99,26.13,29.0,1,0,2026-07-06,https://www.ebay.com/itm/Solar-Lights-Outdoor-43-Flickering-Flames-Torch-Light-Solar-Garden-L-/407051905153,https://www.amazon.com/dp/B07Q4W55T1/ref=sr_1_16?th=1&psc=1
6a4b6700a82fb80dc8045424,407051901111,Pool Cover Pump above Ground - Submersible Water Sump Pump Swimming Wa,70,False,False,True,Pool Pumps,0,67.97,34.19,23.23,34.2,1,0,2026-07-06,https://www.ebay.com/itm/Pool-Cover-Pump-above-Ground-Submersible-Water-Sump-Pump-Swimming-Wa-/407051901111,https://www.amazon.com/dp/B092SHKKTJ/ref=sr_1_16?psc=1
6a4b1285656642f82abb073c,407051457409,12oz All Purpose Canvas Drop Cloth 4x12ft – Commercial-Grade Heavy Dut,70,False,False,False,"Painter's Plastic, Sheeting & Drop Cloths",0,41.97,21.99,13.33,31.8,1,0,2026-07-06,https://www.ebay.com/itm/12oz-All-Purpose-Canvas-Drop-Cloth-4x12ft-Commercial-Grade-Heavy-Dut-/407051457409,https://www.amazon.com/dp/B071XJQJ24/ref=sr_1_5?th=1&psc=1
6a4b123e59c194e06346febb,407051453278,"Soil Test Kit, Unlock Your Lawn & Garden Potential, Complete &",62,False,False,True,Moisture & pH Meters,0,57.97,31.99,16.93,29.2,1,0,2026-07-06,https://www.ebay.com/itm/Soil-Test-Kit-Unlock-Your-Lawn-Garden-Potential-Complete-/407051453278,https://www.amazon.com/dp/B084TSNR79/ref=sr_1_9?th=1&psc=1
6a4b121951e3a99fd1b448b7,407051449868,"Raised Garden Bed 68""x 36""x 12"" Galvanized Steel Metal Outdo",60,False,False,False,"Baskets, Pots, Window Boxes & Saucers",0,107.97,59.99,31.43,29.1,1,0,2026-07-06,https://www.ebay.com/itm/Raised-Garden-Bed-68-x-36-x-12-Galvanized-Steel-Metal-Outdo-/407051449868,https://www.amazon.com/dp/B079R764PP/ref=sr_1_11?th=1&psc=1
6a4b10d798bd0c6ebe46ffca,407051444338,"Humminbird PiranhaMAX 4 Fish Finder, Down Imaging",49,False,False,False,Fishfinders,0,307.97,172.56,88.86,28.9,1,0,2026-07-06,https://www.ebay.com/itm/Humminbird-PiranhaMAX-4-Fish-Finder-Down-Imaging-/407051444338,https://www.amazon.com/dp/B01MFAV2WK/ref=sr_1_4?psc=1
6a4b10415ec0f5d4f116f463,407051434565,twinbling 17 in Large Garden Gnome Statue with Solar Lights Sculptures,70,False,False,False,Ornaments & Statues,0,107.97,59.98,31.44,29.1,0,0,2026-07-06,https://www.ebay.com/itm/twinbling-17-Large-Garden-Gnome-Statue-Solar-Lights-Sculptures-/407051434565,https://www.amazon.com/dp/B0DWMZSR72/ref=sr_1_9?psc=1
6a4b0fd251e3a99fd1b448aa,407051425660,Toyz Snap Trax Construction Set Race Tracks for Kids and 2 LED Toy,66,False,False,False,Track,0,80.97,44.99,23.48,29.0,1,0,2026-07-06,https://www.ebay.com/itm/Toyz-Snap-Trax-Construction-Set-Race-Tracks-Kids-and-2-LED-Toy-/407051425660,https://www.amazon.com/dp/B089P3GLHK?psc=1&th=1
6a4b0f8851e3a99fd1b448a5,407051420334,"Makeblock mBot Robot Kit, STEM Projects for Kids Ages 8-12 Learn to Co",70,False,False,True,Other Science & Nature Toys,0,124.97,69.99,35.88,28.7,1,0,2026-07-06,https://www.ebay.com/itm/Makeblock-mBot-Robot-Kit-STEM-Projects-Kids-Ages-8-12-Learn-Co-/407051420334,https://www.amazon.com/dp/B01N75EVF1/ref=sr_1_15?th=1&psc=1
6a4b0f6398bd0c6ebe46ffbd,407051415436,Rustic Wall Sconces Mason Jar Sconces Handmade Wall Art Hanging Design,70,False,False,False,Wall Fixtures,0,59.97,32.99,17.63,29.4,1,0,2026-07-06,https://www.ebay.com/itm/Rustic-Wall-Sconces-Mason-Jar-Sconces-Handmade-Wall-Art-Hanging-Design-/407051415436,https://www.amazon.com/dp/B07SSLD42M/ref=sr_1_13?psc=1
6a4b0f1b98bd0c6ebe46ffb9,407051410615,7ft Heavy Duty High Wind Beach Umbrella Parasols with Sand Anch,63,False,False,False,Umbrellas,0,80.97,45.58,22.89,28.3,0,0,2026-07-06,https://www.ebay.com/itm/7ft-Heavy-Duty-High-Wind-Beach-Umbrella-Parasols-Sand-Anch-/407051410615,https://www.amazon.com/dp/B01G3HQA48/ref=sr_1_18?th=1&psc=1
6a4b0e28338473fe3bb44809,407051405414,"Art Supply 162-Piece Mega Wood Box Artist Kit with Painting, Draw",65,False,False,False,Art Pencils & Charcoal,0,107.97,59.99,31.43,29.1,1,0,2026-07-06,https://www.ebay.com/itm/Art-Supply-162-Piece-Mega-Wood-Box-Artist-Kit-Painting-Draw-/407051405414,https://www.amazon.com/dp/B071S7JTY3/ref=sr_1_19?th=1&psc=1
6a4b18a7d22a6109c6bb1194,407051404921,"Funtouch Large Lighted Vanity Makeup Mirror with 88 LED, 360 Rotation",69,False,False,False,Makeup Mirrors,0,59.97,32.99,17.63,29.4,1,0,2026-07-06,https://www.ebay.com/itm/Funtouch-Large-Lighted-Vanity-Makeup-Mirror-88-LED-360-Rotation-/407051404921,https://www.amazon.com/dp/B07TYCY81M/ref=sr_1_11?th=1&psc=1
6a4b0e2ad22a6109c6bb113b,407051404786,"Tripod Case, 31.5x7 in Heavy Duty Tripod Bag with Shoulder St",61,False,False,True,Tripods & Monopods,0,52.97,28.99,15.68,29.6,1,0,2026-07-06,https://www.ebay.com/itm/Tripod-Case-31-5x7-Heavy-Duty-Tripod-Bag-Shoulder-St-/407051404786,https://www.amazon.com/dp/B08JV1DJ7X/ref=sr_1_15?psc=1
6a4b0ddb51e3a99fd1b44898,407051397466,Spa Luxetique Gifts for Women 15pcs White Jasmine Gift Baskets for Wom,70,False,False,False,Bath Sets & Kits,0,71.97,39.98,20.84,29.0,1,0,2026-07-06,https://www.ebay.com/itm/Spa-Luxetique-Gifts-Women-15pcs-White-Jasmine-Gift-Baskets-Wom-/407051397466,https://www.amazon.com/dp/B08HCGQ4X7/?psc=1&th=1
6a4b186e98bd0c6ebe46fffc,407051397122,Nicpro Large Art Portfolio Bag 35 x 43 Inches Waterproof Nylon Artist,69,False,False,False,Bags,0,83.97,46.99,24.03,28.6,1,0,2026-07-06,https://www.ebay.com/itm/Nicpro-Large-Art-Portfolio-Bag-35-x-43-Inches-Waterproof-Nylon-Artist-/407051397122,https://www.amazon.com/dp/B07SCTWB78/ref=sr_1_19?psc=1
6a4b0d7798bd0c6ebe46ffa7,407051396793,"Solar Dock Lights Driveway Deck Lights, 12-Pack Waterproof Out",62,False,False,False,Landscape & Walkway Lights,0,160.97,89.99,46.48,28.9,1,0,2026-07-06,https://www.ebay.com/itm/Solar-Dock-Lights-Driveway-Deck-Lights-12-Pack-Waterproof-Out-/407051396793,https://www.amazon.com/dp/B08G8QDXKR/ref=sr_1_5?th=1&psc=1
6a4b0cefd22a6109c6bb1129,407051391781,Large duffel bags for men holdall leather travel bag overnight gym spo,70,False,False,False,Bags,0,207.97,116.09,60.33,29.0,1,0,2026-07-06,https://www.ebay.com/itm/Large-duffel-bags-men-holdall-leather-travel-bag-overnight-gym-spo-/407051391781,https://www.amazon.com/dp/B0825YPC78/ref=sr_1_13?th=1&psc=1
6a4b1086f8d26d6504347939,407051391649,"Govee LED Strip Lights RGBIC, 16.4ft Bluetooth Color Changing LED Ligh",70,False,False,False,"String Lights, Fairy Lights",0,39.97,19.99,13.63,34.1,1,0,2026-07-06,https://www.ebay.com/itm/Govee-LED-Strip-Lights-RGBIC-16-4ft-Bluetooth-Color-Changing-LED-Ligh-/407051391649,https://www.amazon.com/dp/B08149FMTG/ref=sr_1_4?th=1&psc=1
6a4b181851e3a99fd1b448e4,407051391487,Professional Saddle Stool with Wheels Ergonomic Swivel Rolling Height,69,False,False,False,Bar Stools & Stools,0,176.97,99.0,51.07,28.9,1,0,2026-07-06,https://www.ebay.com/itm/Professional-Saddle-Stool-Wheels-Ergonomic-Swivel-Rolling-Height-/407051391487,https://www.amazon.com/dp/B083NVH9RB/ref=sr_1_18?th=1&psc=1
6a4b0d0a51e3a99fd1b4488c,407051391339,"Selfie Stick Tripod with Fill Light, Phone Selfie Stick,Durable Stainl",70,False,False,False,Mounts & Holders,0,39.97,19.99,13.63,34.1,1,0,2026-07-06,https://www.ebay.com/itm/Selfie-Stick-Tripod-Fill-Light-Phone-Selfie-Stick-Durable-Stainl-/407051391339,https://www.amazon.com/dp/B0DK1J8JP1/ref=sr_1_13?psc=1
6a4b0c93d2b3f004c616fe73,407051383332,HQiJun Wall Mirror Window Decorative Mirrors Arched Farmhouse for Livi,70,False,False,False,Mirrors,0,193.97,109.15,55.37,28.5,1,0,2026-07-06,https://www.ebay.com/itm/HQiJun-Wall-Mirror-Window-Decorative-Mirrors-Arched-Farmhouse-Livi-/407051383332,https://www.amazon.com/dp/B09DCM25V5?psc=1
6a4b0c7ad2b3f004c616fe71,407051382464,"4Monster Down Camping Blanket, 650 Fill Power Ultralight Packable Puff",70,False,False,False,"Blankets, Liners & Pillows",0,107.97,59.99,31.43,29.1,1,0,2026-07-06,https://www.ebay.com/itm/4Monster-Down-Camping-Blanket-650-Fill-Power-Ultralight-Packable-Puff-/407051382464,https://www.amazon.com/dp/B07WP4FPFC/ref=sr_1_6?th=1&psc=1
6a4b0bf05ec0f5d4f116f457,407051373778,Handmade Toilet Tank Basket Topper & Vanity Tray Set of Natural Acacia,70,False,False,False,Toilet Parts & Attachments,0,53.97,29.99,15.53,28.8,1,0,2026-07-06,https://www.ebay.com/itm/Handmade-Toilet-Tank-Basket-Topper-Vanity-Tray-Set-Natural-Acacia-Wood-/407051373778,https://www.amazon.com/dp/B09WHRHN3G/ref=sr_1_7?th=1&psc=1
6a4b0ba459c194e06346fea4,407051366964,Yellow Rose Canvas Wall Art Decor 12X12 Inch 4Pcs Framed Vintage Rustic Art |,77,False,False,True,Posters & Prints,0,47.97,25.9,14.52,30.3,1,0,2026-07-06,https://www.ebay.com/itm/Yellow-Rose-Canvas-Wall-Art-Decor-12X12-Inch-4Pcs-Framed-Vintage-Rustic-Art-Fa-/407051366964,https://www.amazon.com/dp/B07V6ZTRDF/ref=sr_1_16?psc=1
6a4b0d92d22a6109c6bb1131,407051364019,"Sink Top Air Switch Kit Garbage Disposal Part by CLEESINK (LONG/3.5"",",69,False,False,True,Garbage Disposal Parts,0,59.97,32.99,17.63,29.4,1,0,2026-07-06,https://www.ebay.com/itm/Sink-Top-Air-Switch-Kit-Garbage-Disposal-Part-LONG-3-5-White-/407051364019,https://www.amazon.com/dp/B079DMG783/ref=sr_1_3?th=1&psc=1
6a4b0ad8d0b8c7084934715c,407051363244,Hand Towels Set of 4 Embroidered Bird Tree Pattern 100% Cotton Absorbent Soft,77,False,False,False,Towels & Dishcloths,0,44.97,23.98,13.89,30.9,1,0,2026-07-06,https://www.ebay.com/itm/Hand-Towels-Set-4-Embroidered-Bird-Tree-Pattern-100-Cotton-Absorbent-Soft-/407051363244,https://www.amazon.com/dp/B095PQ1LBC?psc=1&th=1
6a4b0b3ea826c2257ebb038e,407051358670,Baby Doll Carrier-Doll Carrier Front Back for Little Girls-Gre,62,False,False,False,Clothing & Accessories,0,39.97,19.89,13.73,34.4,1,0,2026-07-06,https://www.ebay.com/itm/Baby-Doll-Carrier-Doll-Carrier-Front-Back-Little-Girls-Gre-/407051358670,https://www.amazon.com/dp/B07GNS9422/?_encoding=UTF8?th=1&psc=1
6a4b0bdf338473fe3bb44800,407051357854,"Life Wooden Puzzles for Toddlers 2-4, Montessori Toys for 1 2 3 Ye",66,False,False,True,Developmental Baby Toys,0,42.97,22.98,13.19,30.7,1,0,2026-07-06,https://www.ebay.com/itm/Life-Wooden-Puzzles-Toddlers-2-4-Montessori-Toys-1-2-3-Ye-/407051357854,https://www.amazon.com/dp/B08GS3CQ2Y/?_encoding=UTF8?th=1&psc=1
6a4b0a5d0b2e99e212b447b3,407051354653,"Pro Sled Dog Harness (Yellow, Large (Neck 18 Chest 32 Back 21))",63,False,False,False,Harnesses,0,116.97,65.15,33.92,29.0,1,0,2026-07-06,https://www.ebay.com/itm/Pro-Sled-Dog-Harness-Yellow-Large-Neck-18-Chest-32-Back-21-/407051354653,https://www.amazon.com/dp/B014BRSSPG?psc=1
6a4b0ae2338473fe3bb447fb,407051353221,"Ultra Thick Water Resistance Garage Wall Protector, Designed in Germany - Pack",78,False,False,False,Greenhouses & Cold Frames,0,46.97,24.99,14.58,31.0,1,0,2026-07-06,https://www.ebay.com/itm/Ultra-Thick-Water-Resistance-Garage-Wall-Protector-Designed-Germany-Pack-o-/407051353221,https://www.amazon.com/dp/B071HFTRCH/?_encoding=UTF8?th=1&psc=1
6a4b0b38d2b3f004c616fe6a,407051352195,"Kate and Laurel Hogan Wood Framed Mirror with Scallop Corners, 24 x 36",70,False,False,False,Mirrors,0,186.97,86.99,71.58,38.3,1,0,2026-07-06,https://www.ebay.com/itm/Hogan-Wood-Framed-Mirror-Scallop-Corners-24-X-36-Black-/407051352195,https://www.amazon.com/dp/B0779MSQ5W/ref=sr_1_11?th=1&psc=1
6a4b0a33dfd7ccd55046fe71,407051349308,"Satin Pillowcase Gift Set for Women – Grey Ivory, Silky Soft, Reduces",69,False,False,False,Pillowcases,0,46.97,25.0,14.57,31.0,1,0,2026-07-06,https://www.ebay.com/itm/Satin-Pillowcase-Gift-Set-Women-Grey-Ivory-Silky-Soft-Reduces-Frizz-/407051349308,https://www.amazon.com/dp/B09DNVLMMD?_encoding=UTF8?th=1&psc=1
6a4b0b8b338473fe3bb447ff,407051349229,"5' X 6'6"" Rugs for Living Room Oriental Area Rug for Bedroom - Non Slip",71,False,False,False,Area Rugs,0,98.97,55.32,28.45,28.7,1,0,2026-07-06,https://www.ebay.com/itm/5-X-66-Rugs-Living-Room-Oriental-Area-Rug-Bedroom-Non-Slip-Durable-/407051349229,https://www.amazon.com/dp/B09Q7VPM6Q/ref=sr_1_14?psc=1
6a4b0aa9d0b8c7084934715a,407051348118,Boho Throw Pillow Covers 18 x 18 Set of 4 - Modern Stripe Geo,61,False,False,False,Pillows,0,46.97,24.99,14.58,31.0,1,0,2026-07-06,https://www.ebay.com/itm/Boho-Throw-Pillow-Covers-18-x-18-Set-4-Modern-Stripe-Geo-/407051348118,https://www.amazon.com/dp/B08FJ1VQKC/?_encoding=UTF8?th=1&psc=1
6a4b09fcd22a6109c6bb1117,407051344205,Fenrici Luxury Satin Pillowcase Gift Set – Includes Eye Mask & Scrunch,70,False,False,False,Pillowcases,0,46.97,25.0,14.57,31.0,1,0,2026-07-06,https://www.ebay.com/itm/Fenrici-Luxury-Satin-Pillowcase-Gift-Set-Includes-Eye-Mask-Scrunch-/407051344205,https://www.amazon.com/dp/B09DNVJNL4/ref=sr_1_13?psc=1
6a4b0a8398bd0c6ebe46ff91,407051342567,Koyal Wholesale Vintage Glass Candle Holder - Mint Green Tea Light Can,70,False,False,False,Candle Holders,0,53.97,29.99,15.53,28.8,1,0,2026-07-06,https://www.ebay.com/itm/Koyal-Wholesale-Vintage-Glass-Candle-Holder-Mint-Green-Tea-Light-Can-/407051342567,https://www.amazon.com/dp/B072QBF2YQ/ref=sr_1_9?th=1&psc=1
6a4b095551e3a99fd1b44870,407051341753,Picture Frames Collage Display Board with 30 Clips - Multi P,60,False,False,True,Frames,0,36.97,18.46,12.61,34.1,1,0,2026-07-06,https://www.ebay.com/itm/Picture-Frames-Collage-Display-Board-30-Clips-Multi-P-/407051341753,https://www.amazon.com/dp/B0BXXZ9Y8K/ref=sr_1_15?th=1&psc=1
6a4b09e6d22a6109c6bb1116,407051341407,Extended Mouse Pad Large Desk Mat with Wrist Rest 4 in 1 Waterproof Office,74,False,False,False,Mouse Pads & Wrist Rests,1,42.97,22.99,13.18,30.7,1,0,2026-07-06,https://www.ebay.com/itm/Lateefah-Desk-Mat-Extended-Mouse-Pad-Wrist-Rest-4-in-1-Large-Mo-/407051341407,https://www.amazon.com/dp/B09ZTZD331/ref=sr_1_12?th=1&psc=1
6a4b09c3656642f82abb071d,407051336173,Mofutinpo Wall Art Vintage Flowers Pattern Canvas Prints Pictures for,69,False,False,True,Posters & Prints,0,59.97,32.9,17.72,29.5,1,0,2026-07-06,https://www.ebay.com/itm/Mofutinpo-Wall-Art-Vintage-Flowers-Pattern-Canvas-Prints-Pictures-/407051336173,https://www.amazon.com/dp/B07QPS4RQ5/?_encoding=UTF8?th=1&psc=1
6a4b0a2ed22a6109c6bb1119,407051334818,"Ceramic Vase - Set of 2 for Home Decor,White Flower Shape Pampas Vases",70,False,False,False,Vases,0,73.97,40.99,21.53,29.1,1,0,2026-07-06,https://www.ebay.com/itm/Ceramic-Vase-Set-2-Home-Decor-White-Flower-Shape-Pampas-Vases-/407051334818,https://www.amazon.com/dp/B0CGHV9GCG/ref=sr_1_19?psc=1
6a4b094485cf6143ee347303,407051334681,"Yamaziot Area Rug 5x7, Non-Slip Washable Boho Vintage Living Room Bedr",70,False,False,False,Area Rugs,0,84.97,44.99,26.88,31.6,1,0,2026-07-06,https://www.ebay.com/itm/Yamaziot-Area-Rug-5x7-Non-Slip-Washable-Boho-Vintage-Living-Room-Bedr-/407051334681,https://www.amazon.com/dp/B0DC62KT3W/ref=sr_1_20?th=1&psc=1
6a4b098c59c194e06346fea1,407051334008,Stainless Steel Cat Litter Scoop 23 inches Telescoping Litter,61,False,False,False,Litter Boxes,0,35.97,17.99,12.23,34.0,1,0,2026-07-06,https://www.ebay.com/itm/Stainless-Steel-Cat-Litter-Scoop-23-inches-Telescoping-Litter-/407051334008,https://www.amazon.com/dp/B07DSVQ4HJ/ref=sr_1_9?psc=1
6a4b09935ec0f5d4f116f44b,407051330553,"Wedding Centerpieces for Tables - Gold Flower Vases for Centerpieces,",69,False,False,True,Centerpieces & Table Décor,0,73.97,40.98,21.54,29.1,1,0,2026-07-06,https://www.ebay.com/itm/Wedding-Centerpieces-Tables-Gold-Flower-Vases-Centerpieces-/407051330553,https://www.amazon.com/dp/B08NFVHHZD/ref=sr_1_5?th=1&psc=1
6a4b09cc85cf6143ee347305,407051329496,Bonka Bird Toys 1730 Foraging Valentine Heart Bird Toy for Medium Bird,70,False,False,False,Toys,0,34.97,15.99,13.38,38.3,1,0,2026-07-06,https://www.ebay.com/itm/Bonka-Bird-Toys-1730-Foraging-Valentine-Heart-Bird-Toy-Medium-Bird-/407051329496,https://www.amazon.com/dp/B01CYL4LIO/ref=sr_1_20?psc=1
6a4b08dc98bd0c6ebe46ff83,407051328415,"GHome Smart Power Strip with 3 WiFi Outlets & 3 USB, Alexa & Google Ho",70,False,False,True,Power Strips & Surge Protectors,0,46.97,24.99,14.58,31.0,0,0,2026-07-06,https://www.ebay.com/itm/GHome-Smart-Power-Strip-3-WiFi-Outlets-3-USB-Alexa-Google-Ho-/407051328415,https://www.amazon.com/dp/B09JZ398R8/ref=sr_1_13?psc=1
6a4b0832338473fe3bb447eb,407051324648,Memory Foam Mouse & Keyboard Wrist Rest Support Pad Cushion Set,63,False,False,False,Mouse Pads & Wrist Rests,0,35.97,17.99,12.23,34.0,1,0,2026-07-06,https://www.ebay.com/itm/Memory-Foam-Mouse-Keyboard-Wrist-Rest-Support-Pad-Cushion-Set-/407051324648,https://www.amazon.com/dp/B07CTHNVM5/ref=sr_1_3?psc=1
6a4b08c4d2b3f004c616fe50,407051324209,"Pet Gear Signature Dog,Cat Car Seat & Carrier | For Small Dogs & Cats",69,False,False,False,Car Seats & Barriers,0,59.97,32.99,17.63,29.4,0,1,2026-07-06,https://www.ebay.com/itm/Pet-Gear-Signature-Dog-Cat-Car-Seat-Carrier-Small-Dogs-Cats-/407051324209,https://www.amazon.com/dp/B00134MXF2/ref=sr_1_11?th=1&psc=1
6a4b099c98bd0c6ebe46ff88,407051323695,"4x6 Rustic Picture Frames with Natural Bark Edges, Brown Wood P",63,False,False,True,Frames,0,32.97,14.99,12.68,38.5,1,0,2026-07-06,https://www.ebay.com/itm/4x6-Rustic-Picture-Frames-Natural-Bark-Edges-Brown-Wood-P-/407051323695,https://www.amazon.com/dp/B082W3P7DS/ref=sr_1_5?psc=1
6a4b080751e3a99fd1b44863,407051318891,Auger Drill bit for Planting 1.6x8.7& 4x12 Garden Auger Spiral Drill B,70,False,False,True,Drill Bits,0,30.97,13.98,11.99,38.7,1,0,2026-07-06,https://www.ebay.com/itm/Auger-Drill-bit-Planting-1-6x8-7-4x12-Garden-Auger-Spiral-Drill-B-/407051318891,https://www.amazon.com/dp/B08BNFG7DR/ref=sr_1_6?th=1&psc=1
6a4b08157d7628dc88348b12,407051318477,Gonex Canvas Duffle Bag for Travel 60L Duffel Overnight Weekend Bag(Co,70,False,False,False,Luggage,0,107.97,59.99,31.43,29.1,1,0,2026-07-06,https://www.ebay.com/itm/Gonex-Canvas-Duffle-Bag-Travel-60L-Duffel-Overnight-Weekend-Bag-Co-/407051318477,https://www.amazon.com/dp/B07MYQG63C/ref=sr_1_13?psc=1
6a4b0949d2b3f004c616fe57,407051317615,Travel Electronics Organizer Portable Cable Organizer Bag f,59,False,False,True,Storage Bags,0,34.97,16.99,12.38,35.4,1,0,2026-07-06,https://www.ebay.com/itm/Travel-Electronics-Organizer-Portable-Cable-Organizer-Bag-f-/407051317615,https://www.amazon.com/dp/B08L3BBDGS/?psc=1
6a4b089dd2b3f004c616fe4e,407051316519,"Faux Fur Plush Decorative Throw Pillow Covers 18x18 Set of 4, B",63,False,False,True,Pillows,0,41.97,21.99,13.33,31.8,1,0,2026-07-06,https://www.ebay.com/itm/Faux-Fur-Plush-Decorative-Throw-Pillow-Covers-18x18-Set-4-B-/407051316519,https://www.amazon.com/dp/B0F99BF24V?psc=1&th=1
6a4b07e359c194e06346fe9e,407051312578,"Mount UL Listed TV Mount Low Profile for Most 26-60"" Flat Screen L",66,False,False,True,TV Stands & Mounts,0,42.97,20.99,15.18,35.3,1,0,2026-07-06,https://www.ebay.com/itm/Mount-UL-Listed-TV-Mount-Low-Profile-Most-26-60-Flat-Screen-L-/407051312578,https://www.amazon.com/dp/B07CXNB571/ref=sr_1_11?th=1&psc=1
6a4b07ff656642f82abb0716,407051312232,Inspiration Office Quotes Theme Wall Decor for Women Motivational Canv,70,False,False,False,Posters & Prints,0,71.97,39.9,20.92,29.1,1,0,2026-07-06,https://www.ebay.com/itm/Inspiration-Office-Quotes-Theme-Wall-Decor-Women-Motivational-Canv-/407051312232,https://www.amazon.com/dp/B083K8Q53Z/ref=sr_1_18?psc=1
6a4b07c5592d2fd556bb0291,407051306404,"4Monster Hiking Daypack,Water Resistant Lightweight Packable Backpack",69,False,False,False,Backpacks,0,47.97,25.99,14.43,30.1,1,0,2026-07-06,https://www.ebay.com/itm/4Monster-Hiking-Daypack-Water-Resistant-Lightweight-Packable-Backpack-/407051306404,https://www.amazon.com/dp/B081SRHPNX/?_encoding=UTF8?th=1&psc=1
6a4b07c7f8d26d6504347915,407051306134,"Angle Simple Hand Towel Holder Brushed Nickel, SUS 304 Stainless Steel",70,False,False,False,Towel Racks,0,34.97,16.9,12.47,35.7,1,0,2026-07-06,https://www.ebay.com/itm/Angle-Simple-Hand-Towel-Holder-Brushed-Nickel-SUS-304-Stainless-Steel-/407051306134,https://www.amazon.com/dp/B08HQCCZC8/ref=sr_1_15?psc=1
6a4b07f8d22a6109c6bb110c,407051305113,"Insulated Meal Prep Lunch Box with 6 BPA-Free, Reusable, Micr",61,False,False,False,Lunch Containers,0,89.97,49.95,26.17,29.1,1,0,2026-07-06,https://www.ebay.com/itm/Insulated-Meal-Prep-Lunch-Box-6-BPA-Free-Reusable-Micr-/407051305113,https://www.amazon.com/dp/B084H76VWG/ref=sr_1_13?th=1&psc=1
6a4b07307d7628dc88348b0c,407051301442,"Corgi Dog Plush Pillow, Cute Shiba Inu Corgi Butt Stuffed Animal Toys",69,False,False,False,Other Stuffed Animals,0,34.97,16.99,12.38,35.4,1,0,2026-07-06,https://www.ebay.com/itm/Corgi-Dog-Plush-Pillow-Cute-Shiba-Inu-Corgi-Butt-Stuffed-Animal-Toys-/407051301442,https://www.amazon.com/dp/B07PJJMJ3Q/ref=sr_1_6?psc=1
6a4b072d98bd0c6ebe46ff76,407051299917,Speaker Isolation Feet 8 Pack Rubber Pads Anti-Vibration for Subwoofer HiFi,75,False,False,False,Other HVAC & Refrigeration,1,57.97,31.95,16.97,29.3,1,0,2026-07-06,https://www.ebay.com/itm/Speaker-Isolation-Feet-8-Pack-1-5-Bigfoot-Rubber-Pads-Hudson-Hi-/407051299917,https://www.amazon.com/dp/B08GLBKRYZ/ref=sr_1_19?psc=1
6a4b07d6338473fe3bb447ea,407051298738,"Interchangeable Welcome Sign for Front Door with 14 Changeable Icons,",69,False,False,True,Plaques & Signs,0,48.97,26.95,14.32,29.2,1,0,2026-07-06,https://www.ebay.com/itm/Interchangeable-Welcome-Sign-Front-Door-14-Changeable-Icons-/407051298738,https://www.amazon.com/dp/B095HCF4F2/ref=sr_1_4?th=1&psc=1
6a4b0789d2b3f004c616fe48,407051295817,"Volens Round Gold Votive Candle Holders, Mercury Glass Candle Holder S",70,False,False,True,Candle Holders & Accessories,0,35.97,17.92,12.3,34.2,1,0,2026-07-06,https://www.ebay.com/itm/Volens-Round-Gold-Votive-Candle-Holders-Mercury-Glass-Candle-Holder-S-/407051295817,https://www.amazon.com/dp/B07F58TVHZ/?_encoding=UTF8?th=1&psc=1
6a4b06b851e3a99fd1b4485d,407051295101,Modern Glass Vase Crystal Glass Vase for Home Office Dec,56,False,False,False,Vases,0,32.97,14.99,12.68,38.5,1,0,2026-07-06,https://www.ebay.com/itm/Modern-Glass-Vase-Crystal-Glass-Vase-Home-Office-Dec-/407051295101,https://www.amazon.com/dp/B07XP5D2G3?_encoding=UTF8?th=1&psc=1
6a4b069998bd0c6ebe46ff70,407051294294,"Interchangeable Welcome Sign for Front Door with 14 Changeable Icons,",69,False,False,True,Plaques & Signs,0,49.97,27.95,14.17,28.4,1,0,2026-07-06,https://www.ebay.com/itm/Interchangeable-Welcome-Sign-Front-Door-14-Changeable-Icons-/407051294294,https://www.amazon.com/dp/B099PNCG51/ref=sr_1_6?th=1&psc=1
6a4b07bea826c2257ebb0386,407051293435,"Full Motion Ultrawide Monitor Wall Mount, Fits Ultra-Wide Screens",65,False,False,False,Monitor Mounts & Stands,0,53.97,29.99,15.53,28.8,1,0,2026-07-06,https://www.ebay.com/itm/Full-Motion-Ultrawide-Monitor-Wall-Mount-Fits-Ultra-Wide-Screens-/407051293435,https://www.amazon.com/dp/B01NBNKRBO?th=1&psc=1
6a4b0737d2b3f004c616fe46,407051292222,Pigort 3 Pieces Metal Flowers Wall Arts - Rustic Farmhouse Style Décor,70,False,False,False,Plaques & Signs,0,39.97,19.99,13.63,34.1,1,0,2026-07-06,https://www.ebay.com/itm/Pigort-3-Pieces-Metal-Flowers-Wall-Arts-Rustic-Farmhouse-Style-Decor-/407051292222,https://www.amazon.com/dp/B0F299H93L/ref=sr_1_15?th=1&psc=1
6a4b069498bd0c6ebe46ff6f,407051292189,Mini Tudou Baby Blocks Soft Building Blocks Baby Toys Teethers Toy Edu,70,False,False,False,Developmental Baby Toys,0,35.97,17.99,12.23,34.0,1,0,2026-07-06,https://www.ebay.com/itm/Mini-Tudou-Baby-Blocks-Soft-Building-Blocks-Baby-Toys-Teethers-Toy-Edu-/407051292189,https://www.amazon.com/dp/B07MW4QW26/ref=sr_1_20?psc=1
6a4b0674656642f82abb0710,407051291600,"Porcelain Tea Sets British Royal Series, 8 OZ Cups& Saucer Service for",70,False,False,True,Cups & Saucers,0,135.97,75.97,39.25,28.9,1,0,2026-07-06,https://www.ebay.com/itm/Porcelain-Tea-Sets-British-Royal-Series-8-OZ-Cups-Saucer-Service-/407051291600,https://www.amazon.com/dp/B075WNMJSY/ref=sr_1_13?th=1&psc=1
6a4b074598bd0c6ebe46ff77,407051290913,Stonebriar White Unscented Smokeless Long Burning Tea Light Candles wi,70,False,False,True,Candles,0,72.97,35.11,26.56,36.4,1,0,2026-07-06,https://www.ebay.com/itm/Stonebriar-White-Unscented-Smokeless-Long-Burning-Tea-Light-Candles-wi-/407051290913,https://www.amazon.com/dp/B08JH8NTXY/ref=sr_1_17?psc=1
6a4b0715d22a6109c6bb1104,407051289637,Matani Metal Dog Wall Decor | Dog & Living Room Wall Art | Minimalist,69,False,False,False,Plaques & Signs,0,35.97,17.99,12.23,34.0,1,0,2026-07-06,https://www.ebay.com/itm/Matani-Metal-Dog-Wall-Decor-Dog-Living-Room-Wall-Art-Minimalist-/407051289637,https://www.amazon.com/dp/B08G5D53CT/ref=sr_1_17?psc=1
6a4b0672d22a6109c6bb10ff,407051289631,"Fluffy Waterproof Dog Blanket for Couch and Bed, Reversible She",63,False,False,False,Blankets,0,63.97,34.99,19.03,29.7,1,0,2026-07-06,https://www.ebay.com/itm/Fluffy-Waterproof-Dog-Blanket-Couch-and-Bed-Reversible-She-/407051289631,https://www.amazon.com/dp/B08HFSHMVP/ref=sr_1_20?th=1&psc=1
6a4b0650d2b3f004c616fe3d,407051289056,"Foot Rest, Six Heights Adjustable Foot Rest for Under Desk",58,False,False,False,Footrests,0,39.97,19.99,13.63,34.1,1,0,2026-07-06,https://www.ebay.com/itm/Foot-Rest-Six-Heights-Adjustable-Foot-Rest-Under-Desk-/407051289056,https://www.amazon.com/dp/B0CW1ZYZ7S/ref=sr_1_4?psc=1
6a4b0664d22a6109c6bb10fe,407051288539,"3D Puzzles for Adults Green LED Flying Dutchman, 360 Pieces P",61,False,False,True,3D Puzzles,0,70.97,39.99,19.98,28.2,1,0,2026-07-06,https://www.ebay.com/itm/3D-Puzzles-Adults-Green-LED-Flying-Dutchman-360-Pieces-P-/407051288539,https://www.amazon.com/dp/B08SW2L581/ref=sr_1_6?th=1&psc=1
6a4b06c698bd0c6ebe46ff73,407051287156,Intelligent Design Raina Shower Curtain Printed Geometric Metallic Mac,70,False,False,False,Shower Curtains,0,46.97,24.99,14.58,31.0,1,0,2026-07-06,https://www.ebay.com/itm/Intelligent-Design-Raina-Shower-Curtain-Printed-Geometric-Metallic-Mac-/407051287156,https://www.amazon.com/dp/B072KH3BCD/ref=sr_1_14?th=1&psc=1
6a4b0628d2b3f004c616fe3a,407051287055,7 Foot Heavy Duty HIGH Wind Beach Umbrella with sand anchor Ven,63,False,False,False,Umbrellas,0,89.97,49.99,26.13,29.0,1,0,2026-07-06,https://www.ebay.com/itm/7-Foot-Heavy-Duty-HIGH-Wind-Beach-Umbrella-sand-anchor-Ven-/407051287055,https://www.amazon.com/dp/B071GBQWTN/ref=sr_1_15?psc=1
6a4b060b98bd0c6ebe46ff6b,407051286112,Large Silicone Cooking Utensils Set - Heat Resistant Silicone Kitchen,69,False,False,False,Cooking Utensils,0,42.97,22.99,13.18,30.7,1,0,2026-07-06,https://www.ebay.com/itm/Large-Silicone-Cooking-Utensils-Set-Heat-Resistant-Silicone-Kitchen-/407051286112,https://www.amazon.com/dp/B0B5G9BSY5/?psc=1
6a4b0677338473fe3bb447e6,407051285494,Kitchen Wall Decor Canvas Art for Dining Room Vintage Theme Fr,62,False,False,True,Posters & Prints,0,49.97,27.99,14.13,28.3,1,0,2026-07-06,https://www.ebay.com/itm/Kitchen-Wall-Decor-Canvas-Art-Dining-Room-Vintage-Theme-Fr-/407051285494,https://www.amazon.com/dp/B08Z369WSC/?_encoding=UTF8&psc=1
6a4b05fd656642f82abb070e,407051285153,Reversible Hooded Dog Raincoat Slicker Poncho for Small Medium Lar,66,False,False,False,Clothing & Shoes,0,48.97,26.99,14.28,29.2,1,0,2026-07-06,https://www.ebay.com/itm/Reversible-Hooded-Dog-Raincoat-Slicker-Poncho-Small-Medium-Lar-/407051285153,https://www.amazon.com/dp/B0983ZCGG1/ref=sr_1_15?th=1&psc=1
6a4b06ae98bd0c6ebe46ff72,407051282752,Bedroom Wall Art For Living Room Bathroom Wall Decor For Kitchen Famil,70,False,False,False,Posters & Prints,0,52.97,28.99,15.68,29.6,1,0,2026-07-06,https://www.ebay.com/itm/Bedroom-Wall-Art-Living-Room-Bathroom-Wall-Decor-Kitchen-Famil-/407051282752,https://www.amazon.com/dp/B083TNKJVC/ref=sr_1_10?psc=1
6a4b06007d7628dc88348b03,407051282677,Guitar Strap Genuine Leather Ends - Sun Jacquard Weave Stra,59,False,False,False,Straps,0,30.97,13.99,11.98,38.7,1,0,2026-07-06,https://www.ebay.com/itm/Guitar-Strap-Genuine-Leather-Ends-Sun-Jacquard-Weave-Stra-/407051282677,https://www.amazon.com/dp/B072NYBG7V/ref=sr_1_5?psc=1
6a4b05e0d2b3f004c616fe39,407051280835,"Silicone Cooking Utensil Set, Umite Chef 8-Piece Kitchen Utensils Set",69,False,False,False,Cooking Utensils,0,52.97,27.99,16.68,31.5,1,0,2026-07-06,https://www.ebay.com/itm/Silicone-Cooking-Utensil-Set-Umite-Chef-8-Piece-Kitchen-Utensils-Set-/407051280835,https://www.amazon.com/dp/B08VDTCMSG/?th=1&psc=1
6a4b059751e3a99fd1b4485a,407051278890,junovo Ultra Soft Washable Shaggy Rug - Non-Slip Oval Carpet for Nurse,70,False,False,False,Area Rugs,0,34.97,16.99,12.38,35.4,1,0,2026-07-06,https://www.ebay.com/itm/junovo-Ultra-Soft-Washable-Shaggy-Rug-Non-Slip-Oval-Carpet-Nurse-/407051278890,https://www.amazon.com/dp/B08GPJYLD3/ref=sr_1_16?th=1&psc=1
6a4b065b51e3a99fd1b4485c,407051278769,"Mayfair Cameron Bone Toilet Seat, Non Slip Heavy Duty Wood, Easy Clean",70,False,False,False,Toilet Seats,0,109.97,60.08,33.04,30.0,1,0,2026-07-06,https://www.ebay.com/itm/Mayfair-Cameron-Bone-Toilet-Seat-Non-Slip-Heavy-Duty-Wood-Easy-Clean-/407051278769,https://www.amazon.com/dp/B0GT8W7LJW/ref=sr_1_3?psc=1
6a4b05dc98bd0c6ebe46ff68,407051273816,Kate 5x7ft Brown Portrait Backdrops Vintage Brown Backgrounds for Prof,70,False,False,False,Background Material,0,38.97,18.99,13.78,35.4,1,0,2026-07-06,https://www.ebay.com/itm/Kate-5x7ft-Brown-Portrait-Backdrops-Vintage-Brown-Backgrounds-Prof-/407051273816,https://www.amazon.com/dp/B08Q7RG7W5/ref=sr_1_17?th=1&psc=1
6a4b0578f8d26d6504347910,407051272039,"Chunky Knit Blanket Throw 40""*60"", Hand Knitted Warm Chenille Throw Bl",70,False,False,True,Blankets & Throws,0,71.97,39.99,20.83,28.9,1,0,2026-07-06,https://www.ebay.com/itm/Chunky-Knit-Blanket-Throw-40-60-Hand-Knitted-Warm-Chenille-Throw-Bl-/407051272039,https://www.amazon.com/dp/B0CBPT87TP/ref=sr_1_7?psc=1
6a4b060c7d7628dc88348b04,407051271325,"Measuring Cups and Measuring Spoons Set, Stainless Steel Measuring Cup",70,False,False,False,Measuring Cups & Spoons,0,70.97,38.95,21.02,29.6,1,0,2026-07-06,https://www.ebay.com/itm/Measuring-Cups-and-Measuring-Spoons-Set-Stainless-Steel-Measuring-Cup-/407051271325,https://www.amazon.com/dp/B07D9CV1F2/ref=sr_1_9?th=1&psc=1
6a4b0574d22a6109c6bb10f9,407051268252,4NM No Assembly Folding Bookshelf Storage Shelves 3 Tiers Vintage Book,70,False,False,False,Bookcases & Shelving,0,195.97,109.99,56.23,28.7,1,0,2026-07-06,https://www.ebay.com/itm/4NM-No-Assembly-Folding-Bookshelf-Storage-Shelves-3-Tiers-Vintage-Book-/407051268252,https://www.amazon.com/dp/B08H22XLBY?_encoding=UTF8&psc=1
6a4b04f9338473fe3bb447dc,407051267635,hyidecorart Wall Art Moon Sea blue Ocean Landscape Paintings Bedroom C,70,False,False,True,Posters & Prints,0,248.97,139.99,71.28,28.6,0,1,2026-07-06,https://www.ebay.com/itm/hyidecorart-Wall-Art-Moon-Sea-blue-Ocean-Landscape-Paintings-Bedroom-C-/407051267635,https://www.amazon.com/dp/B0833W8ND6/ref=sr_1_9?th=1&psc=1
6a4b049959c194e06346fe93,407051266534,"Crystal Ball for Photography 3 Pack, Props Decoration, K9 Lens S",64,False,False,True,Filters,0,60.97,33.99,17.48,28.7,1,0,2026-07-06,https://www.ebay.com/itm/Crystal-Ball-Photography-3-Pack-Props-Decoration-K9-Lens-S-/407051266534,https://www.amazon.com/dp/B07LGGRLD4?th=1&psc=1
6a4b055251e3a99fd1b44858,407051264606,"Sun Company Lev-o-gage Sr. Inclinometer and Tilt Gauge - Level for RV,",70,False,False,True,Gauges,0,44.97,23.99,13.88,30.9,1,0,2026-07-06,https://www.ebay.com/itm/Sun-Company-Lev-o-gage-Sr-Inclinometer-and-Tilt-Gauge-Level-RV-/407051264606,https://www.amazon.com/dp/B001UGNJFQ/ref=sr_1_14?th=1&psc=1
6a4b052751e3a99fd1b44856,407051262538,"Gifts for Mom, Women, Wife, Girlfriend, Sister, Best Friend, Her - Uni",70,False,False,False,Necklaces & Pendants,0,39.97,19.99,13.63,34.1,1,0,2026-07-06,https://www.ebay.com/itm/Gifts-Mom-Women-Wife-Girlfriend-Sister-Best-Friend-Her-Uni-/407051262538,https://www.amazon.com/dp/B0DHK637GX?psc=1
6a4b041fd2b3f004c616fe22,407051261515,Kitchen wall decor Restoring ancient ways Still life Wine glass Wine b,70,False,False,True,Posters & Prints,0,96.97,53.99,28.08,29.0,1,0,2026-07-06,https://www.ebay.com/itm/Kitchen-wall-decor-Restoring-ancient-ways-Still-life-Wine-glass-Wine-b-/407051261515,https://www.amazon.com/dp/B07Q98941Y/ref=sr_1_20?th=1&psc=1
6a4b045159c194e06346fe90,407051259295,"Wedding Arch Draping Fabric 3 Panels 27.5"" x 18.3Ft White Arch Drape C",70,False,False,True,Curtains & Drapes,0,53.97,28.8,16.72,31.0,1,0,2026-07-06,https://www.ebay.com/itm/Wedding-Arch-Draping-Fabric-3-Panels-27-5-x-18-3Ft-White-Arch-Drape-C-/407051259295,https://www.amazon.com/dp/B08HRRF67H/?psc=1&th=1
6a4b052f36f0914fa016f100,407051254890,Jetstream Heavy Duty Multi Pocket Durable Sports Gym Equipment Travel,69,False,False,False,Bags,0,71.97,39.99,20.83,28.9,1,0,2026-07-06,https://www.ebay.com/itm/Jetstream-Heavy-Duty-Multi-Pocket-Durable-Sports-Gym-Equipment-Travel-/407051254890,https://www.amazon.com/dp/B00OD5K8LO/ref=sr_1_9?th=1&psc=1
6a4b04b57d7628dc88348af5,407051251272,"Camay Classic Bar Soap, Rose Essence, 4.98 Oz Each Soap, 6 Bar Soaps.",69,False,False,False,Body Soaps,0,41.97,21.43,13.89,33.1,1,0,2026-07-06,https://www.ebay.com/itm/Camay-Classic-Bar-Soap-Rose-Essence-4-98-Oz-Each-Soap-6-Bar-Soaps-/407051251272,https://www.amazon.com/dp/B08TNTD2ZL/ref=sr_1_10?psc=1
6a4b03fbd2b3f004c616fe20,407051251007,"Soft Dry Wipe 6 Pack, 100% Cotton Face Tissues, Lint Free",57,False,False,False,Facial Tissues,0,64.97,35.99,18.88,29.1,1,0,2026-07-06,https://www.ebay.com/itm/Soft-Dry-Wipe-6-Pack-100-Cotton-Face-Tissues-Lint-Free-/407051251007,https://www.amazon.com/dp/B0912JB1RS/ref=sr_1_6?th=1&psc=1
6a4b040898bd0c6ebe46ff54,407051250013,"Younift Funny Grad Candle, 2026 Graduation Gifts for Her, Him - Colleg",70,False,False,False,Mugs,0,28.97,12.99,11.28,38.9,1,0,2026-07-06,https://www.ebay.com/itm/Younift-Funny-Grad-Candle-2026-Graduation-Gifts-Her-Him-Colleg-/407051250013,https://www.amazon.com/dp/B0D2318TXL/ref=sr_1_20?th=1&psc=1
6a4b0508d2b3f004c616fe31,407051247925,"Cooling Comforter Queen Size, Double-Sided Cold Tech Fabric Quilted Be",70,False,False,True,Comforters & Sets,0,115.97,64.99,33.23,28.7,1,0,2026-07-06,https://www.ebay.com/itm/Cooling-Comforter-Queen-Size-Double-Sided-Cold-Tech-Fabric-Quilted-/407051247925,https://www.amazon.com/dp/B0DWNHX37J/ref=sr_1_20?psc=1
6a4b038e7d7628dc88348ae1,407051245949,"Aoderun Flower Vase Modern Home Decor Glass Vase for Bouquet 8.7"" Cent",70,False,False,False,Vases,0,32.97,14.99,12.68,38.5,1,0,2026-07-06,https://www.ebay.com/itm/Aoderun-Flower-Vase-Modern-Home-Decor-Glass-Vase-Bouquet-8-7-Cent-/407051245949,https://www.amazon.com/dp/B08SGC6BFZ/ref=sr_1_9?th=1&psc=1
6a4b03e35ec0f5d4f116f436,407051245622,Capri Blue Volcano Scented Candles - Luxury Glass Jar Candles for Home,70,False,False,False,Candles,0,63.97,35.0,19.02,29.7,1,0,2026-07-06,https://www.ebay.com/itm/Capri-Blue-Volcano-Scented-Candles-Luxury-Glass-Jar-Candles-Home-/407051245622,https://www.amazon.com/dp/B000YBFJQU/?psc=1&th=1
6a4b04e459c194e06346fe94,407051244802,"Farmhouse White Truck Decor, Vintage Metal Rustic Outdoor/Indoor Picku",70,False,False,False,Planters,0,71.97,39.99,20.83,28.9,1,0,2026-07-06,https://www.ebay.com/itm/Farmhouse-White-Truck-Decor-Vintage-Metal-Rustic-Outdoor-Indoor-Picku-/407051244802,https://www.amazon.com/dp/B09N25WCYS?psc=1
6a4b034c656642f82abb06fe,407051243476,Sage Green Throw Pillow Covers 18x18 inch Soft Striped Boho Farmhouse,69,False,False,False,Pillows,0,34.97,16.99,12.38,35.4,1,0,2026-07-06,https://www.ebay.com/itm/Sage-Green-Throw-Pillow-Covers-18x18-inch-Soft-Striped-Boho-Farmhouse-/407051243476,https://www.amazon.com/dp/B08NSJRYKP/ref=sr_1_3?psc=1
6a4b03c6d22a6109c6bb10d8,407051242982,"Bluecorn Beeswax 100% Pure Beeswax Tea Lights (24 case, Raw)",60,False,False,False,Candle Wax,0,60.97,34.0,17.47,28.7,1,0,2026-07-06,https://www.ebay.com/itm/Bluecorn-Beeswax-100-Pure-Beeswax-Tea-Lights-24-case-Raw-/407051242982,https://www.amazon.com/dp/B009ISANFW/ref=sr_1_19?psc=1
6a4b02b451e3a99fd1b44824,407051241286,Waffle Weave Shower Curtain with Snap-in Fabric Liner & Hooks,61,False,False,False,Freight Cars,0,46.97,24.98,14.59,31.1,1,0,2026-07-06,https://www.ebay.com/itm/Waffle-Weave-Shower-Curtain-Snap-in-Fabric-Liner-Hooks-/407051241286,https://www.amazon.com/dp/B09873N25Y/ref=sr_1_4?th=1&psc=1
6a4b04777d7628dc88348af1,407051240933,Bathtub Caddy Tray for Luxury Bath - Bamboo Waterproof Expandable Bath,70,False,False,False,Bathtub Caddies & Trays,0,70.97,38.97,21.0,29.6,1,0,2026-07-06,https://www.ebay.com/itm/Bathtub-Caddy-Tray-Luxury-Bath-Bamboo-Waterproof-Expandable-Bath-/407051240933,https://www.amazon.com/dp/B07S62FR8M/?psc=1
6a4b03a2338473fe3bb447d3,407051240929,"Owl Wax Melt Warmer for Home Décor, Wax Warmer for Wax Melt,",60,False,False,True,Home Fragrance,0,48.97,26.99,14.28,29.2,1,0,2026-07-06,https://www.ebay.com/itm/Owl-Wax-Melt-Warmer-Home-Decor-Wax-Warmer-Wax-Melt-/407051240929,https://www.amazon.com/dp/B08L35JKBY/ref=sr_1_7?psc=1
6a4b026c98bd0c6ebe46ff37,407051239233,"Birthday Gifts for Women, Unique Spa Gift Basket Set for Mothers Day,",69,False,False,True,Bath Sets & Kits,0,41.97,21.99,13.33,31.8,1,0,2026-07-06,https://www.ebay.com/itm/Birthday-Gifts-Women-Unique-Spa-Gift-Basket-Set-Mothers-Day-/407051239233,https://www.amazon.com/dp/B0CPXYFJP4/?psc=1&th=1
6a4b03e37d7628dc88348ae8,407051238198,Black Bathroom Rugs Sets 3 Piece with Toilet Lid Cover Non Slip,63,False,False,False,"Bath Mats, Rugs & Toilet Covers",0,48.97,26.98,14.29,29.2,1,0,2026-07-06,https://www.ebay.com/itm/Black-Bathroom-Rugs-Sets-3-Piece-Toilet-Lid-Cover-Non-Slip-/407051238198,https://www.amazon.com/dp/B089Y8D3KY/?psc=1
6a4b02497d7628dc88348ac4,407051236194,Lavender Scented Candles for Women - Aromatherapy Candle with C,63,False,False,True,Candles,0,38.97,15.99,16.78,43.1,1,0,2026-07-06,https://www.ebay.com/itm/Lavender-Scented-Candles-Women-Aromatherapy-Candle-C-/407051236194,https://www.amazon.com/dp/B09R1K4LP1/ref=sr_1_6?psc=1
6a4b034e7d7628dc88348adc,407051234651,"Graco Ready2Grow 2.0 Double Stroller, Twin Baby Stroller Features Benc",70,False,False,False,Strollers,0,427.97,239.99,123.43,28.8,0,1,2026-07-06,https://www.ebay.com/itm/Graco-Ready2Grow-2-0-Double-Stroller-Twin-Baby-Stroller-Features-Benc-/407051234651,https://www.amazon.com/dp/B08K2KC6KD/?psc=1&th=1
6a4b0224f8d26d65043478fc,407051233429,Tyler Candle Mixer Melts Set of 4 - Diva,40,False,False,False,Candles,0,29.97,13.85,11.27,37.6,1,0,2026-07-06,https://www.ebay.com/itm/Tyler-Candle-Mixer-Melts-Set-4-Diva-/407051233429,https://www.amazon.com/dp/B0141Q2N9O/ref=sr_1_4?th=1&psc=1
6a4b02bf51e3a99fd1b44825,407051229518,"Extra Long Shower Curtain with 84 inch Height, Fabric, Waffle Weave, H",70,False,False,True,Shower Curtains,0,39.97,20.99,12.63,31.6,1,0,2026-07-06,https://www.ebay.com/itm/Extra-Long-Shower-Curtain-84-inch-Height-Fabric-Waffle-Weave-H-/407051229518,https://www.amazon.com/dp/B07LC64H8Z/ref=sr_1_4?th=1&psc=1
6a4b020151e3a99fd1b4481a,407051223586,Homesick Scented Candles for Home (North Carolina) - 13.75 oz Long-Las,70,False,False,False,Candles,0,53.97,29.95,15.57,28.8,1,0,2026-07-06,https://www.ebay.com/itm/Homesick-Scented-Candles-Home-North-Carolina-13-75-oz-Long-Las-/407051223586,https://www.amazon.com/dp/B088SGCVGV?_encoding=UTF8?th=1&psc=1
6a4b023651e3a99fd1b44820,407051219561,12x12 Picture Frames White Made of Solid Wood Display Pictures 10x10 o,70,False,False,True,Frames,0,47.97,25.99,14.43,30.1,1,0,2026-07-06,https://www.ebay.com/itm/12x12-Picture-Frames-White-Made-Solid-Wood-Display-Pictures-10x10-o-/407051219561,https://www.amazon.com/dp/B08XWFGVCM/ref=sr_1_3?psc=1
6a4b017c7d7628dc88348ab2,407051205783,"Perytong Sleep Headphones Wireless, Bluetooth Sports Headband Headphon",70,False,False,False,Headphones,0,33.97,13.59,14.93,44.0,1,0,2026-07-06,https://www.ebay.com/itm/Perytong-Sleep-Headphones-Wireless-Bluetooth-Sports-Headband-Headphon-/407051205783,https://www.amazon.com/dp/B08SJ6DT4V/ref=sr_1_19?th=1&psc=1
6a4b0158d2b3f004c616fdeb,407051202165,"Metal Cat Litter Scoop – Long Handle Cat Poop Scooper for Litter Box (15”),",75,False,False,True,Litter Boxes,0,33.97,15.99,12.53,36.9,1,0,2026-07-06,https://www.ebay.com/itm/Metal-Cat-Litter-Scoop-Long-Handle-Cat-Poop-Scooper-Litter-Box-15-Heav-/407051202165,https://www.amazon.com/dp/B07YBMBNX2/ref=sr_1_13?th=1&psc=1
6a4b00a5d22a6109c6bb10a1,407051194832,"Elegear Cooling Comforter Queen Size, Arc-Chill 3.0 Instantly Cool Fab",70,False,False,False,Comforters & Sets,0,83.97,34.99,36.03,42.9,1,0,2026-07-06,https://www.ebay.com/itm/Cooling-Comforter-Queen-Size-Arc-Chill-3-0-Instantly-Cool-Fabric-Q-Max-0-5-/407051194832,https://www.amazon.com/dp/B0DPX4B5ZL/?psc=1&th=1
6a4b005ed2b3f004c616fde1,407051191551,Baby Delight Beside Me Dreamer Bassinet | Bedside Sleeper | 7-Position,70,False,False,False,Bassinets & Cradles,0,320.97,179.9,92.57,28.8,1,0,2026-07-06,https://www.ebay.com/itm/Baby-Delight-Beside-Me-Dreamer-Bassinet-Bedside-Sleeper-7-Position-/407051191551,https://www.amazon.com/dp/B08DWQ4ZZF/?_encoding=UTF8?th=1&psc=1
6a4affac51e3a99fd1b447fc,407051188656,"Capri Blue Volcano Scented, Glass Jar Candles for Home with Tropical F",70,False,False,True,Candles,0,46.97,25.0,14.57,31.0,1,0,2026-07-06,https://www.ebay.com/itm/Capri-Blue-Volcano-Scented-Glass-Jar-Candles-Home-Tropical-F-/407051188656,https://www.amazon.com/dp/B075DW9RDF/?th=1&psc=1
6a4aff87d22a6109c6bb1092,407051184750,"Archipelago Botanicals Kashmir Glass Jar Candle, Kashmir Vanilla, Oran",70,False,False,False,Candles & Candle Holders,0,57.97,32.0,16.92,29.2,1,0,2026-07-06,https://www.ebay.com/itm/Archipelago-Botanicals-Kashmir-Glass-Jar-Candle-Kashmir-Vanilla-Oran-/407051184750,https://www.amazon.com/dp/B01F5GIHXA/ref=sr_1_14?th=1&psc=1
6a4aff6398bd0c6ebe46ff14,407051181162,"Black Candle Tins 4oz, 24 Piece Candle Containers | Classic, Bulk Cand",70,False,False,False,Jars & Containers,0,35.97,17.99,12.23,34.0,1,0,2026-07-06,https://www.ebay.com/itm/Black-Candle-Tins-4oz-24-Piece-Candle-Containers-Classic-Bulk-Cand-/407051181162,https://www.amazon.com/dp/B086YPD9WR/ref=sr_1_14?th=1&psc=1
6a4afe6951e3a99fd1b447eb,407051176324,Twin Upholstered LED Bed Frame with Storage Drawer and Adjustable Chic,70,False,False,False,Beds & Bed Frames,0,257.97,143.99,74.93,29.0,1,0,2026-07-06,https://www.ebay.com/itm/Twin-Upholstered-LED-Bed-Frame-Storage-Drawer-and-Adjustable-Chic-/407051176324,https://www.amazon.com/dp/B0DSJT15H6/ref=sr_1_15?th=1&psc=1
6a4afe44f8d26d65043478ea,407051170339,"Printer Stand, 2-Tier Industrial Under Desk Printer Cart with S",63,False,False,True,Home Office Desks,0,82.97,46.74,23.43,28.2,1,0,2026-07-06,https://www.ebay.com/itm/Printer-Stand-2-Tier-Industrial-Under-Desk-Printer-Cart-S-/407051170339,https://www.amazon.com/dp/B0F32PPGSQ/ref=sr_1_7?psc=1
6a4afc6ed22a6109c6bb1073,407051160986,8x10 Picture Frames Rustic Brown with Mat Photo Frames 4 Packs,62,False,False,False,Frames,0,32.97,14.99,12.68,38.5,1,0,2026-07-06,https://www.ebay.com/itm/8x10-Picture-Frames-Rustic-Brown-Mat-Photo-Frames-4-Packs-/407051160986,https://www.amazon.com/dp/B087K1CH8X/ref=sr_1_15?psc=1
6a4afc5198bd0c6ebe46feeb,407051154911,Laura Ashley 4x4 Black Ornate Textured Hand-Crafted Resin Picture Fram,70,False,False,False,Frames,0,34.97,16.99,12.38,35.4,1,0,2026-07-06,https://www.ebay.com/itm/Laura-Ashley-4x4-Black-Ornate-Textured-Hand-Crafted-Resin-Picture-Fram-/407051154911,https://www.amazon.com/dp/B07BQB74V1/ref=sr_1_10?th=1&psc=1
6a4afbe698bd0c6ebe46fee3,407051150444,Muzilife 45.3 Inch Large Floating Shelves - Set of 2 Rustic Wood Float,70,False,False,False,Bookcases & Shelving,0,71.97,39.99,20.83,28.9,1,0,2026-07-06,https://www.ebay.com/itm/Muzilife-45-3-Inch-Large-Floating-Shelves-Set-2-Rustic-Wood-Float-/407051150444,https://www.amazon.com/dp/B07MMM65B3/ref=sr_1_4?psc=1
6a4afb0851e3a99fd1b447cd,407051148812,Madrona Brands Red Flower Windsock | Durable Outdoor Hanging Decoratio,70,False,False,False,Windmills & Wind Spinners,0,32.97,14.99,12.68,38.5,1,0,2026-07-06,https://www.ebay.com/itm/Madrona-Brands-Red-Flower-Windsock-Durable-Outdoor-Hanging-Decoratio-/407051148812,https://www.amazon.com/dp/B092RL5TB6/ref=sr_1_20?psc=1
6a4afa31d2b3f004c616fda8,407051145503,Liberty GARDEN 704 Decorative Cast Aluminum Wall Mount Garden Hose Ree,70,False,False,False,Hose Reels & Storage,0,166.97,93.92,47.65,28.5,1,0,2026-07-06,https://www.ebay.com/itm/Liberty-GARDEN-704-Decorative-Cast-Aluminum-Wall-Mount-Garden-Hose-Ree-/407051145503,https://www.amazon.com/dp/B00215LFZQ/ref=sr_1_4?psc=1
6a4af9e951e3a99fd1b447c3,407051141842,"Red Rose Canvas Wall Art Decor,12x12inX4 Black White Red Romantic Gift",70,False,False,False,Posters & Prints,0,44.97,23.9,13.97,31.1,1,0,2026-07-06,https://www.ebay.com/itm/Red-Rose-Canvas-Wall-Art-Decor-12x12inX4-Black-White-Red-Romantic-Gift-/407051141842,https://www.amazon.com/dp/B07V2P7PR7/ref=sr_1_16?th=1&psc=1
6a4af9c598bd0c6ebe46fece,407051135305,Luxury Spa Skincare Sandalwood Gift Set for Men | Mens Body Wa,62,False,False,True,Bath Sets & Kits,0,44.97,24.0,13.87,30.8,1,0,2026-07-06,https://www.ebay.com/itm/Luxury-Spa-Skincare-Sandalwood-Gift-Set-Men-Mens-Body-Wa-/407051135305,https://www.amazon.com/dp/B077FFJ94W/ref=sr_1_10?th=1&psc=1
6a4af93651e3a99fd1b447be,407051131645,"Delma Arched Mirror Full Length,Standing Mirror Full Body,Large Floor",69,False,False,False,Mirrors,0,82.97,39.99,30.18,36.4,1,0,2026-07-06,https://www.ebay.com/itm/Delma-Arched-Mirror-Full-Length-Standing-Mirror-Full-Body-Large-Floor-/407051131645,https://www.amazon.com/dp/B0D16T4G91/ref=sr_1_12?psc=1
6a4af81751e3a99fd1b447b7,407051129613,Deer Head Pillow Case Decorative Cotton Linen Embroidered Cushions Cov,70,False,False,False,Pillows,0,32.97,15.29,12.38,37.5,1,0,2026-07-06,https://www.ebay.com/itm/Deer-Head-Pillow-Case-Decorative-Cotton-Linen-Embroidered-Cushions-Cov-/407051129613,https://www.amazon.com/dp/B07S9XCV2R?_encoding=UTF8&psc=1
6a4af7f4d2b3f004c616fd90,407051125771,Foamily Couch Pillows Inserts 16x16 (Set of 4) Premium Decorative Pill,70,False,False,False,Pillows,0,48.97,26.98,14.29,29.2,1,0,2026-07-06,https://www.ebay.com/itm/Foamily-Couch-Pillows-Inserts-16x16-Set-4-Premium-Decorative-Pill-/407051125771,https://www.amazon.com/dp/B071YDNTC7/ref=sr_1_12?th=1&psc=1
6a4af7d051e3a99fd1b447b3,407051122969,"Towels Kitchen Bar Mops Towels, Pack of 12 Towels - 16 x 19 Inches, 10",70,False,False,False,Towels & Dishcloths,0,39.97,19.99,13.63,34.1,1,0,2026-07-06,https://www.ebay.com/itm/Towels-Kitchen-Bar-Mops-Towels-Pack-12-Towels-16-x-19-Inches-10-/407051122969,https://www.amazon.com/dp/B08DK17VGB/ref=sr_1_13?th=1&psc=1
6a4af7ac51e3a99fd1b447b1,407051115905,"Lahome Floral Living Room Rugs, Area Rugs 5x7 Rug for Bedroom Ultra-Th",70,False,False,False,Area Rugs,0,94.97,52.79,27.58,29.0,1,0,2026-07-06,https://www.ebay.com/itm/Lahome-Floral-Living-Room-Rugs-Area-Rugs-5x7-Rug-Bedroom-Ultra-Th-/407051115905,https://www.amazon.com/dp/B0CS9SWZ45/ref=sr_1_14?psc=1
6a4af7887d7628dc88348a58,407051110330,"Amada Bathroom Shelves Over Toilet with Storage Basket, Floating Wall",69,False,False,False,Bathtub Caddies & Trays,0,38.97,18.78,13.99,35.9,1,0,2026-07-06,https://www.ebay.com/itm/Amada-Bathroom-Shelves-Over-Toilet-Storage-Basket-Floating-Wall-/407051110330,https://www.amazon.com/dp/B0CP27Z2PR/ref=sr_1_18?psc=1
6a4af669d2b3f004c616fd85,407051105214,"Gaming Mouse Pad Desk Pad,Extended Big Mouse Pad,31.5x11.8 Inch Long C",70,False,False,True,Mouse Pads & Wrist Rests,0,34.97,16.99,12.38,35.4,1,0,2026-07-06,https://www.ebay.com/itm/Gaming-Mouse-Pad-Desk-Pad-Extended-Big-Mouse-Pad-31-5x11-8-Inch-Long-C-/407051105214,https://www.amazon.com/dp/B0D6QXN9ST/ref=sr_1_11?psc=1
6a4af645d22a6109c6bb1031,407051102890,"Dr Teal's Foaming Bath Variety Gift Set (2 Pack, 34oz ea.) - Soothe &",69,False,False,True,Bath Salts,0,47.97,24.87,15.55,32.4,0,0,2026-07-06,https://www.ebay.com/itm/Dr-Teals-Foaming-Bath-Variety-Gift-Set-2-Pack-34oz-ea-Soothe-/407051102890,https://www.amazon.com/dp/B08T6KDGN4/ref=sr_1_5?th=1&psc=1
6a4af5fe51e3a99fd1b447a7,407051098485,Gold Wedding Vases for Table Centerpieces - Set of 10 Twist Candlehold,70,False,False,False,Centerpieces & Table Décor,0,208.97,116.98,60.29,28.9,1,0,2026-07-06,https://www.ebay.com/itm/Gold-Wedding-Vases-Table-Centerpieces-Set-10-Twist-Candlehold-/407051098485,https://www.amazon.com/dp/B08HPYCY9S/ref=sr_1_13?th=1&psc=1
6a4af5b57d7628dc88348a46,407051095779,"Homsolver 18th Birthday Gifts for Girls, 18th Birthday Decorations Can",70,False,False,False,Party Decorations,0,30.97,13.99,11.98,38.7,1,0,2026-07-06,https://www.ebay.com/itm/Homsolver-18th-Birthday-Gifts-Girls-18th-Birthday-Decorations-Can-/407051095779,https://www.amazon.com/dp/B0DCB8F4K5?psc=1
6a4af591d2b3f004c616fd7e,407051094181,"Candle Warmer Lamp with Timer & Dimmable Brightness, House Warming Gif",70,False,False,False,Candle Holders & Accessories,0,50.97,27.99,14.98,29.4,1,0,2026-07-06,https://www.ebay.com/itm/Candle-Warmer-Lamp-Timer-Dimmable-Brightness-House-Warming-Gif-/407051094181,https://www.amazon.com/dp/B0FDBBS7ZQ/ref=sr_1_7?th=1&psc=1
6a4ae924d22a6109c6bb0f9c,407051047843,"Oil Rubbed Bronze Bathroom Shower Grab Bar, Home Care Bath H",60,False,False,True,Tea Kettles,0,59.97,32.99,17.63,29.4,1,0,2026-07-06,https://www.ebay.com/itm/Oil-Rubbed-Bronze-Bathroom-Shower-Grab-Bar-Home-Care-Bath-H-/407051047843,https://www.amazon.com/dp/B0776F55WL/ref=sr_1_8?th=1&psc=1
6a4ae900d2b3f004c616fcf8,407051045687,"Large Circle Mirror, Round Wall Mirror, Premium Brushed Metal Frame, D",70,False,False,True,Mirrors,0,232.97,129.99,67.68,29.1,1,0,2026-07-06,https://www.ebay.com/itm/Large-Circle-Mirror-Round-Wall-Mirror-Premium-Brushed-Metal-Frame-D-/407051045687,https://www.amazon.com/dp/B089M5K1ZS/ref=sr_1_16?th=1&psc=1
6a4ae8dcd22a6109c6bb0f98,407051042536,"Sky Organics - Epsom Salt Bath Soak, 5 lbs - Magnesium Sulfate USP - 1",70,False,False,False,Bath Salts,0,44.97,22.0,15.87,35.3,0,0,2026-07-06,https://www.ebay.com/itm/Sky-Organics-Epsom-Salt-Bath-Soak-5-lbs-Magnesium-Sulfate-USP-1-/407051042536,https://www.amazon.com/dp/B01KW6CF36?psc=1
6a4ae84dd22a6109c6bb0f92,407051032831,5 Pieces Bathroom Hardware Accessories Set Black Towel Bar Set Towel H,70,False,False,True,Bathroom Accessory Sets,0,71.97,39.99,20.83,28.9,1,0,2026-07-06,https://www.ebay.com/itm/5-Pieces-Bathroom-Hardware-Accessories-Set-Black-Towel-Bar-Set-Towel-H-/407051032831,https://www.amazon.com/dp/B08QS37RHQ/ref=sr_1_9?psc=1
6a4ae7bed2b3f004c616fceb,407051028829,Bathroom Wall Art Daisy Canvas Pictures Modern Flower Bathtub Artwork,69,False,False,False,Posters & Prints,0,63.97,34.99,19.03,29.7,1,0,2026-07-06,https://www.ebay.com/itm/Bathroom-Wall-Art-Daisy-Canvas-Pictures-Modern-Flower-Bathtub-Artwork-/407051028829,https://www.amazon.com/dp/B09BZ6DM7K/?th=1&psc=1
6a4ae79b73490fda4309a498,407051025317,Boao 4 Pieces Wood Hooks for Towels Wall-Mounted Natural Wood Wall Han,70,False,False,False,Hooks & Hangers,0,35.97,16.49,13.73,38.2,1,0,2026-07-06,https://www.ebay.com/itm/Boao-4-Pieces-Wood-Hooks-Towels-Wall-Mounted-Natural-Wood-Wall-Han-/407051025317,https://www.amazon.com/dp/B087PDFMQT/ref=sr_1_5?psc=1
6a4ae75273490fda4309a492,407051022417,Modern Glass Vase Irised Crystal Clear Glass Vase for Ho,56,False,False,True,Vases,0,33.97,14.99,13.53,39.8,1,0,2026-07-06,https://www.ebay.com/itm/Modern-Glass-Vase-Irised-Crystal-Clear-Glass-Vase-Ho-/407051022417,https://www.amazon.com/dp/B07XP8RZ9C/ref=sr_1_4?psc=1
6a4ae734d22a6109c6bb0f85,407051017351,Waffle Weave Fabric Shower Curtain with Light-Filtering Mesh S,62,False,False,True,Shower Curtains,0,39.97,19.99,13.63,34.1,1,0,2026-07-06,https://www.ebay.com/itm/Waffle-Weave-Fabric-Shower-Curtain-Light-Filtering-Mesh-S-/407051017351,https://www.amazon.com/dp/B07WFZ3JYM/ref=sr_1_10?psc=1
6a4ae6e8d22a6109c6bb0f81,407051012032,"Egofine 11x11 Picture Frames 4 Pack Covered by Plexiglass, Display Pic",70,False,False,False,Frames,0,64.97,35.99,18.88,29.1,1,0,2026-07-06,https://www.ebay.com/itm/Egofine-11x11-Picture-Frames-4-Pack-Covered-Plexiglass-Display-Pic-/407051012032,https://www.amazon.com/dp/B07W7XY9R8/ref=sr_1_12?psc=1
6a4ae67cd952eba3666d2eea,407051007003,"12 Pcs Gold Votive Candle Holders- Gold centerpieces for Tables, Mercu",70,False,False,False,Candle Holders & Accessories,0,42.97,22.99,13.18,30.7,1,0,2026-07-06,https://www.ebay.com/itm/12-Pcs-Gold-Votive-Candle-Holders-Gold-centerpieces-Tables-Mercu-/407051007003,https://www.amazon.com/dp/B08B3PT12J/ref=sr_1_19?psc=1
6a4ae6107d7628dc883489a5,407050997174,Boho Minimalist Small Ceramic Vase Set of 4 for Bedroom Living Room Of,70,False,False,True,Vases,0,44.97,23.58,14.29,31.8,1,0,2026-07-06,https://www.ebay.com/itm/Boho-Minimalist-Small-Ceramic-Vase-Set-4-Bedroom-Living-Room-/407050997174,https://www.amazon.com/dp/B0C28TV9GM/ref=sr_1_9?th=1&psc=1
6a4ae5ecd952eba3666d2edd,407050992252,Aromasong Dead Sea Bath Salt - 100% Pure & Natural Dead Sea Salts for,69,False,False,True,Bath Salts,0,46.97,25.39,14.18,30.2,1,0,2026-07-06,https://www.ebay.com/itm/Aromasong-Dead-Sea-Bath-Salt-100-Pure-Natural-Dead-Sea-Salts-/407050992252,https://www.amazon.com/dp/B07LGFH2QG/ref=sr_1_13?psc=1
6a4ae5ad7d7628dc8834899d,407050990463,"Pink Faux Fur Pillow Covers 18x18 Inch,Set of 2 Plush Decorative Throw",70,False,False,False,Pillows,0,35.97,17.99,12.23,34.0,1,0,2026-07-05,https://www.ebay.com/itm/Pink-Faux-Fur-Pillow-Covers-18x18-Inch-Set-2-Plush-Decorative-Throw-/407050990463,https://www.amazon.com/dp/B087MBT4RR/ref=sr_1_6?psc=1
6a4ae515d22a6109c6bb0f67,407050989249,Lillefolk Baby Play Mat for Floor – 4x6ft Gray | Soft Non Toxic Premiu,70,False,False,False,"Baby Gyms, Play Mats & Jigsaw Mats",0,160.97,89.99,46.48,28.9,1,0,2026-07-05,https://www.ebay.com/itm/Lillefolk-Baby-Play-Mat-Floor-4x6ft-Gray-Soft-Non-Toxic-Premiu-/407050989249,https://www.amazon.com/dp/B08BQY5HT1/ref=sr_1_8?psc=1
6a4ae468d22a6109c6bb0f5c,407050988248,"Juicy Couture - Decorative Accent Pillow, Velvet Rhinestone Crown, Pre",70,False,False,False,Pillows,0,55.97,28.99,18.23,32.6,1,0,2026-07-05,https://www.ebay.com/itm/Juicy-Couture-Decorative-Accent-Pillow-Velvet-Rhinestone-Crown-Pre-/407050988248,https://www.amazon.com/dp/B08K24KH3C/ref=sr_1_6?psc=1
6a4ae3aed22a6109c6bb0f54,407050987222,"Acrylic Sign Holder 8.5x11 Inches Horizontal,Clear Plastic Wall",63,False,False,False,Sign Holders,0,47.97,25.99,14.43,30.1,1,0,2026-07-05,https://www.ebay.com/itm/Acrylic-Sign-Holder-8-5x11-Inches-Horizontal-Clear-Plastic-Wall-/407050987222,https://www.amazon.com/dp/B07JK67GRD/ref=sr_1_16?psc=1
6a4ae367d952eba3666d2eb4,407050985743,Wieco Art 3 Panels The Cloud Tree Gallery Wrapped Modern Canvas Wall A,70,False,False,True,Posters & Prints,0,39.97,19.99,13.63,34.1,1,0,2026-07-05,https://www.ebay.com/itm/Wieco-Art-3-Panels-Cloud-Tree-Gallery-Wrapped-Modern-Canvas-Wall-/407050985743,https://www.amazon.com/dp/B00IKCCWXS/ref=sr_1_7?th=1&psc=1
6a4ae343d2b3f004c616fcb8,407050984634,"Microfiber Cleaning Cloths Red (12 Pack, 12x12) - Commercial Ja",63,False,False,True,Cleaning Towels & Cloths,0,33.97,15.98,12.54,36.9,1,0,2026-07-05,https://www.ebay.com/itm/Microfiber-Cleaning-Cloths-Red-12-Pack-12x12-Commercial-Ja-/407050984634,https://www.amazon.com/dp/B06XP2S2PF/ref=sr_1_18?th=1&psc=1
6a4ae32073490fda4309a458,407050982668,"Utensil Holder for Kitchen Counter, 7.3""+5.4"" Fluted Ceramic",60,False,False,False,Racks & Holders,0,49.97,24.99,17.13,34.3,1,0,2026-07-05,https://www.ebay.com/itm/Utensil-Holder-Kitchen-Counter-7-3-5-4-Fluted-Ceramic-/407050982668,https://www.amazon.com/dp/B0CKQNP26P/ref=sr_1_6?th=1&psc=1
6a4ae2fbd22a6109c6bb0f4a,407050978348,Hotop 12 Pieces Plate Hangers for Wall Stainless Steel Wire Invisible,69,False,False,False,Plate Racks & Hangers,0,30.97,13.99,11.98,38.7,1,0,2026-07-05,https://www.ebay.com/itm/Hotop-12-Pieces-Plate-Hangers-Wall-Stainless-Steel-Wire-Invisible-/407050978348,https://www.amazon.com/dp/B07XBKK1QD/ref=sr_1_17?th=1&psc=1
6a4ae2dad22a6109c6bb0f49,407050976415,"Bath Bombs, 7 Natural Bath Bomb Gift Set, Bubble Ba",51,False,False,True,Bath Bombs & Fizzies,0,32.97,12.99,14.68,44.5,1,0,2026-07-05,https://www.ebay.com/itm/Bath-Bombs-7-Natural-Bath-Bomb-Gift-Set-Bubble-Ba-/407050976415,https://www.amazon.com/dp/B07Q6BLNT6/ref=sr_1_9?psc=1
6a4ae2917d7628dc8834897f,407050975241,Helmet Hanger Wall Mount 180° Swivel Helmet Holder for Motorcycle Bike,70,False,False,False,Bicycle Stands & Storage,0,28.97,11.99,12.28,42.4,1,0,2026-07-05,https://www.ebay.com/itm/Helmet-Hanger-Wall-Mount-180-Swivel-Helmet-Holder-Motorcycle-Bike-/407050975241,https://www.amazon.com/dp/B0B6P2GSWH/ref=sr_1_11?psc=1
6a4ae26fd2b3f004c616fcae,407050974323,Bamboo Bathtub Caddy Tray - Expandable to 41 Inches with Book Stan,66,False,False,False,Bathtub Caddies & Trays,0,67.97,37.95,19.47,28.6,1,0,2026-07-05,https://www.ebay.com/itm/Bamboo-Bathtub-Caddy-Tray-Expandable-41-Inches-Book-Stan-/407050974323,https://www.amazon.com/dp/B08HGNHK9N/ref=sr_1_14?psc=1
6a4ae24ad2b3f004c616fcac,407050973486,Thymes Travel Tin Holiday Candles - Scented Candles for Home Decor - W,70,False,False,True,Candles,0,28.97,13.0,11.27,38.9,1,0,2026-07-05,https://www.ebay.com/itm/Thymes-Travel-Tin-Holiday-Candles-Scented-Candles-Home-Decor-W-/407050973486,https://www.amazon.com/dp/B075DFNK4S/ref=sr_1_18?psc=1
6a4ae226d2b3f004c616fca5,407050972672,Lavender Scented Candle with Rotating Hummingbird - Soy Wax Aromathera,70,False,False,False,Candles,0,47.97,24.99,15.43,32.2,1,0,2026-07-05,https://www.ebay.com/itm/Lavender-Scented-Candle-Rotating-Hummingbird-Soy-Wax-Aromathera-/407050972672,https://www.amazon.com/dp/B0CJ6P695Q/ref=sr_1_18?th=1&psc=1
6a4ae202ca943c883c099dcd,407050971663,Nurture by Nature Self Care Gifts for Women - Spa Gift Baskets for Wom,70,False,False,False,Bath Sets & Kits,0,53.97,29.99,15.53,28.8,1,0,2026-07-05,https://www.ebay.com/itm/Nurture-Nature-Self-Care-Gifts-Women-Spa-Gift-Baskets-Wom-/407050971663,https://www.amazon.com/dp/B09LHZHTNH/?_encoding=UTF8&psc=1
6a4ae1bc5ec0f5d4f116f3ef,407050968515,Miuco Womens Bamboo Handbag Handmade Large Tote Bag Straw Beach Bags B,70,False,False,True,Women's Bags & Handbags,0,73.97,40.99,21.53,29.1,1,0,2026-07-05,https://www.ebay.com/itm/Miuco-Womens-Bamboo-Handbag-Handmade-Large-Tote-Bag-Straw-Beach-Bags-B-/407050968515,https://www.amazon.com/dp/B071RPCTW2/ref=sr_1_18?th=1&psc=1
6a4ae174d952eba3666d2e8d,407050967170,Creative QT Stuff ’n Sit Large 33’’ Bean Bag Storage Cover for Stuffed,70,False,False,False,Bean Bags & Inflatables,0,48.97,26.98,14.29,29.2,1,0,2026-07-05,https://www.ebay.com/itm/Creative-QT-Stuff-n-Sit-Large-33-Bean-Bag-Storage-Cover-Stuffed-/407050967170,https://www.amazon.com/dp/B07F8H6YF4/ref=sr_1_17?th=1&psc=1
6a4ad42a73490fda4309a3d8,407050922027,Yangest Orange Striped Velvet Throw Pillow Cover Multicolor Textured B,70,False,False,True,Pillows,0,40.97,20.99,13.48,32.9,1,0,2026-07-05,https://www.ebay.com/itm/Yangest-Orange-Striped-Velvet-Throw-Pillow-Cover-Multicolor-Textured-B-/407050922027,https://www.amazon.com/dp/B08BKJR3P3/ref=sr_1_10?psc=1
6a4ad403656642f82abb06a5,407050919231,"upsimples 13x19 Picture Frame Set of 5, Display Pictures 11x17 with Ma",70,False,False,True,Frames,0,68.97,36.99,21.28,30.9,1,0,2026-07-05,https://www.ebay.com/itm/upsimples-13x19-Picture-Frame-Set-5-Display-Pictures-11x17-Ma-/407050919231,https://www.amazon.com/dp/B08C2BC2LV/ref=sr_1_5?th=1&psc=1
6a4ad39873490fda4309a3d0,407050914307,"Acrylic Sign Holder 14x11 Inches Horizontal, Clear Plastic Wall",63,False,False,False,Sign Holders,0,66.97,36.99,19.58,29.2,1,0,2026-07-05,https://www.ebay.com/itm/Acrylic-Sign-Holder-14x11-Inches-Horizontal-Clear-Plastic-Wall-/407050914307,https://www.amazon.com/dp/B0858Z5N1X?_encoding=UTF8?th=1&psc=1
6a4ad309d22a6109c6bb0ead,407050909422,Kangapak Nurse Fanny Pack Multi Compartment Waist Organizer Tool Bag f,70,False,False,True,Women's Bags & Handbags,0,39.97,19.99,13.63,34.1,1,0,2026-07-05,https://www.ebay.com/itm/Kangapak-Nurse-Fanny-Pack-Multi-Compartment-Waist-Organizer-Tool-Bag-f-/407050909422,https://www.amazon.com/dp/B07G5KQY31/ref=sr_1_10?psc=1
6a4ad2ec656642f82abb06a4,407050907495,Canvas Wall Art For Living Room Family Wall Decorations For Bedroom Ki,70,False,False,True,Posters & Prints,0,48.97,26.99,14.28,29.2,0,0,2026-07-05,https://www.ebay.com/itm/Canvas-Wall-Art-Living-Room-Family-Wall-Decorations-Bedroom-Ki-/407050907495,https://www.amazon.com/dp/B08XX5ZJWL/ref=sr_1_18?th=1&psc=1
6a4ad25ed2b3f004c616fc0d,407050905279,Inspirational Wall-Art - Quotes Office Wall Decor - Teal Wall Decor Fo,70,False,False,True,Posters & Prints,0,71.97,39.9,20.92,29.1,1,0,2026-07-05,https://www.ebay.com/itm/Inspirational-Wall-Art-Quotes-Office-Wall-Decor-Teal-Wall-Decor-Fo-/407050905279,https://www.amazon.com/dp/B092HG5H19/ref=sr_1_19?psc=1
6a4ad21073490fda4309a3c0,407050899822,Art 4 Panels Canvas Wall Art Spring Summer Autumn Winter Four S,63,False,False,True,Posters & Prints,0,52.97,28.98,15.69,29.6,1,0,2026-07-05,https://www.ebay.com/itm/Art-4-Panels-Canvas-Wall-Art-Spring-Summer-Autumn-Winter-Four-S-/407050899822,https://www.amazon.com/dp/B06XKXSRKC/ref=sr_1_20?th=1&psc=1
6a4ad1cbd2b3f004c616fc03,407050894170,"Trampoline Outdoor 8FT 10FT 12FT 14FT with Enclosure Net, L",59,False,False,True,Trampolines,0,466.97,189.29,207.28,44.4,1,0,2026-07-05,https://www.ebay.com/itm/Trampoline-Outdoor-8FT-10FT-12FT-14FT-Enclosure-Net-L-/407050894170,https://www.amazon.com/dp/B08FBKD4ZD/ref=sr_1_10?psc=1
6a4ad1a6d2b3f004c616fc00,407050890270,"Play Kitchen, Pink Kids Kitchen Set for Girls Kitchen Set for K",63,False,False,True,Kitchens,0,152.97,84.99,44.68,29.2,1,0,2026-07-05,https://www.ebay.com/itm/Play-Kitchen-Pink-Kids-Kitchen-Set-Girls-Kitchen-Set-K-/407050890270,https://www.amazon.com/dp/B09FLDXY2J/ref=sr_1_4?th=1&psc=1
6a4ad11873490fda4309a3b0,407050889522,"opux Insulated Lunch Bag for Men Women, Double Decker Leakproof Lunch",69,False,False,False,Lunch Containers,0,39.97,19.99,13.63,34.1,1,0,2026-07-05,https://www.ebay.com/itm/opux-Insulated-Lunch-Bag-Men-Women-Double-Decker-Leakproof-Lunch-/407050889522,https://www.amazon.com/dp/B07HJJ7N14/ref=sr_1_15?th=1&psc=1
6a4ad0fa5ec0f5d4f116f3d8,407050886309,Famassi Gold Desk Accessories，Office Supplies Set Acrylic Stapler Set,69,False,False,False,Desk & Drawer Organizers,0,39.97,19.99,13.63,34.1,1,0,2026-07-05,https://www.ebay.com/itm/Famassi-Gold-Desk-Accessories-Office-Supplies-Set-Acrylic-Stapler-Set-/407050886309,https://www.amazon.com/dp/B09QHTH214/ref=sr_1_12?psc=1
6a4ad08a7d7628dc883488cf,407050884997,"Digital Meat Thermometer Instant Read, Waterproof Probe with B",62,False,False,True,Cooking Thermometers,0,30.97,13.95,12.02,38.8,1,0,2026-07-05,https://www.ebay.com/itm/Digital-Meat-Thermometer-Instant-Read-Waterproof-Probe-B-/407050884997,https://www.amazon.com/dp/B07YFPD68K?psc=1&th=1
6a4ad066d8c3ffb1de6d28e9,407050880525,Finum Reusable Stainless Steel Coffee and Tea Infusing Mesh Brewing Ba,70,False,False,True,Tea Infusers,0,30.97,14.15,11.82,38.2,1,0,2026-07-05,https://www.ebay.com/itm/Finum-Reusable-Stainless-Steel-Coffee-and-Tea-Infusing-Mesh-Brewing-Ba-/407050880525,https://www.amazon.com/dp/B000I68NCS/ref=sr_1_3?th=1&psc=1
6a4ad043c16d5c055e099b1b,407050879241,Quick Shine Hardwood Floor Luster-Polish 64oz | Plant-Derived w/Carnau,70,False,False,False,Cleaning Products,0,34.97,16.97,12.4,35.5,1,0,2026-07-05,https://www.ebay.com/itm/Quick-Shine-Hardwood-Floor-Luster-Polish-64oz-Plant-Derived-w-Carnau-/407050879241,https://www.amazon.com/dp/B00PJQPV72?psc=1&th=1
6a4acffcd952eba3666d2de6,407050877568,"Varhomax Glass Desk Whiteboard with Storage, Desktop Organizer to-do L",70,False,False,True,Desk & Drawer Organizers,0,46.97,24.99,14.58,31.0,1,0,2026-07-05,https://www.ebay.com/itm/Varhomax-Glass-Desk-Whiteboard-Storage-Desktop-Organizer-to-do-L-/407050877568,https://www.amazon.com/dp/B093B83ZSN/ref=sr_1_16?psc=1
6a4acf6ad952eba3666d2de1,407050874441,"comiso Bluetooth Speaker, Portable Bluetooth Speakers with Wireless St",70,False,False,True,Audio Docks & Mini Speakers,0,33.97,15.99,12.53,36.9,1,0,2026-07-05,https://www.ebay.com/itm/comiso-Bluetooth-Speaker-Portable-Bluetooth-Speakers-Wireless-St-/407050874441,https://www.amazon.com/dp/B08L7WQVL7/ref=sr_1_18?th=1&psc=1
6a4acf22d2b3f004c616fbdf,407050871625,Britt Commercial Style Spot Free Stainless Steel Pre-Rinse Kitch,64,False,False,False,Kitchen Faucets,0,355.97,199.95,102.27,28.7,1,0,2026-07-05,https://www.ebay.com/itm/Britt-Commercial-Style-Spot-Free-Stainless-Steel-Pre-Rinse-Kitch-/407050871625,https://www.amazon.com/dp/B07791ZV5R/ref=sr_1_20?psc=1
6a4acefed952eba3666d2dd9,407050870037,"Sooyee Makeup Organizer,Acrylic Cosmetic Organizer Storage Drawers Jew",70,False,False,False,Makeup Bags & Cases,0,47.97,25.99,14.43,30.1,1,0,2026-07-05,https://www.ebay.com/itm/Sooyee-Makeup-Organizer-Acrylic-Cosmetic-Organizer-Storage-Drawers-Jew-/407050870037,https://www.amazon.com/dp/B06XSTZNDF/ref=sr_1_17?th=1&psc=1
6a4acedb7d7628dc883488b5,407050868898,"4pcs Car Detailing Brush Set,Boars Hair Car Detailing Brushes,",62,False,False,True,Brushes & Combs,0,30.97,14.06,11.91,38.5,1,0,2026-07-05,https://www.ebay.com/itm/4pcs-Car-Detailing-Brush-Set-Boars-Hair-Car-Detailing-Brushes-/407050868898,https://www.amazon.com/dp/B0CJ526NRZ/?_encoding=UTF8&psc=1
6a4acedd5ec0f5d4f116f3cb,407050867839,1st Choice Black Nitrile Gloves Disposable Latex Free - Exam Grade Bla,70,False,False,False,Disposable Gloves,0,29.97,13.49,11.63,38.8,1,0,2026-07-05,https://www.ebay.com/itm/1st-Choice-Black-Nitrile-Gloves-Disposable-Latex-Free-Exam-Grade-Bla-/407050867839,https://www.amazon.com/dp/B082PMDVQ1/ref=sr_1_12?psc=1
6a4ace94d8c3ffb1de6d28e5,407050865351,Comfify Pink Ceramic Donut Ring Coffee Mug – 14 oz – Microwave Safe |,69,False,False,True,Mugs,0,30.97,14.24,11.73,37.9,0,1,2026-07-05,https://www.ebay.com/itm/Comfify-Pink-Ceramic-Donut-Ring-Coffee-Mug-14-oz-Microwave-Safe-/407050865351,https://www.amazon.com/dp/B01HLB3YZ8/ref=sr_1_17?th=1&psc=1
6a4ace95d22a6109c6bb0e73,407050864267,Tactical Lunch Box for Men & Women – Expandable 16L Double Deck,63,False,False,False,Lunch Containers,0,47.97,23.99,16.43,34.3,1,0,2026-07-05,https://www.ebay.com/itm/Tactical-Lunch-Box-Men-Women-Expandable-16L-Double-Deck-/407050864267,https://www.amazon.com/dp/B0CN4GJ334/?psc=1&th=1
6a4ace29d2b3f004c616fbd1,407050863245,"Candle Gift Set for Women, 4 Pack Long Lasting Lavender Scented Soy Ca",70,False,False,True,Candles,0,41.97,19.99,15.33,36.5,1,0,2026-07-05,https://www.ebay.com/itm/Candle-Gift-Set-Women-4-Pack-Long-Lasting-Lavender-Scented-Soy-Ca-/407050863245,https://www.amazon.com/dp/B07MV6W8VL/ref=sr_1_10?th=1&psc=1
6a4acd0d7d7628dc8834889c,407050861334,"Candles for Men Gift Set, 4 Pack Masculine Scented Soy Candles for Men",70,False,False,False,Candles,0,39.97,17.99,15.63,39.1,1,0,2026-07-05,https://www.ebay.com/itm/Candles-Men-Gift-Set-4-Pack-Masculine-Scented-Soy-Candles-Men-/407050861334,https://www.amazon.com/dp/B0FX2MZG1D/ref=sr_1_19?th=1&psc=1
6a4accc6d22a6109c6bb0e5f,407050860128,10L0L Golf Pen Holder Golf Club Pens Gift Set Race Souvenirs Unique Gi,70,False,False,True,Other Golf Accessories,0,41.97,21.99,13.33,31.8,1,0,2026-07-05,https://www.ebay.com/itm/10L0L-Golf-Pen-Holder-Golf-Club-Pens-Gift-Set-Race-Souvenirs-Unique-Gi-/407050860128,https://www.amazon.com/dp/B00WJKOQ7M/ref=sr_1_7?th=1&psc=1
6a4acca4d2b3f004c616fbba,407050858132,Londo Top Grain Leather Extended Mouse Pad – Large Desk Mat for Office,70,False,False,False,Mouse Pads & Wrist Rests,0,107.97,59.99,31.43,29.1,1,0,2026-07-05,https://www.ebay.com/itm/Londo-Top-Grain-Leather-Extended-Mouse-Pad-Large-Desk-Mat-Office-/407050858132,https://www.amazon.com/dp/B07PXCF7YC/ref=sr_1_20?psc=1
6a4acc865ec0f5d4f116f3c1,407050856209,suyika Tomotime Ceramic Tea Cup with Infuser and Lid Tea Mugs Wooden H,70,False,False,True,Tea Infusers,0,49.97,27.99,14.13,28.3,1,0,2026-07-05,https://www.ebay.com/itm/suyika-Tomotime-Ceramic-Tea-Cup-Infuser-and-Lid-Tea-Mugs-Wooden-H-/407050856209,https://www.amazon.com/dp/B07YCZLDGP/ref=sr_1_8?th=1&psc=1
6a4acc5c7d7628dc8834888a,407050853802,Capri Blue Volcano Printed Travel Tin Jar Candle - Luxury Candle with,69,False,False,True,Candles,0,42.97,23.0,13.17,30.6,1,0,2026-07-05,https://www.ebay.com/itm/Capri-Blue-Volcano-Printed-Travel-Tin-Jar-Candle-Luxury-Candle-/407050853802,https://www.amazon.com/dp/B09BDG9254/ref=sr_1_3?th=1&psc=1
6a4acbceca943c883c099d99,407050850037,"Thermos Stainless Steel Beverage Can Insulator for 12 Ounce Can, Stain",70,False,False,False,Vacuum Flasks & Mugs,0,33.97,16.14,12.38,36.4,1,0,2026-07-05,https://www.ebay.com/itm/Thermos-Stainless-Steel-Beverage-Can-Insulator-12-Ounce-Can-Stain-/407050850037,https://www.amazon.com/dp/B0000644AF?psc=1&th=1
6a4ac2ab7d7628dc883487ef,407050810044,Der Rose 3 Pack Mini Potted Fake Plants Artificial Plastic Eucalyptus,69,False,False,False,Floral Décor,0,48.97,25.99,15.28,31.2,1,0,2026-07-05,https://www.ebay.com/itm/Der-Rose-3-Pack-Mini-Potted-Fake-Plants-Artificial-Plastic-Eucalyptus-/407050810044,https://www.amazon.com/dp/B09T9HFSDC/?_encoding=UTF8&psc=1
6a4ac288d2b3f004c616fb0b,407050808816,"Myfeegoin Planter-Pots-for-Plants-Indoor-Outdoor, 4 Pack 10 Inch Plast",70,False,False,False,"Baskets, Pots, Window Boxes & Saucers",0,41.97,21.59,13.73,32.7,1,0,2026-07-05,https://www.ebay.com/itm/Myfeegoin-Planter-Pots-for-Plants-Indoor-Outdoor-4-Pack-10-Inch-Plast-/407050808816,https://www.amazon.com/dp/B0CR129N53/ref=sr_1_7?psc=1
6a4ac195f8d26d6504347868,407050807307,"& GOOPAWS Dog Booster Seats for Cars, Portable Dog Car Seat Tra",63,False,False,False,Carriers & Totes,0,53.97,29.99,15.53,28.8,1,0,2026-07-05,https://www.ebay.com/itm/GOOPAWS-Dog-Booster-Seats-Cars-Portable-Dog-Car-Seat-Tra-/407050807307,https://www.amazon.com/dp/B084H77VXW?_encoding=UTF8&psc=1
6a4ac125d2b3f004c616faf5,407050806129,Motor Trend Premium FlexTough All-Protection Cargo Mat Liner – w/Tract,70,False,False,False,Car Seat Covers,0,71.97,39.9,20.92,29.1,0,0,2026-07-05,https://www.ebay.com/itm/Motor-Trend-Premium-FlexTough-All-Protection-Cargo-Mat-Liner-w-Tract-/407050806129,https://www.amazon.com/dp/B07PWNGPR1?th=1&psc=1
6a4ac10173490fda4309a2cb,407050804391,"Active Pets Dog Car Seat Cover for Back Seat, Waterproof Pet Hammock P",70,False,False,True,Car Seat Covers,0,71.97,34.99,25.83,35.9,1,0,2026-07-05,https://www.ebay.com/itm/Active-Pets-Dog-Car-Seat-Cover-Back-Seat-Waterproof-Pet-Hammock-P-/407050804391,https://www.amazon.com/dp/B078L2MWRN/ref=sr_1_5?th=1&psc=1
6a4ac097f8d26d650434785f,407050802464,"Orthopedic Dog Bed Large w/ Removable Bolsters & Washable Cover, Brownstone",75,False,False,False,Beds,0,274.97,154.54,78.83,28.7,1,0,2026-07-05,https://www.ebay.com/itm/Furhaven-Orthopedic-Dog-Bed-Large-Dogs-w-Removable-Bolsters-/407050802464,https://www.amazon.com/dp/B08FFBB4R9/ref=sr_1_15?psc=1
6a4ac007d2b3f004c616fae5,407050799872,"emissary Men's Toiletry Bag, Leather and Canvas Travel Toiletry Bag, D",70,False,False,True,Bags,0,41.97,21.97,13.35,31.8,1,0,2026-07-05,https://www.ebay.com/itm/emissary-Mens-Toiletry-Bag-Leather-and-Canvas-Travel-Toiletry-Bag-D-/407050799872,https://www.amazon.com/dp/B08C4PJ5FT/?_encoding=UTF8?th=1&psc=1
6a4abfe4f8d26d6504347859,407050798074,3 Way Dimmable Touch Bedside Table Lamp with 2 USB Charging Port,64,False,False,False,Lamps,0,42.97,22.99,13.18,30.7,1,0,2026-07-05,https://www.ebay.com/itm/3-Way-Dimmable-Touch-Bedside-Table-Lamp-2-USB-Charging-Port-/407050798074,https://www.amazon.com/dp/B0895T42V1/ref=sr_1_14?th=1&psc=1
6a4abfc0d8c3ffb1de6d28a8,407050794681,"1 MIDDLE ONE Pregnancy Pillow, C Shaped Full Body Pillow for Maternity",70,False,False,False,Bed Pillows,0,60.97,33.99,17.48,28.7,1,0,2026-07-05,https://www.ebay.com/itm/1-MIDDLE-ONE-Pregnancy-Pillow-C-Shaped-Full-Body-Pillow-Maternity-/407050794681,https://www.amazon.com/dp/B08Y5PN435/ref=sr_1_20?th=1&psc=1
6a4abf9e73490fda4309a2b8,407050792812,"Floor Lamp with Shelves, Modern Square Standing Lamp with 3 Co",62,False,False,True,Lamps,0,82.97,45.99,24.18,29.1,1,0,2026-07-05,https://www.ebay.com/itm/Floor-Lamp-Shelves-Modern-Square-Standing-Lamp-3-Co-/407050792812,https://www.amazon.com/dp/B08Z36X6B4/ref=sr_1_19?psc=1
6a4abf32d2b3f004c616fad7,407050787699,"Orthopedic Dog Bed Medium w/ Removable Bolsters & Washable Cover, Granite Gray",78,False,False,False,Beds,0,146.97,81.99,42.58,29.0,1,0,2026-07-05,https://www.ebay.com/itm/Furhaven-Orthopedic-Dog-Bed-Large-Dogs-w-Removable-Bolsters-/407050787699,https://www.amazon.com/dp/B08B6D7TB3/ref=sr_1_19?th=1&psc=1
6a4abe5c7d7628dc883487a4,407050783133,"Extra Large Cat Carrier Soft Sided, Portable Small Dog Carrier for 2 C",70,False,False,True,Carriers & Totes,0,124.97,69.99,35.88,28.7,1,0,2026-07-05,https://www.ebay.com/itm/Extra-Large-Cat-Carrier-Soft-Sided-Portable-Small-Dog-Carrier-2-C-/407050783133,https://www.amazon.com/dp/B07MX4W5MX?th=1&psc=1
6a4abe1573490fda4309a2a0,407050781308,"Catalonia Silky Soft Sherpa Throw Blanket, Flannel Chevron Micro Plush",70,False,False,False,Blankets & Throws,0,33.97,15.99,12.53,36.9,1,0,2026-07-05,https://www.ebay.com/itm/Catalonia-Silky-Soft-Sherpa-Throw-Blanket-Flannel-Chevron-Micro-Plush-/407050781308,https://www.amazon.com/dp/B07K8PFXBT/ref=sr_1_17?th=1&psc=1
6a4abdf67d7628dc8834879e,407050779878,"Travel Toiletry Bag, Hanging Toiletry Bag for Men, Leather Tra",62,False,False,False,Other Travel Accessories,0,51.97,27.99,15.83,30.5,1,0,2026-07-05,https://www.ebay.com/itm/Travel-Toiletry-Bag-Hanging-Toiletry-Bag-Men-Leather-Tra-/407050779878,https://www.amazon.com/dp/B07VKD5SQT/ref=sr_1_17?th=1&psc=1
6a4abdd4d2b3f004c616fabb,407050777967,"Chunky Knit Blanket Throw 48""*71"", Hand Knitted Warm Chenille Throw Bl",70,False,False,True,Blankets & Throws,0,89.97,49.99,26.13,29.0,1,0,2026-07-05,https://www.ebay.com/itm/Chunky-Knit-Blanket-Throw-48-71-Hand-Knitted-Warm-Chenille-Throw-Bl-/407050777967,https://www.amazon.com/dp/B0CBPSCSH6/ref=sr_1_6?psc=1
6a4abdb1d22a6109c6bb0d54,407050776936,"Chunky Knit Blanket Throw 48""x71"", Chenille Throw Blankets, Handmade W",70,False,False,True,Blankets & Throws,0,89.97,49.99,26.13,29.0,1,0,2026-07-05,https://www.ebay.com/itm/Chunky-Knit-Blanket-Throw-48-x71-Chenille-Throw-Blankets-Handmade-W-/407050776936,https://www.amazon.com/dp/B0DY75RPPF?_encoding=UTF8&psc=1
6a4abd8dd2b3f004c616fab7,407050775514,"Hooded Blanket Poncho for Women, Sherpa Shawl Wrap with Hood,",61,False,False,True,Scarves & Wraps,0,59.97,34.99,15.63,26.1,1,0,2026-07-05,https://www.ebay.com/itm/Hooded-Blanket-Poncho-Women-Sherpa-Shawl-Wrap-Hood-/407050775514,https://www.amazon.com/dp/B08JD3VPZ6/?psc=1
6a4abd64d22a6109c6bb0d4c,407050773937,"Soft Pet Carrier Bag for Cats and Puppy Under 20 lbs. Sturdy, Safe, Co",70,False,False,True,Carriers & Totes,0,71.97,39.99,20.83,28.9,1,0,2026-07-05,https://www.ebay.com/itm/Soft-Pet-Carrier-Bag-Cats-and-Puppy-Under-20-lbs-Sturdy-Safe-Co-/407050773937,https://www.amazon.com/dp/B07ZV8WCF8/ref=sr_1_15?th=1&psc=1
6a4abcf9656642f82abb0633,407050770953,"Lunch Backpack for Men, 17 Inch Insulated Cooler Backpack with",62,False,False,True,Lunch Containers,0,71.97,39.99,20.83,28.9,1,0,2026-07-05,https://www.ebay.com/itm/Lunch-Backpack-Men-17-Inch-Insulated-Cooler-Backpack-/407050770953,https://www.amazon.com/dp/B07PQJTSF1?_encoding=UTF8?th=1&psc=1
6a4abc8e656642f82abb062e,407050768670,High Capacity Canvas Vintage Backpack - for School College Hikin,64,False,False,False,Bags,0,78.97,43.99,22.78,28.8,1,0,2026-07-05,https://www.ebay.com/itm/High-Capacity-Canvas-Vintage-Backpack-School-College-Hikin-/407050768670,https://www.amazon.com/dp/B07125HNSV?_encoding=UTF8?th=1&psc=1
6a4ab70ed2b3f004c616fa3e,407050760064,Touch Lamps for Nightstand Set of 2 - Gold Table Lamp for Bedr,62,False,False,False,Lamps,0,96.97,59.99,22.08,22.8,1,0,2026-07-05,https://www.ebay.com/itm/Touch-Lamps-Nightstand-Set-2-Gold-Table-Lamp-Bedr-/407050760064,https://www.amazon.com/dp/B0DM25B4ZF/ref=sr_1_7?th=1&psc=1
6a4aa9e4d8c3ffb1de6d282e,407050758392,"Tripod Floor Lamp, Mid Century Wood Standing Lamp, Modern Desi",62,False,False,False,Lamps,0,140.97,78.99,40.48,28.7,1,0,2026-07-05,https://www.ebay.com/itm/Tripod-Floor-Lamp-Mid-Century-Wood-Standing-Lamp-Modern-Desi-/407050758392,https://www.amazon.com/dp/B08HQBF6QY?psc=1&th=1
6a4aa8e573490fda4309a17a,407050756879,"Bath Pillow RUVINCE Ergonomic Luxury Bathtub Pillow with Head,Neck, Sh",70,False,False,True,Bathtub Pillows,0,71.97,25.6,35.22,48.9,1,0,2026-07-05,https://www.ebay.com/itm/Bath-Pillow-Ergonomic-Luxury-Bathtub-Pillow-Head-Neck-Shoulder-and-Back-S-/407050756879,https://www.amazon.com/dp/B0CB62S3XV/ref=sr_1_19?th=1&psc=1
6a4aa7ced952eba3666d2b33,407050755449,"ihuan New Weight Lifting Gym Workout Gloves Men & Women, Great for Wei",70,False,False,False,"Gloves, Straps & Hooks",0,32.97,13.49,14.18,43.0,1,0,2026-07-05,https://www.ebay.com/itm/ihuan-New-Weight-Lifting-Gym-Workout-Gloves-Men-Women-Great-Wei-/407050755449,https://www.amazon.com/dp/B094N74HCR/ref=sr_1_4?psc=1
6a4aa77bd22a6109c6bb0bee,407050754390,"Loowoko 50L Hiking Backpack, Waterproof Camping Essentials Bag with Ra",70,False,False,True,Backpacks,0,92.97,51.99,26.68,28.7,1,0,2026-07-05,https://www.ebay.com/itm/50L-Hiking-Backpack-Waterproof-Camping-Essentials-Bag-Rain-Cover-45-5-Lit-/407050754390,https://www.amazon.com/dp/B06X3QLR3V/ref=sr_1_10?th=1&psc=1
6a4aa6d0d952eba3666d2b1f,407050753142,"Fosmon Hanging Travel Toiletry Bag, Compact Travel Organizer | Water-r",70,False,False,False,Other Travel Accessories,0,32.97,14.99,12.68,38.5,1,0,2026-07-05,https://www.ebay.com/itm/Hanging-Travel-Toiletry-Bag-Compact-Travel-Organizer-Water-Resistant-Nylon-M-/407050753142,https://www.amazon.com/dp/B084QHBRHZ/?_encoding=UTF8&psc=1
6a4aa476d952eba3666d2afa,407050745855,"Dog Car Seat for Small Dogs, Elevated Dog Booster Seat Pet Travel Carrier Bed",77,False,False,False,Car Seats & Barriers,0,71.97,39.99,20.83,28.9,1,0,2026-07-05,https://www.ebay.com/itm/Dog-Car-Seat-Small-Dogs-Elevated-Dog-Booster-Seat-Pet-Travel-Carrier-Bed-fo-/407050745855,https://www.amazon.com/dp/B097TGRLWH/ref=sr_1_3?psc=1
6a4aa42dd2b3f004c616f8f7,407050741947,"Orthopedic Dog Bed for Medium Dogs, Bolster Sides Dogs Sofa Bed with Removable",78,False,False,False,Beds,0,69.97,38.99,20.13,28.8,1,0,2026-07-05,https://www.ebay.com/itm/Orthopedic-Dog-Bed-Medium-Dogs-Bolster-Sides-Dogs-Sofa-Bed-Removable-W-/407050741947,https://www.amazon.com/dp/B095BKDT7C/ref=sr_1_19?th=1&psc=1
6a4aa37fd22a6109c6bb0bae,407050736310,"Texsens Pet Carrier Backpack with Window Blind for Small Cats Dogs, Ve",70,False,False,True,Carriers & Totes,0,71.97,39.99,20.83,28.9,1,0,2026-07-05,https://www.ebay.com/itm/Pet-Carrier-Backpack-Window-Blind-Small-Cats-Dogs-Ventilated-Design-S-/407050736310,https://www.amazon.com/dp/B08HTWR715/ref=sr_1_5?th=1&psc=1
6a4aa3645ec0f5d4f116f2cc,407050736216,"Silk Eye Pillow for Sleep, Black - Filled w/Lavender Buds & Fla",63,False,False,False,Sleep Masks,0,41.97,21.99,13.33,31.8,1,0,2026-07-05,https://www.ebay.com/itm/Silk-Eye-Pillow-Sleep-Black-Filled-w-Lavender-Buds-Fla-/407050736216,https://www.amazon.com/dp/B01LDJPCZE/ref=sr_1_6?psc=1
6a4aa35ad952eba3666d2ae9,407050735322,"Admitrack Burrito Tortilla Blanket 71in, Double Sided Super Soft Flann",70,False,False,False,Blankets & Throws,0,30.97,10.49,15.48,50.0,1,0,2026-07-05,https://www.ebay.com/itm/Admitrack-Burrito-Tortilla-Blanket-71in-Double-Sided-Super-Soft-Flann-/407050735322,https://www.amazon.com/dp/B07V1MXVD7/ref=sr_1_7?psc=1
6a4aa2f9d2b3f004c616f8e0,407050733832,"Large Dog Bed - 36'' Calming Donut Dog Beds, Anti-Slip & Washa",62,False,False,False,Beds,0,113.97,58.96,37.56,33.0,1,0,2026-07-05,https://www.ebay.com/itm/Large-Dog-Bed-36-Calming-Donut-Dog-Beds-Anti-Slip-Washa-/407050733832,https://www.amazon.com/dp/B0F29Y9CFR/ref=sr_1_6?th=1&psc=1
6a4aa2a1d22a6109c6bb0b9f,407050732770,3 Pcs Makeup Bag Portable Travel Cosmetic Bag Large Makeup Bag,62,False,False,False,Makeup Bags & Cases,0,30.97,13.99,11.98,38.7,1,0,2026-07-05,https://www.ebay.com/itm/3-Pcs-Makeup-Bag-Portable-Travel-Cosmetic-Bag-Large-Makeup-Bag-/407050732770,https://www.amazon.com/dp/B08G17VS9Y/ref=sr_1_16?th=1&psc=1
6a4aa22973490fda4309a109,407050732131,Mens Toiletry Bag Waterproof Organizer Bag Travel Shaving Dopp Kit Per,70,False,False,False,Bags,0,35.97,17.99,12.23,34.0,1,0,2026-07-05,https://www.ebay.com/itm/Mens-Toiletry-Bag-Waterproof-Organizer-Bag-Travel-Shaving-Dopp-Kit-Per-/407050732131,https://www.amazon.com/dp/B07SJ5XWPJ/ref=sr_1_12?psc=1
6a4aa257d952eba3666d2ad4,407050729534,"Bare Home Sherpa Fleece Blanket - Throw/Travel Size - Blanket for Bed,",70,False,False,True,Blankets & Throws,0,49.97,25.19,16.93,33.9,1,0,2026-07-05,https://www.ebay.com/itm/Sherpa-Fleece-Blanket-Throw-Travel-Size-Blanket-Bed-Sofa-and-Couch-W-/407050729534,https://www.amazon.com/dp/B07SW814WJ/ref=sr_1_15?th=1&psc=1
6a4aa215f8d26d6504347791,407050727074,"Soft Chunky Knit Throw Blanket for Couch, Cozy Warm Knitted Blankets | Hand",75,False,False,False,Blankets & Throws,0,72.97,38.79,22.88,31.4,1,0,2026-07-05,https://www.ebay.com/itm/Soft-Chunky-Knit-Throw-Blanket-Couch-Cozy-Warm-Knitted-Blankets-Hand-Knit-/407050727074,https://www.amazon.com/dp/B0CBPVC2DV/?_encoding=UTF8?th=1&psc=1
6a4aa054592d2fd556bb0280,407050722312,4 Pack Velvet Makeup Bag Cosmetic Bag for Women Large Capacity Corduroy Pouch,77,False,False,False,Makeup Bags & Cases,0,34.97,16.99,12.38,35.4,1,0,2026-07-05,https://www.ebay.com/itm/4-Pack-Velvet-Makeup-Bag-Cosmetic-Bag-Women-Large-Capacity-Corduroy-Pouch-Zi-/407050722312,https://www.amazon.com/dp/B0CSFTCWMC/ref=sr_1_9?psc=1
6a4aa02dc16d5c055e099ac3,407050719890,"Convenience Kits International Men's Deluxe, 9-Piece Kit with Travel S",70,False,False,True,Other Travel Accessories,0,28.97,12.49,11.78,40.7,1,0,2026-07-05,https://www.ebay.com/itm/Convenience-Kits-International-Mens-Deluxe-9-Piece-Kit-Travel-S-/407050719890,https://www.amazon.com/dp/B01MYBJB8W?_encoding=UTF8&psc=1
6a4aa00ad8c3ffb1de6d27c7,407050717375,"Flat Plug Power Strip Surge Protector, Power Strip with USB Ports, 3 USB C and",78,False,False,True,Power Strips & Surge Protectors,0,38.97,18.99,13.78,35.4,1,0,2026-07-05,https://www.ebay.com/itm/Flat-Plug-Power-Strip-Surge-Protector-Power-Strip-USB-Ports-3-USB-C-and-1-/407050717375,https://www.amazon.com/dp/B01K73M8VS/?_encoding=UTF8&psc=1
6a4a9fe5f8d26d650434777d,407050715366,"Orthopedic Dog Bed for Large Dogs W/ Removable Bolsters & Washable Cover, for",77,False,False,True,Beds,0,279.97,156.99,80.63,28.8,1,0,2026-07-05,https://www.ebay.com/itm/Orthopedic-Dog-Bed-Large-Dogs-W-Removable-Bolsters-Washable-Cover-Do-/407050715366,https://www.amazon.com/dp/B08FFBSQG6/ref=sr_1_11?th=1&psc=1
6a4a9f9c73490fda4309a0da,407050713360,"Soimeat Travel Clear Makeup Bag with Makeup Brush Bag, Leather Make up",70,False,False,True,Makeup Bags & Cases,0,42.97,22.99,13.18,30.7,1,0,2026-07-05,https://www.ebay.com/itm/Soimeat-Travel-Clear-Makeup-Bag-Makeup-Brush-Bag-Leather-Make-up-/407050713360,https://www.amazon.com/dp/B0CJTHR87G?th=1&psc=1
6a4a9e7fc16d5c055e099ab6,407050710051,"Toiletry Bag for Men - Dry Wet Separate Travel Toiletry Bag,",60,False,False,True,Other Travel Accessories,0,32.97,15.19,12.48,37.9,1,0,2026-07-05,https://www.ebay.com/itm/Toiletry-Bag-Men-Dry-Wet-Separate-Travel-Toiletry-Bag-Tactical-Molle-Dopp-/407050710051,https://www.amazon.com/dp/B0B55YCVWF/ref=sr_1_16?psc=1
6a4a9e3e5ec0f5d4f116f28f,407050707863,Weighted Vest Men or Women - 5/10/15/20/25/30lbs Weights wit,60,False,False,False,Weighted Vests,0,98.97,54.98,28.79,29.1,1,0,2026-07-05,https://www.ebay.com/itm/Weighted-Vest-Men-Women-5-10-15-20-25-30lbs-Weights-wit-/407050707863,https://www.amazon.com/dp/B0F83F2J6T/ref=sr_1_13?th=1&psc=1
6a4a9e1ad22a6109c6bb0b46,407050706221,"16"" X 16"" Unfinished Cradled Wood Panels for Painting, Gallery 1-1/2"" Deep (2",77,False,False,False,Stretched Canvas & Boards,0,63.97,34.99,19.03,29.7,1,0,2026-07-05,https://www.ebay.com/itm/16-X-16-Unfinished-Cradled-Wood-Panels-Painting-Gallery-1-1-2-Deep-2-Pa-/407050706221,https://www.amazon.com/dp/B07GH7117R/ref=sr_1_16?psc=1
6a4a9dd2ca943c883c099c69,407050704364,"Chunky Knit Throw Blanket 48""*71"", Hand Knitted Warm Chenille Blanket,",70,False,False,True,Blankets & Throws,0,89.97,49.99,26.13,29.0,0,0,2026-07-05,https://www.ebay.com/itm/Chunky-Knit-Throw-Blanket-48-71-Hand-Knitted-Warm-Chenille-Blanket-/407050704364,https://www.amazon.com/dp/B0GWTTD9RW/ref=sr_1_3?psc=1
6a4a9d84d952eba3666d2a7d,407050617799,"Wittkop Bike Seat I Bicycle Seat for Men and Women, Waterproof Bike Sa",70,False,False,True,Saddles & Seats,0,85.97,47.99,24.73,28.8,1,0,2026-07-05,https://www.ebay.com/itm/Wittkop-Bike-Seat-Bicycle-Seat-Men-and-Women-Waterproof-Bike-Sa-/407050617799,https://www.amazon.com/dp/B086ZZ1WRD/ref=sr_1_4?th=1&psc=1
6a4a9cd2592d2fd556bb0275,407050611270,"Hooded Blanket Poncho, Women Fleece Shawl Wrap with Hood, Wearable Blanket",74,False,False,False,Blankets & Throws,0,39.97,19.99,13.63,34.1,1,0,2026-07-05,https://www.ebay.com/itm/Hooded-Blanket-Poncho-Women-Fleece-Shawl-Wrap-Hood-Wearable-Blanket-Cozy-/407050611270,https://www.amazon.com/dp/B07VSJ7H8W/ref=sr_1_3?th=1&psc=1
6a4a9bb67d7628dc88348563,407050594438,Outdoor Tackle Bag - Large Water-Resistant Fishing Backpack,59,False,False,False,Tackle Boxes & Bags,0,49.97,27.99,14.13,28.3,1,0,2026-07-05,https://www.ebay.com/itm/Outdoor-Tackle-Bag-Large-Water-Resistant-Fishing-Backpack-/407050594438,https://www.amazon.com/dp/B08JG8JGPW?psc=1
6a4a8d705ec0f5d4f116f225,407050442459,"Rotary Tool Kit: DEKOPRO Power Hand Rotary Tools Mini for Wood/Metal,",69,False,False,True,Rotary Tools,0,53.97,29.99,15.53,28.8,1,0,2026-07-05,https://www.ebay.com/itm/Rotary-Tool-Kit-DEKOPRO-Power-Hand-Rotary-Tools-Mini-Wood-Metal-/407050442459,https://www.amazon.com/dp/B0D2W2N2K5/ref=sr_1_5?psc=1
6a4a89db73490fda43099f88,407050427607,"Homedics SoundSleep White Noise Sound Machine, Blue, Small Travel Soun",70,False,False,False,Sound Therapy,0,44.97,23.99,13.88,30.9,1,0,2026-07-05,https://www.ebay.com/itm/Homedics-SoundSleep-White-Noise-Sound-Machine-Blue-Small-Travel-Soun-/407050427607,https://www.amazon.com/dp/B07DDJFF1F?_encoding=UTF8?th=1&psc=1
6a4a71055ec0f5d4f116f178,407050346717,"Docrin Ceramic Plant Pots Indoor, 6.6 + 5.5 Inch Planters with Drainag",70,False,False,False,"Baskets, Pots, Window Boxes & Saucers",0,47.97,24.99,15.43,32.2,1,0,2026-07-05,https://www.ebay.com/itm/Docrin-Ceramic-Plant-Pots-Indoor-6-6-5-5-Inch-Planters-Drainag-/407050346717,https://www.amazon.com/dp/B08TMJBXGW/ref=sr_1_13?psc=1
6a4a70e0d952eba3666d27b3,407050345311,"Deco Brothers 3-Tier Counter and Cabinet Corner Shelf Organizer, Chrom",70,False,False,False,Racks & Holders,0,39.97,19.87,13.75,34.4,1,0,2026-07-05,https://www.ebay.com/itm/3-Tier-Counter-and-Cabinet-Corner-Shelf-Organizer-Chrome-/407050345311,https://www.amazon.com/dp/B00M0FEGZ8/ref=sr_1_12?th=1&psc=1
6a4a7008f8d26d650434763b,407050341717,Belwares Mixing Bowls with Lids Set of 5 - Stainless Steel Mixing Bowl,70,False,False,False,Mixing Bowls,0,63.97,34.99,19.03,29.7,0,1,2026-07-05,https://www.ebay.com/itm/Belwares-Mixing-Bowls-Lids-Set-5-Stainless-Steel-Mixing-Bowl-/407050341717,https://www.amazon.com/dp/B09N579FDT?th=1&psc=1
6a4a6f78f8d26d6504347635,407050335519,Lazada Kids Pillows Pig Plush Pillow Stuffed Body Pillow Pink 16 Inche,70,False,False,False,Other Stuffed Animals,0,47.97,24.99,15.43,32.2,1,0,2026-07-05,https://www.ebay.com/itm/Lazada-Kids-Pillows-Pig-Plush-Pillow-Stuffed-Body-Pillow-Pink-16-Inche-/407050335519,https://www.amazon.com/dp/B071LPMNFF/ref=sr_1_17?th=1&psc=1
6a4a6ea6d2b3f004c616f575,407050330480,"120Ml Glass Essential Oil Diffuser, Ultrasonic Aroma Diffuser Glass Cover &",75,False,False,True,Home Fragrance,0,47.97,25.99,14.43,30.1,1,0,2026-07-05,https://www.ebay.com/itm/120Ml-Glass-Essential-Oil-Diffuser-Ultrasonic-Aroma-Diffuser-Glass-Cover-Plas-/407050330480,https://www.amazon.com/dp/B07HCW59PM/ref=sr_1_5?th=1&psc=1
6a4a6dc7ca943c883c099b3f,407050327963,Benbilry 6 Tiers Acrylic Nail Polish Organizer 72 Bottles Essential Oi,70,False,False,True,Nail Practice & Display,0,34.97,16.99,12.38,35.4,1,0,2026-07-05,https://www.ebay.com/itm/6-Tiers-Acrylic-Nail-Polish-Organizer-72-Bottles-Essential-Oil-Stand-Clear-Holde-/407050327963,https://www.amazon.com/dp/B076D2W939/ref=sr_1_3?th=1&psc=1
6a4a6bf4656642f82abb0402,407050317855,"QBestry Jewelry Box for Women with Drawer, 3-Layer Large Jewelry Organ",70,False,False,False,"Jewelry Boxes, Organizers & Packaging",0,46.97,24.99,14.58,31.0,1,0,2026-07-05,https://www.ebay.com/itm/QBestry-Jewelry-Box-Women-Drawer-3-Layer-Large-Jewelry-Organ-/407050317855,https://www.amazon.com/dp/B092CMXFVD/ref=sr_1_16?psc=1
6a4a6ad0d8c3ffb1de6d267d,407050311282,"Chill Mat for up to 16-Inch Laptop, Black (PA248U5)",51,False,False,False,Laptop Cooling Pads,0,64.97,34.99,19.88,30.6,1,0,2026-07-05,https://www.ebay.com/itm/Chill-Mat-up-16-Inch-Laptop-Black-PA248U5-/407050311282,https://www.amazon.com/dp/B00439G59E/ref=sr_1_17?psc=1
6a4a6ab073490fda43099d9a,407050308764,"Electronics Organizer Travel Case, Water Resistant Cable Organi",63,False,False,False,Storage Bags,0,30.97,13.99,11.98,38.7,1,0,2026-07-05,https://www.ebay.com/itm/Electronics-Organizer-Travel-Case-Water-Resistant-Cable-Organizer-Bag-Trave-/407050308764,https://www.amazon.com/dp/B07PTP17LK?th=1&psc=1
6a4a5f48f8d26d6504347566,407050056059,"Yoga Mat Extra Thick 1/3'' & 2/5"" Non Slip Yoga Mats for Women Eco Friendly",75,False,False,False,Mats & Non-Slip Towels,0,63.97,33.99,20.03,31.3,1,0,2026-07-05,https://www.ebay.com/itm/Yoga-Mat-Extra-Thick-1-3-2-5-Non-Slip-Yoga-Mats-Women-Eco-Friendly-TPE-/407050056059,https://www.amazon.com/dp/B08RDKY753/ref=sr_1_12?th=1&psc=1
6a4a5e4cd22a6109c6bb06f3,407050052725,"Dog Crate Pad, Dog Foam Crate Mat Kennel Pad, Washable Water-R",62,False,False,False,Beds,0,29.97,13.29,11.83,39.5,1,0,2026-07-05,https://www.ebay.com/itm/Dog-Crate-Pad-Dog-Foam-Crate-Mat-Kennel-Pad-Washable-Water-R-/407050052725,https://www.amazon.com/dp/B0D3DRB285/ref=sr_1_16?psc=1
6a4a5e1d73490fda43099cc3,407050050849,Washable Dog Bed Deluxe Plush Dog Crate Beds Comfy Kennel Pad An,64,False,False,True,Beds,0,47.97,25.99,14.43,30.1,1,0,2026-07-05,https://www.ebay.com/itm/Washable-Dog-Bed-Deluxe-Plush-Dog-Crate-Beds-Comfy-Kennel-Pad-/407050050849,https://www.amazon.com/dp/B09D7K7GXZ/ref=sr_1_6?th=1&psc=1
6a4a5ddcd2b3f004c616f450,407050048799,"Gigreinc Dog Bed for Small Dogs - Cute Pink Leopard Dog Bed,Cat Beds f",70,False,False,True,Beds,0,55.97,30.99,16.23,29.0,1,0,2026-07-05,https://www.ebay.com/itm/Gigreinc-Dog-Bed-Small-Dogs-Cute-Pink-Leopard-Dog-Bed-Cat-Beds-f-/407050048799,https://www.amazon.com/dp/B07CJKX7HM/ref=sr_1_8?psc=1
6a4a33ea7d7628dc88347ef8,407049773882,Kids Adjustable Roller Skates for Girls & Boys with Light U,59,False,False,True,Youth,0,107.97,59.99,31.43,29.1,1,0,2026-07-05,https://www.ebay.com/itm/Kids-Adjustable-Roller-Skates-Girls-Boys-Light-U-/407049773882,https://www.amazon.com/dp/B08LB7Y1G3/ref=sr_1_11?psc=1
6a4a33c773490fda43099a61,407049771257,Pyramid Prime Double Roller 2 Ball Bowling Bag with Large Separate Com,70,False,False,False,Bowling Ball Bags,0,113.97,62.99,33.53,29.4,1,0,2026-07-05,https://www.ebay.com/itm/Pyramid-Prime-Double-Roller-2-Ball-Bowling-Bag-Large-Separate-/407049771257,https://www.amazon.com/dp/B016APWDXA/ref=sr_1_19?th=1&psc=1
6a4a33a2bbbd1455cefa5895,407049769820,"3 in 1 304Stainless Steel Muscle Scraper Tools Set,Scraping Ma",62,False,False,True,Massagers,0,47.97,25.89,14.53,30.3,1,0,2026-07-05,https://www.ebay.com/itm/3-1-304Stainless-Steel-Muscle-Scraper-Tools-Set-Scraping-Ma-/407049769820,https://www.amazon.com/dp/B0BKTHPYFJ/ref=sr_1_4?psc=1
6a4a337ed22a6109c6bb045c,407049767574,"Dog Purse Carrier for Small Dogs Cats, TSA Airline Approved Sof",63,False,False,False,Carriers & Totes,0,53.97,29.99,15.53,28.8,1,0,2026-07-05,https://www.ebay.com/itm/Dog-Purse-Carrier-Small-Dogs-Cats-TSA-Airline-Approved-Sof-/407049767574,https://www.amazon.com/dp/B07WC5Y3YF?psc=1
6a4a3361ca943c883c0999bb,407049764120,"Snailax Shiatsu Full Back Massager with Heat, Chair Massager for Neck",69,False,False,False,Massagers,0,249.97,139.99,72.13,28.9,1,0,2026-07-05,https://www.ebay.com/itm/Snailax-Shiatsu-Full-Back-Massager-Heat-Chair-Massager-Neck-/407049764120,https://www.amazon.com/dp/B07H4BRB2X/ref=sr_1_12?psc=1
6a4a3337bbbd1455cefa588e,407049762967,Ivyu Headbands Women Hair Head Bands - Accessories 4 Pcs Velvet Pearl,69,False,False,False,Hair Accessories,0,32.97,14.99,12.68,38.5,1,0,2026-07-05,https://www.ebay.com/itm/Ivyu-Headbands-Women-Hair-Head-Bands-Accessories-4-Pcs-Velvet-Pearl-/407049762967,https://www.amazon.com/dp/B07T6G8W3D/ref=sr_1_5?th=1&psc=1
6a4a3261d22a6109c6bb0454,407049761982,Vigdur Multicolor Outdoor String Lights with 10 Bulbs Connectable Wate,70,False,False,False,"String Lights, Fairy Lights",0,47.97,25.99,14.43,30.1,1,0,2026-07-05,https://www.ebay.com/itm/Vigdur-Multicolor-Outdoor-String-Lights-10-Bulbs-Connectable-Wate-/407049761982,https://www.amazon.com/dp/B088FK1D4Y/ref=sr_1_19?psc=1
6a4a324173490fda43099a54,407049756579,"Hitop Kids Sprinklers for Outside, Splash Pad for Toddlers & Baby Pool",70,False,False,False,Inflatable & Kid Pools,0,38.97,19.79,12.98,33.3,1,0,2026-07-05,https://www.ebay.com/itm/Hitop-Kids-Sprinklers-Outside-Splash-Pad-Toddlers-Baby-Pool-/407049756579,https://www.amazon.com/dp/B01CEAA6TS/ref=sr_1_11?psc=1
6a4a321a73490fda43099a53,407049751835,"Snailax shiatsu Neck & Back Massager with Heat, Full Back Kneading Shi",70,False,False,False,Massagers,0,320.97,179.99,92.48,28.8,1,0,2026-07-05,https://www.ebay.com/itm/Snailax-shiatsu-Neck-Back-Massager-Heat-Full-Back-Kneading-Shi-/407049751835,https://www.amazon.com/dp/B07DRBMDHR/ref=sr_1_14?th=1&psc=1
6a4a31d573490fda43099a51,407049750471,"Pull Up Bands, Resistance Bands Set, Exercise Workout Bands for Men &",69,False,False,True,Resistance Trainers,0,54.97,29.69,16.68,30.3,0,0,2026-07-05,https://www.ebay.com/itm/Pull-Up-Bands-Resistance-Bands-Set-Exercise-Workout-Bands-Men-/407049750471,https://www.amazon.com/dp/B0827XM7BN/ref=sr_1_6?psc=1
6a4a318c7d7628dc88347edf,407049748664,6 Pack Extra Heavy Duty Large Moving Bags with Strong Zipper & Comfort,70,False,False,False,Reclosable & Zipper Bags,0,44.97,23.98,13.89,30.9,1,0,2026-07-05,https://www.ebay.com/itm/6-Pack-Extra-Heavy-Duty-Large-Moving-Bags-Strong-Zipper-Comfort-/407049748664,https://www.amazon.com/dp/B0DGF616XN/ref=sr_1_20?th=1&psc=1
6a4a3144f8d26d65043474a4,407049747390,"Foldable Baby Doll High Chair, Baby Doll Accessories, Dolls & Accessor",70,False,False,False,Houses & Furniture,0,46.97,24.99,14.58,31.0,1,0,2026-07-05,https://www.ebay.com/itm/Foldable-Baby-Doll-High-Chair-Baby-Doll-Accessories-Dolls-Accessor-/407049747390,https://www.amazon.com/dp/B003GVTOM0/ref=sr_1_4?psc=1
6a4a31207d7628dc88347eda,407049746256,"Low Beach Chair, High Back Folding Camping Chair for Adults,",60,False,False,True,Camping Furniture,0,170.97,94.99,49.98,29.2,1,0,2026-07-05,https://www.ebay.com/itm/Low-Beach-Chair-High-Back-Folding-Camping-Chair-Adults-/407049746256,https://www.amazon.com/dp/B07R9TGCT6/ref=sr_1_4?th=1&psc=1
6a4a30fdd22a6109c6bb044c,407049744766,"Banord Outdoor String Lights, 48FT Waterproof Patio Lights with 2W Dim",70,False,False,False,String Lights,0,80.97,44.99,23.48,29.0,1,0,2026-07-05,https://www.ebay.com/itm/Banord-Outdoor-String-Lights-48FT-Waterproof-Patio-Lights-2W-Dim-/407049744766,https://www.amazon.com/dp/B0748DCRBF/ref=sr_1_7?th=1&psc=1
6a4a3027d22a6109c6bb0445,407049743111,"Amazer Spring Tension Shower Curtain Rod, 26-42 Inches Rust-Resistance",70,False,False,False,Shower Curtain Rods,0,41.97,21.99,13.33,31.8,1,0,2026-07-05,https://www.ebay.com/itm/Amazer-Spring-Tension-Shower-Curtain-Rod-26-42-Inches-Rust-Resistance-/407049743111,https://www.amazon.com/dp/B083FC9N9Z/ref=sr_1_4?psc=1
6a4a3009ca943c883c0999b6,407049741677,Toilet Paper Holder Stand Bathroom Tissue Dispenser Holders Rack Free,69,False,False,False,Toilet Paper Holders & Storage,0,49.97,26.99,15.13,30.3,1,0,2026-07-05,https://www.ebay.com/itm/Toilet-Paper-Holder-Stand-Bathroom-Tissue-Dispenser-Holders-Rack-Free-/407049741677,https://www.amazon.com/dp/B087288QQZ/ref=sr_1_10?psc=1
6a4a300ed2b3f004c616f173,407049737773,"Fida Retractable Dog Leash with Dispenser and Poop Bags, 10 ft Pet Wal",70,False,False,False,Leashes & Head Collars,0,35.97,17.98,12.24,34.0,1,0,2026-07-05,https://www.ebay.com/itm/Fida-Retractable-Dog-Leash-Dispenser-and-Poop-Bags-10-ft-Pet-Wal-/407049737773,https://www.amazon.com/dp/B08D3PKS3W/ref=sr_1_15?th=1&psc=1
6a4a300973490fda43099a43,407049735541,"Fida Retractable Dog Leash with Dispenser and Poop Bags, 16 ft Pet Wal",70,False,False,False,Leashes & Head Collars,0,41.97,21.99,13.33,31.8,1,0,2026-07-05,https://www.ebay.com/itm/Fida-Retractable-Dog-Leash-Dispenser-and-Poop-Bags-16-ft-Pet-Wal-/407049735541,https://www.amazon.com/dp/B08D3RHNM9/ref=sr_1_16?th=1&psc=1
6a4a2f5cd2b3f004c616f168,407049734043,"Exercise Ball Yoga Ball for Fitness, Balance, Stability, o",58,False,False,True,Exercise Balls,0,33.97,15.97,12.55,36.9,1,0,2026-07-05,https://www.ebay.com/itm/Exercise-Ball-Yoga-Ball-Fitness-Balance-Stability-o-/407049734043,https://www.amazon.com/dp/B071HSP326/ref=sr_1_16?th=1&psc=1
6a4a2f0bd2b3f004c616f166,407049732474,"Business Laptop Backpack Fits 15.6 Inch Notebook, Anti Theft Wor",64,False,False,False,Laptop Cases & Bags,0,132.97,73.99,38.68,29.1,1,0,2026-07-05,https://www.ebay.com/itm/Business-Laptop-Backpack-Fits-15-6-Inch-Notebook-Anti-Theft-Wor-/407049732474,https://www.amazon.com/dp/B0D1TM7BQP/ref=sr_1_8?th=1&psc=1
6a4a2ec37d7628dc88347eb7,407049731030,"Large Exercise Mat, 8' x 6'/8' x 4'/6' x 4' Extra Durable Workout Mats",70,False,False,False,Exercise Mats,0,99.97,54.99,29.63,29.6,1,0,2026-07-05,https://www.ebay.com/itm/Large-Exercise-Mat-8-x-6-8-x-4-6-x-4-Extra-Durable-Workout-Mats-/407049731030,https://www.amazon.com/dp/B0C1MXJ5R8/ref=sr_1_20?th=1&psc=1
6a4a2e33d2b3f004c616f15b,407049725836,"Elbourn Folding Side Table End Couch Tables, C-Shaped End Table for Li",70,False,False,True,Tables,0,71.97,39.99,20.83,28.9,1,0,2026-07-05,https://www.ebay.com/itm/Elbourn-Folding-Side-Table-End-Couch-Tables-C-Shaped-End-Table-Li-/407049725836,https://www.amazon.com/dp/B0DSP4XC2T/?psc=1
6a4a2d5dd22a6109c6bb0426,407049721341,Mouse Pad Wrist Support Keyboard Wrist Rest Pad Ergonomic Mo,60,False,False,True,Mouse Pads & Wrist Rests,0,35.97,17.99,12.23,34.0,1,0,2026-07-05,https://www.ebay.com/itm/Mouse-Pad-Wrist-Support-Keyboard-Wrist-Rest-Pad-Ergonomic-Mo-/407049721341,https://www.amazon.com/dp/B09SLT8SQZ/ref=sr_1_15?psc=1
6a4a2cf4d22a6109c6bb0421,407049719400,"Yoga Mat Non Slip, Pilates Fitness Mats, Eco Friendly, Anti-Tear 1/4""",69,False,False,False,Mats & Non-Slip Towels,0,67.97,37.99,19.43,28.6,1,0,2026-07-05,https://www.ebay.com/itm/Yoga-Mat-Non-Slip-Pilates-Fitness-Mats-Eco-Friendly-Anti-Tear-1-4-/407049719400,https://www.amazon.com/dp/B08GXDHZ8Y/ref=sr_1_4?th=1&psc=1
6a4a2ccf73490fda43099a19,407049717864,"Large Exercise Mat 6'x4'/6'x5'/6'x6'(7mm), Thick Workout Mats f",63,False,False,True,Exercise Mats,0,178.97,99.99,51.78,28.9,1,0,2026-07-05,https://www.ebay.com/itm/Large-Exercise-Mat-6x4-6x5-6x6-7mm-Thick-Workout-Mats-f-/407049717864,https://www.amazon.com/dp/B077M79C4W/ref=sr_1_7?th=1&psc=1
6a4a2c89bbbd1455cefa5840,407049716421,3XL Huge Mouse Pads Oversized (48''x24'') - Extra Large Gaming XXXL Mo,70,False,False,True,Mouse Pads & Wrist Rests,0,70.97,38.95,21.02,29.6,1,0,2026-07-05,https://www.ebay.com/itm/3XL-Huge-Mouse-Pads-Oversized-48x24-Extra-Large-Gaming-XXXL-Mo-/407049716421,https://www.amazon.com/dp/B07V6TD58J/ref=sr_1_4?psc=1
6a4a2c647d7628dc88347e9e,407049715309,"Feandrea 27.2"" Dog Crate Furniture, Indoor Dog Cage Side End Table, M",69,False,False,True,Cages & Crates,0,151.97,84.99,43.83,28.8,1,0,2026-07-05,https://www.ebay.com/itm/Feandrea-27-2-Dog-Crate-Furniture-Indoor-Dog-Cage-Side-End-Table-M-/407049715309,https://www.amazon.com/dp/B08HWBZCV5/ref=sr_1_4?th=1&psc=1
6a4a2bd6d2b3f004c616f142,407049713810,"Pet Products Pet Bed Warmer, Turn Any Pet Bed Into a Heated Cat or",66,False,False,True,Necklaces & Pendants,0,55.97,30.67,16.55,29.6,1,0,2026-07-05,https://www.ebay.com/itm/Pet-Products-Pet-Bed-Warmer-Turn-Any-Pet-Bed-Into-Heated-Cat-/407049713810,https://www.amazon.com/dp/B00KCNUO2O/ref=sr_1_16?th=1&psc=1
6a4a2ab873490fda430999f9,407049705173,"Dog Car Seat Cover for Back Seat, Waterproof Car Seat Protecto",62,False,False,False,Car Seat Covers,0,59.97,32.99,17.63,29.4,1,0,2026-07-05,https://www.ebay.com/itm/Dog-Car-Seat-Cover-Back-Seat-Waterproof-Car-Seat-Protecto-/407049705173,https://www.amazon.com/dp/B01JONT9AK/ref=sr_1_13?th=1&psc=1
6a4a2a96d2b3f004c616f12d,407049703534,"Honest Dog Car Seat Covers, Dog seat Cover with Side Flap for Cars, Tr",70,False,False,True,Car Seat Covers,0,41.97,21.59,13.73,32.7,1,0,2026-07-05,https://www.ebay.com/itm/Honest-Dog-Car-Seat-Covers-Dog-seat-Cover-Side-Flap-Cars-Tr-/407049703534,https://www.amazon.com/dp/B08398BV5S/?psc=1&th=1
6a4a2a70d22a6109c6bb03f7,407049701714,Lazzzy Blue Floral Curtains 90 Inch Length Linen Farmhouse Curtain Bac,70,False,False,False,Curtains & Drapes,0,84.97,46.99,24.88,29.3,1,0,2026-07-05,https://www.ebay.com/itm/Lazzzy-Blue-Floral-Curtains-90-Inch-Length-Linen-Farmhouse-Curtain-Bac-/407049701714,https://www.amazon.com/dp/B0CWL2J9RK/?psc=1&th=1
6a4a0fa96e42399afefa563f,407049528848,"Suspenz Folding Kayak Stand, Small Portable Racks for Kayaks, Canoes &",70,False,False,True,Accessories,0,142.97,79.95,41.22,28.8,1,0,2026-07-05,https://www.ebay.com/itm/Suspenz-Folding-Kayak-Stand-Small-Portable-Racks-Kayaks-Canoes-/407049528848,https://www.amazon.com/dp/B00BGWH1Y4/ref=sr_1_13?psc=1
6a4a0f8b7d7628dc88347ceb,407049526871,Afirst Mosaic Solar Lanterns Outdoor - Glass Hanging Solar Lights Holl,70,False,False,False,Landscape & Walkway Lights,0,44.97,23.99,13.88,30.9,1,0,2026-07-05,https://www.ebay.com/itm/Afirst-Mosaic-Solar-Lanterns-Outdoor-Glass-Hanging-Solar-Lights-Holl-/407049526871,https://www.amazon.com/dp/B09ZHNMHZ1?_encoding=UTF8?th=1&psc=1
6a4a0eb5d22a6109c6bb025f,407049525837,reperkid Car Seat Travel Bag – Easy To Carry Baby Seat Cover – Baby Tr,70,False,False,True,Car Seat Accessories,0,44.97,21.89,15.98,35.5,1,0,2026-07-05,https://www.ebay.com/itm/reperkid-Car-Seat-Travel-Bag-Easy-Carry-Baby-Seat-Cover-Baby-Tr-/407049525837,https://www.amazon.com/dp/B0773XZJGZ/ref=sr_1_11?psc=1
6a4a0e44bbbd1455cefa5693,407049524471,"Novodon Merino Wool Pressing Mat 22"" x 60"" 100% Wool Pressing Mat for",69,False,False,True,Yarn,0,123.97,69.99,35.03,28.3,1,0,2026-07-05,https://www.ebay.com/itm/Novodon-Merino-Wool-Pressing-Mat-22-x-60-100-Wool-Pressing-Mat-/407049524471,https://www.amazon.com/dp/B09421711R/ref=sr_1_4?psc=1
6a4a0e1f89d66f47732885aa,407049523187,Cotton Sleep Eye Mask for Men - Upgrade Design Blackout Side S,62,False,False,True,Sleep Masks,0,48.97,26.99,14.28,29.2,1,0,2026-07-05,https://www.ebay.com/itm/Cotton-Sleep-Eye-Mask-Men-Upgrade-Design-Blackout-Side-S-/407049523187,https://www.amazon.com/dp/B07MT7N35R?psc=1&th=1
6a4a0dfcd22a6109c6bb0253,407049521805,Roller Stiff Peanut Massage Ball - High Density Peanut Massager -,65,False,False,True,Massagers,0,46.97,24.99,14.58,31.0,1,0,2026-07-05,https://www.ebay.com/itm/Roller-Stiff-Peanut-Massage-Ball-High-Density-Peanut-Massager-/407049521805,https://www.amazon.com/dp/B015HUY4AY/ref=sr_1_10?th=1&psc=1
6a4a0dd9d22a6109c6bb024f,407049520403,"Microwave Heating Pad, Microwavable Heated Neck Pillow for Mo",61,False,False,True,Electric Heating Pads,0,47.97,25.99,14.43,30.1,1,0,2026-07-05,https://www.ebay.com/itm/Microwave-Heating-Pad-Microwavable-Heated-Neck-Pillow-Mo-/407049520403,https://www.amazon.com/dp/B00ID075FC/ref=sr_1_18?psc=1
6a4a0db8d22a6109c6bb024d,407049519230,Fitru Waist Trimmer Sauna Ab Belt for Women & Men - Waist Trainer Stom,70,False,False,False,Shapewear,0,49.97,27.49,14.63,29.3,1,0,2026-07-05,https://www.ebay.com/itm/Fitru-Waist-Trimmer-Sauna-Ab-Belt-Women-Men-Waist-Trainer-Stom-/407049519230,https://www.amazon.com/dp/B01N2VG1QN/ref=sr_1_6?psc=1
6a4a0d91d22a6109c6bb024a,407049516763,"200 PCS/100Pairs 925 Sterling Silver and Gold Earring Hooks,Hypo-aller",70,False,False,False,Earring Findings,0,33.97,15.99,12.53,36.9,1,0,2026-07-05,https://www.ebay.com/itm/200-PCS-100Pairs-925-Sterling-Silver-and-Gold-Earring-Hooks-Hypo-aller-/407049516763,https://www.amazon.com/dp/B0868HS9TR/?_encoding=UTF8&psc=1
6a4a0d0289d66f4773288596,407049509844,"Dog Collar and Leash, Velvet Dog Collar and Leash Set, Soft",59,False,False,False,Collars,0,44.97,23.8,14.07,31.3,1,0,2026-07-05,https://www.ebay.com/itm/Dog-Collar-and-Leash-Velvet-Dog-Collar-and-Leash-Set-Soft-/407049509844,https://www.amazon.com/dp/B07H238PNM/ref=sr_1_4?th=1&psc=1
6a4a0ce0d22a6109c6bb0243,407049505513,"The Buddy System Hands Free Dog Leash, Adjustable Leash for Running, J",70,False,False,True,Leashes & Head Collars,0,46.97,24.99,14.58,31.0,1,0,2026-07-05,https://www.ebay.com/itm/Buddy-System-Hands-Free-Dog-Leash-Adjustable-Leash-Running-J-/407049505513,https://www.amazon.com/dp/B003G8CZZG/ref=sr_1_8?th=1&psc=1
6a4a0c9889d66f477328858c,407049504574,"Globlazer Heavy Duty Cat Tree, 70 inch Sturdy Cat Tree for Indoor Cats",70,False,False,False,Furniture & Scratchers,0,172.97,96.99,49.68,28.7,1,0,2026-07-05,https://www.ebay.com/itm/Globlazer-Heavy-Duty-Cat-Tree-70-inch-Sturdy-Cat-Tree-Indoor-Cats-/407049504574,https://www.amazon.com/dp/B0DGKR5MMP/ref=sr_1_15?th=1&psc=1
6a4a0c50bbbd1455cefa567a,407049503376,Purple Dragon Professional 7.0 inch 4PCS Pet Grooming Scissors Kit Jap,70,False,False,False,Scissors & Fur Clippers,0,71.97,39.99,20.83,28.9,0,0,2026-07-05,https://www.ebay.com/itm/Purple-Dragon-Professional-7-0-inch-4PCS-Pet-Grooming-Scissors-Kit-Jap-/407049503376,https://www.amazon.com/dp/B01JUYR77K?_encoding=UTF8?th=1&psc=1
6a4a0b9e7d7628dc88347cbe,407049498944,"Resistance Bands with Handle Set - for Men and Women, Workout Bands fo",70,False,False,True,Resistance Trainers,0,52.97,28.98,15.69,29.6,1,0,2026-07-05,https://www.ebay.com/itm/Resistance-Bands-Handle-Set-Men-and-Women-Workout-Bands-fo-/407049498944,https://www.amazon.com/dp/B077HV3RW5/ref=sr_1_18?th=1&psc=1
6a4a0aad89d66f4773288577,407049493734,Decorative Garden Fence 12 Panels 26ft(L)×42in(H) Metal Garde,61,False,False,False,Fence Panels,0,282.97,158.39,81.78,28.9,1,0,2026-07-05,https://www.ebay.com/itm/Decorative-Garden-Fence-12-Panels-26ft-L-42in-H-Metal-Garde-/407049493734,https://www.amazon.com/dp/B0FMGMR4Q6/ref=sr_1_14?psc=1
6a4a0a5dd2b3f004c616ef79,407049491901,"Cumbor 36.6-64"" Extra Wide Baby Gate for Stairs, Dog Gates for Doorway",70,False,False,False,Safety Gates,0,142.97,79.99,41.18,28.8,0,0,2026-07-05,https://www.ebay.com/itm/Cumbor-36-6-64-Extra-Wide-Baby-Gate-Stairs-Dog-Gates-Doorway-/407049491901,https://www.amazon.com/dp/B09GXQSTG9/ref=sr_1_13?psc=1
6a4a0a39d22a6109c6bb022c,407049490504,"Cat Tent Outdoor, Pet Enclosure Tent Suitable for Cats and Small Anima",70,False,False,False,Beds,0,51.97,26.99,16.83,32.4,1,0,2026-07-05,https://www.ebay.com/itm/Cat-Tent-Outdoor-Pet-Enclosure-Tent-Suitable-Cats-and-Small-Anima-/407049490504,https://www.amazon.com/dp/B096RWQS8V/ref=sr_1_5?th=1&psc=1
6a4a09f1d22a6109c6bb022b,407049489073,Bulldogology Dog Car Seat Cover For Back Seat - Waterproof Dog Car Sea,70,False,False,False,Car Seat Covers,0,71.97,39.99,20.83,28.9,1,0,2026-07-05,https://www.ebay.com/itm/Bulldogology-Dog-Car-Seat-Cover-Back-Seat-Waterproof-Dog-Car-Sea-/407049489073,https://www.amazon.com/dp/B01C83PBO6/ref=sr_1_20?th=1&psc=1
6a4a09cf6e42399afefa562d,407049486789,"Vailge Dog Car Seat Cover for Back Seat, 100% Waterproof Back Seat Pet",70,False,False,False,Car Seat Covers,0,45.97,22.4,16.32,35.5,1,0,2026-07-05,https://www.ebay.com/itm/Vailge-Dog-Car-Seat-Cover-Back-Seat-100-Waterproof-Back-Seat-Pet-/407049486789,https://www.amazon.com/dp/B0851C6F2F/ref=sr_1_20?th=1&psc=1
6a4a093f7d7628dc88347ca4,407049485614,Waterproof Full Size Mattress Protector - Fitted with Stretch,61,False,False,False,Mattress Pads & Toppers,0,64.97,36.99,17.88,27.5,1,0,2026-07-05,https://www.ebay.com/itm/Waterproof-Full-Size-Mattress-Protector-Fitted-Stretch-/407049485614,https://www.amazon.com/dp/B003PWNGQU/ref=sr_1_11?th=1&psc=1
6a4a091fd2b3f004c616ef6e,407049484261,Sherpa Fleece Blanket Gifts for Mom Dad Cozy Soft Throw Blanket,63,False,False,False,Blankets & Throws,0,82.97,45.99,24.18,29.1,1,0,2026-07-05,https://www.ebay.com/itm/Sherpa-Fleece-Blanket-Gifts-Mom-Dad-Cozy-Soft-Throw-Blanket-/407049484261,https://www.amazon.com/dp/B07S72TW9C/ref=sr_1_4?th=1&psc=1
6a4a086fbbbd1455cefa5651,407049482875,"Waterproof Mattress Protector Queen Size, 6''-21'' Deep Pocket Fitted",69,False,False,False,Mattress Pads & Toppers,0,60.97,33.95,17.52,28.7,1,0,2026-07-05,https://www.ebay.com/itm/Waterproof-Mattress-Protector-Queen-Size-6-21-Deep-Pocket-Fitted-/407049482875,https://www.amazon.com/dp/B09T2GL3TL/ref=sr_1_7?psc=1
6a4a0825d2b3f004c616ef64,407049481091,Dinosaur and Star Foil Print Blackout Curtains for Kids Room -,62,False,False,True,Curtains & Drapes,0,40.97,20.99,13.48,32.9,1,0,2026-07-05,https://www.ebay.com/itm/Dinosaur-and-Star-Foil-Print-Blackout-Curtains-Kids-Room-/407049481091,https://www.amazon.com/dp/B08K8DQKBG/ref=sr_1_11?psc=1
6a4a0804bbbd1455cefa564d,407049477784,"Faux Rabbit Fur Throw Blanket for Couch, Fluffy Warm Plush Thick Bubbl",70,False,False,False,Blankets & Throws,0,73.97,41.31,21.21,28.7,1,0,2026-07-05,https://www.ebay.com/itm/Faux-Rabbit-Fur-Throw-Blanket-Couch-Fluffy-Warm-Plush-Thick-Bubbl-/407049477784,https://www.amazon.com/dp/B0DFC1FDMB/ref=sr_1_17?th=1&psc=1
6a4a07da89d66f4773288563,407049476236,"Healing Blanket, Get Well Soon Gift, Soft Hug Compassion Sherp",62,False,False,False,Blankets & Throws,0,42.97,22.99,13.18,30.7,1,0,2026-07-05,https://www.ebay.com/itm/Healing-Blanket-Get-Well-Soon-Gift-Soft-Hug-Compassion-Sherp-/407049476236,https://www.amazon.com/dp/B07VW5Y2ZD/ref=sr_1_19?psc=1
6a4a074cd22a6109c6bb0212,407049473636,"Black and Red Buffalo Plaid Fleece Throw Blanket for Couch, So",62,False,False,True,Blankets & Throws,0,34.97,16.99,12.38,35.4,1,0,2026-07-05,https://www.ebay.com/itm/Black-and-Red-Buffalo-Plaid-Fleece-Throw-Blanket-Couch-So-/407049473636,https://www.amazon.com/dp/B07JVJQ9XK/ref=sr_1_14?th=1&psc=1
6a4a07277d7628dc88347c94,407049469494,"Red Curtains for Kids Bedroom 2 Panels,Sheer Gamer Curtains fo",62,False,False,True,Curtains & Drapes,0,42.97,22.99,13.18,30.7,1,0,2026-07-05,https://www.ebay.com/itm/Red-Curtains-Kids-Bedroom-2-Panels-Sheer-Gamer-Curtains-fo-/407049469494,https://www.amazon.com/dp/B09226TVQT/ref=sr_1_4?psc=1
6a4a0704d2b3f004c616ef5b,407049468168,"Lush Decor Mid Century Geo Light Filtering Window Curtain Panel Pair,",69,False,False,True,Curtains & Drapes,0,107.97,55.21,36.21,33.5,1,0,2026-07-05,https://www.ebay.com/itm/Lush-Decor-Mid-Century-Geo-Light-Filtering-Window-Curtain-Panel-Pair-/407049468168,https://www.amazon.com/dp/B07KWHFG36/?_encoding=UTF8?th=1&psc=1
6a4a06e6bbbd1455cefa5647,407049466592,Wrap Around Curtain Rod Blackout Curtain Rod for Windows 18 to 43 Inch,70,False,False,False,Curtain Rods & Hardware,0,53.97,27.49,18.03,33.4,0,0,2026-07-05,https://www.ebay.com/itm/Wrap-Around-Curtain-Rod-Blackout-Curtain-Rod-Windows-18-43-Inch-/407049466592,https://www.amazon.com/dp/B0DZ67VK8T/ref=sr_1_19?psc=1
6a49f6337d7628dc88347bc9,407049385808,PetAmi Dog Backpack Carrier for Small Medium Dogs Large Cats up to 18,69,False,False,False,Carriers & Totes,0,71.97,39.99,20.83,28.9,1,0,2026-07-05,https://www.ebay.com/itm/PetAmi-Dog-Backpack-Carrier-Small-Medium-Dogs-Large-Cats-up-18-/407049385808,https://www.amazon.com/dp/B07DWTM9P6?th=1&psc=1
6a49f5f830ae0018fad18929,407049383436,"Cat Tree, 33.1-Inch Cat Tower, Plush Condo for Large Cats up to 16 Lb, Large Perch, 2 Caves, Scratching Post, Light Gray UPCT61W",128,True,False,False,Furniture & Scratchers,0,89.97,49.99,26.13,29.0,1,0,2026-07-05,https://www.ebay.com/itm/Cat-Tree-33-1-Inch-Cat-Tower-Plush-Condo-Large-Cats-up-16-Lb-Large-Per-/407049383436,https://www.amazon.com/dp/B0795T91YP/ref=sr_1_4?th=1&psc=1
6a49f4f191b2265e97d190cf,407049380403,Rollerbones Team Logo 98A Recreational Roller Skate Wheels (Set of 8),69,False,False,False,Wheels,0,106.97,57.95,32.62,30.5,1,0,2026-07-05,https://www.ebay.com/itm/Rollerbones-Team-Logo-98A-Recreational-Roller-Skate-Wheels-Set-8-/407049380403,https://www.amazon.com/dp/B008RYYU2K/ref=sr_1_20?psc=1
6a49f46199512666b3fbcbdb,407049377541,Extra Wide Pressure Mounted Baby Gate Walk Through Child Kids,61,False,False,False,Safety Gates,0,99.97,55.99,28.63,28.6,1,0,2026-07-05,https://www.ebay.com/itm/Extra-Wide-Pressure-Mounted-Baby-Gate-Walk-Through-Child-Kids-/407049377541,https://www.amazon.com/dp/B08SWV17QW/ref=sr_1_20?th=1&psc=1
6a49f41a99512666b3fbcbda,407049376047,"High Velocity Dog Grooming Dryer, Dog Blow Dryer, Pet Hair Dryer with",69,False,False,True,Dryers,0,135.97,75.99,39.23,28.9,1,0,2026-07-05,https://www.ebay.com/itm/High-Velocity-Dog-Grooming-Dryer-Dog-Blow-Dryer-Pet-Hair-Dryer-/407049376047,https://www.amazon.com/dp/B07QQ54248/ref=sr_1_15?th=1&psc=1
6a49f3f699512666b3fbcbd9,407049374805,Soft Leather Dog Collar and Leash (6.6') Set - Stylish Rose Gold Heavy,70,False,False,False,Collars,0,39.97,19.99,13.63,34.1,1,0,2026-07-05,https://www.ebay.com/itm/Soft-Leather-Dog-Collar-and-Leash-6-6-Set-Stylish-Rose-Gold-Heavy-Duty-Meta-/407049374805,https://www.amazon.com/dp/B08XXVKLWW/ref=sr_1_10?th=1&psc=1
6a49f3b591b2265e97d190be,407049373195,"Mark VIII round Head Slicker Brush for Dogs, 12Mm Pins, Groom like a Pro, Handcrafted Lightweight Beechwood Ergonomic Handle, Stainless Steel Pins, A5VIII. Made in Germany.",172,True,False,False,"Brushes, Combs & Rakes",0,95.97,52.99,28.23,29.4,1,0,2026-07-05,https://www.ebay.com/itm/Mark-VIII-round-Head-Slicker-Brush-Dogs-12Mm-Pins-Groom-like-Pro-Handcr-/407049373195,https://www.amazon.com/dp/B000RK74Y8/ref=sr_1_13?psc=1
6a49f34985cf6143ee347130,407049370746,Pawtitas 6 FT Padded Dog Leash with Comfortable Neoprene Padding Handl,70,False,False,False,Leashes & Head Collars,0,35.97,17.69,12.53,34.8,1,0,2026-07-05,https://www.ebay.com/itm/Pawtitas-6-FT-Padded-Dog-Leash-Comfortable-Neoprene-Padding-Handl-/407049370746,https://www.amazon.com/dp/B01M34R8F7/ref=sr_1_6?psc=1
6a49f27391b2265e97d190af,407049367069,"Waterproof Dog Blanket for Couch, Pee Proof Sherpa Fleece Reversible Pet Throw, Furniture Protector for Bed Sofa Kennel, Soft Washable Cover for Small Medium Dog Puppy Cat, 29X40 Plaid Blue",189,True,False,False,Blankets,0,34.97,16.99,12.38,35.4,1,0,2026-07-05,https://www.ebay.com/itm/Waterproof-Dog-Blanket-Couch-Pee-Proof-Sherpa-Fleece-Reversible-Pet-Throw-/407049367069,https://www.amazon.com/dp/B07JBRNBF1/ref=sr_1_9?th=1&psc=1
6a49f1dcf8d26d65043473a0,407049364914,"furrybaby Premium Fluffy Fleece Dog Blanket, Soft and Warm Pet Throw f",70,False,False,True,Blankets,0,41.97,21.38,13.94,33.2,1,0,2026-07-05,https://www.ebay.com/itm/furrybaby-Premium-Fluffy-Fleece-Dog-Blanket-Soft-and-Warm-Pet-Throw-f-/407049364914,https://www.amazon.com/dp/B07Y4WTF3H?psc=1&th=1
6a49f17199512666b3fbcbb2,407049363866,"Waterproof Crib Mattress Protector 27"" X 38"", Non-Slip & Sturdy Mattress Pad Mat, 4 Layers Incontinence Bed Pad for Children Adults, Pets Training Pee Pad, Grey",160,True,False,False,Mattress Pads & Covers,0,34.97,16.99,12.38,35.4,1,0,2026-07-05,https://www.ebay.com/itm/Waterproof-Crib-Mattress-Protector-27-X-38-Non-Slip-Sturdy-Mattress-Pad-Mat-/407049363866,https://www.amazon.com/dp/B0978JDVLM/ref=sr_1_19?th=1&psc=1
6a49f10699512666b3fbcbad,407049361909,"PetAmi Fluffy Waterproof Dog Blanket for Couch and Bed, Reversible She",70,False,False,False,Blankets,0,39.97,19.99,13.63,34.1,1,0,2026-07-05,https://www.ebay.com/itm/Fluffy-Waterproof-Dog-Blanket-Couch-and-Bed-Reversible-Sherpa-Pet-Throw-Pe-/407049361909,https://www.amazon.com/dp/B08HFRBY5M/ref=sr_1_13?psc=1
6a49efe730ae0018fad18904,407049355802,"Cat Cave – Premium Felt Cat Bed Enclosure for Indoor Cats, Han",62,False,False,False,Beds,0,71.97,39.99,20.83,28.9,1,0,2026-07-05,https://www.ebay.com/itm/Cat-Cave-Premium-Felt-Cat-Bed-Enclosure-Indoor-Cats-Handmade-Merino-Wool-/407049355802,https://www.amazon.com/dp/B078NJM2CT/ref=sr_1_15?psc=1
6a49ef7b36e53c566c4dbce1,407049354336,Comfify Rust Brown Cast Iron Octopus Toilet Paper Holder – Nautical Ca,70,False,False,True,Toilet Paper Holders & Storage,0,46.97,24.99,14.58,31.0,1,0,2026-07-05,https://www.ebay.com/itm/Comfify-Rust-Brown-Cast-Iron-Octopus-Toilet-Paper-Holder-Nautical-Ca-/407049354336,https://www.amazon.com/dp/B07FCC43YV/?th=1&psc=1
6a49ee5bf8d26d6504347388,407049350881,"LUXE Chunky Knit Throw Blanket 50x70, Graphite Gray Chenille Th",63,False,False,True,Blankets & Throws,0,214.97,119.99,62.38,29.0,1,0,2026-07-05,https://www.ebay.com/itm/LUXE-Chunky-Knit-Throw-Blanket-50x70-Graphite-Gray-Chenille-Th-/407049350881,https://www.amazon.com/dp/B08RRLJVPN/ref=sr_1_17?th=1&psc=1
6a49ee1212044c84bf4db267,407049349199,"Amazer Spring Tension Shower Curtain Rod, 54-90 Inches Rust-Resistance",70,False,False,False,Shower Curtain Rods,0,52.97,28.99,15.68,29.6,1,0,2026-07-05,https://www.ebay.com/itm/Amazer-Spring-Tension-Shower-Curtain-Rod-54-90-Inches-Rust-Resistance-/407049349199,https://www.amazon.com/dp/B07T1PZNN5/ref=sr_1_16?th=1&psc=1
6a49874335f8d2b8daa96cf5,407048785808,"Waterproof Dog Blanket for Couch, Queen 90x90, Pee Proof Sherpa",63,False,False,False,Blankets,0,98.97,54.99,28.78,29.1,1,0,2026-07-04,https://www.ebay.com/itm/PetAmi-Waterproof-Dog-Blanket-Couch-Queen-90x90-Pee-Proof-Sherpa-/407048785808,https://www.amazon.com/dp/B08HG9XCYX/ref=sr_1_8?psc=1
6a4986dc7ee40bbf377a41ac,407048781113,"Professional Dog Grooming Straight, Curved, Thinning/Blending/Chunking Scissors Kit, JP-440C Stainless Steel Pet Cat Hair Cutting/Trimming Shears, Silver",153,True,False,False,Scissors & Fur Clippers,0,49.97,27.99,14.13,28.3,1,0,2026-07-04,https://www.ebay.com/itm/Professional-Dog-Grooming-Straight-Curved-Thinning-Blending-Chunking-Scissors-/407048781113,https://www.amazon.com/dp/B07VHP65M9/ref=sr_1_17?th=1&psc=1
6a4986b636e53c566c4db811,407048779071,"Retractable Baby Gate for Stairs and Doorways, 55"" Wide x 33"" Tall Mes",70,False,False,False,Safety Gates,0,64.97,33.99,20.88,32.1,1,0,2026-07-04,https://www.ebay.com/itm/Retractable-Baby-Gate-Stairs-and-Doorways-55-Wide-x-33-Tall-Mes-/407048779071,https://www.amazon.com/dp/B0FKB7N4BY/ref=sr_1_11?psc=1
6a4984c035f8d2b8daa96ccd,407048768673,"200 LED Easter Lights Outdoor Indoor for Decorations, 66 Ft C",61,False,False,True,"String Lights, Fairy Lights",0,45.97,23.86,14.86,32.3,1,0,2026-07-04,https://www.ebay.com/itm/200-LED-Easter-Lights-Outdoor-Indoor-Decorations-66-Ft-Connectable-Pastel-E-/407048768673,https://www.amazon.com/dp/B0CPDF72LX/ref=sr_1_4?th=1&psc=1
6a4984559a444130717a3d8e,407048766916,Dog Bed Large  Washable Removable Cover Non-Slip Bottom for Dogs Cats,69,False,False,False,Beds,0,53.97,29.99,15.53,28.8,1,0,2026-07-04,https://www.ebay.com/itm/Dog-Bed-Large-Crate-Mat-42-Non-Slip-Washable-Soft-Mattress-Kennel-Pads-/407048766916,https://www.amazon.com/dp/B08P1DSXXX/ref=sr_1_20?th=1&psc=1
6a49825c7d7628dc8834768d,407048761671,Area Rug Non-Slip Indoor Living Room Bedroom Modern Neutral,59,False,False,False,Area Rugs,0,124.97,70.63,35.24,28.2,1,0,2026-07-04,https://www.ebay.com/itm/Sky-Collection-Transitional-Abstract-Area-Rug-Non-Shedding-Carpet-Living-Ro-/407048761671,https://www.amazon.com/dp/B07Y8V5T3B/ref=sr_1_20?psc=1
6a4981f291b2265e97d18bcc,407048758888,Dog Leash 5ft Heavy Duty Padded Handle Reflective Safety Training,65,False,False,False,Leashes & Head Collars,0,36.97,17.99,13.08,35.4,1,0,2026-07-04,https://www.ebay.com/itm/Fida-5-FT-Heavy-Duty-Dog-Leash-2-Comfortable-Padded-Handles-Traf-/407048758888,https://www.amazon.com/dp/B08S3TY1HV/ref=sr_1_8?th=1&psc=1
6a49811a35f8d2b8daa96c8f,407048757260,"Twin XL Mattress Topper, 3 Inch Cooling Mattress Topper - Ge",60,False,False,True,Mattress Pads & Toppers,0,309.97,129.99,133.13,42.9,1,0,2026-07-04,https://www.ebay.com/itm/Twin-XL-Mattress-Topper-3-Inch-Cooling-Mattress-Topper-Gel-Memory-Foam-Pr-/407048757260,https://www.amazon.com/dp/B08LQB6WNV/ref=sr_1_14?psc=1
6a4980f691b2265e97d18bc2,407048755564,"Ausemku Shower Curtain Rod - 32-68 Inch Rustproof Tension Rod, Non-Sli",70,False,False,False,Shower Curtain Rods,0,34.97,16.99,12.38,35.4,1,0,2026-07-04,https://www.ebay.com/itm/Shower-Curtain-Rod-32-68-Inch-Rustproof-Tension-Rod-Non-Slip-Spring-Design-N-/407048755564,https://www.amazon.com/dp/B0F8NY28ZW/?th=1&psc=1
6a4980247ee40bbf377a4158,407048752842,"Heavy Weight Flannel Cotton Sheet Set,1 PIECE Queen, Snow Flakes/Tan",68,False,False,False,Sheets,0,78.97,44.0,22.77,28.8,1,0,2026-07-04,https://www.ebay.com/itm/Heavy-Weight-Flannel-Cotton-Sheet-Set-1-PIECE-Queen-Snow-Flakes-Tan-/407048752842,https://www.amazon.com/dp/B005G6O5XQ?_encoding=UTF8?th=1&psc=1
6a497fb491b2265e97d18bb9,407048747287,"Healing Blanket, Get Well Soon Gift, Soft Hug Compassion Sherp",62,False,False,False,Blankets & Throws,0,42.97,22.99,13.18,30.7,1,0,2026-07-04,https://www.ebay.com/itm/Healing-Blanket-Get-Well-Soon-Gift-Soft-Hug-Compassion-Sherpa-Throw-Blanket-fo-/407048747287,https://www.amazon.com/dp/B07VSKZVSJ/ref=sr_1_12?th=1&psc=1
6a497edb7d7628dc88347665,407048745229,"16 1/2 Inch Porcelain Heat Shield for Charbroil 463211511 463211512 463211513 463211514 463211516 463210311, Master Forge GGP-2501, G560-0006-W1, 4-Pack",152,True,False,False,Barbecue & Grill Replacement Parts,0,48.97,26.98,14.29,29.2,1,0,2026-07-04,https://www.ebay.com/itm/16-1-2-Inch-Porcelain-Heat-Shield-Charbroil-463211511-463211512-463211513-46-/407048745229,https://www.amazon.com/dp/B00JBVKMMK/ref=sr_1_15?psc=1
6a497eba7ee40bbf377a414a,407048744122,"Cast Iron Anniversary Sculpted Couple, 6’’ Tall | Anniversa",59,False,False,False,Sculptures & Figurines,0,40.97,19.99,14.48,35.3,1,0,2026-07-04,https://www.ebay.com/itm/DreamsEden-Cast-Iron-Anniversary-Sculpted-Couple-6-Tall-Anniversa-/407048744122,https://www.amazon.com/dp/B07L69LDYB/ref=sr_1_17?th=1&psc=1
6a497e0b36e53c566c4db7a3,407048741569,"Nordic Ware Halloween Bakeware, Haunted Skull Cakelet Pan, Bronze",65,False,False,False,Cake Pans,0,52.97,29.0,15.67,29.6,1,0,2026-07-04,https://www.ebay.com/itm/Nordic-Ware-Halloween-Bakeware-Haunted-Skull-Cakelet-Pan-Bronze-/407048741569,https://www.amazon.com/dp/B00Y6PRETK/ref=sr_1_14?th=1&psc=1
6a4975596eba6d52434db34e,407048710505,"Dusk to Dawn Outdoor Post Light Hardwired 120V, Waterproof Aluminum Pole Light Fixture with Pier Mount Base, Exterior Lamp Post Lantern Head with Clear Glass for Garden Yard Patio Pathway (6 Inch)",196,True,False,False,Landscape & Walkway Lights,0,71.97,39.99,20.83,28.9,1,0,2026-07-04,https://www.ebay.com/itm/Dusk-Dawn-Outdoor-Post-Light-Hardwired-120V-Waterproof-Aluminum-Pole-Light-F-/407048710505,https://www.amazon.com/dp/B08N3Y18YV/ref=sr_1_3?th=1&psc=1
6a4974ed7d7628dc88347603,407048708411,"Large Yoga Mat 6'X4'/6'X6'/7'X5'(7Mm/9Mm), Extra Thick Workout Mats for Home Gym Flooring,Ultra Comfortable Non-Slip Quick Resilient Barefoot Wide Exercise Mat for Pilates,Stretching,Meditation",193,True,False,False,Mats & Non-Slip Towels,0,196.97,109.95,57.12,29.0,1,0,2026-07-04,https://www.ebay.com/itm/Large-Yoga-Mat-6X4-6X6-7X5-7Mm-9Mm-Extra-Thick-Workout-Mats-Home-Gym-/407048708411,https://www.amazon.com/dp/B077MC2525?psc=1
6a4974397ee40bbf377a40e9,407048705274,Skateboard Helmet Impact Resistance Ventilation for Youth & Adults,66,False,False,False,Protective Gear,0,44.97,22.99,14.88,33.1,1,0,2026-07-04,https://www.ebay.com/itm/Skateboard-Helmet-Impact-Resistance-Ventilation-Youth-Adults-/407048705274,https://www.amazon.com/dp/B01N6OAOEE/ref=sr_1_7?th=1&psc=1
6a49731b7d7628dc883475de,407048697358,"Recessed Toilet Paper Holder, Stainless Steel Durable Tissue R",62,False,False,True,Toilet Paper Holders & Storage,0,52.97,26.99,17.68,33.4,1,0,2026-07-04,https://www.ebay.com/itm/Recessed-Toilet-Paper-Holder-Stainless-Steel-Durable-Tissue-Roll-Holder-Wall-Mo-/407048697358,https://www.amazon.com/dp/B08CSBQ9G2?th=1&psc=1
6a4972697ee40bbf377a40c9,407048692381,Toilet Paper Holder Stand Tissue Paper Roll Dispenser with She,62,False,False,False,Toilet Paper Holders & Storage,0,46.97,24.99,14.58,31.0,1,0,2026-07-04,https://www.ebay.com/itm/TreeLen-Toilet-Paper-Holder-Stand-Tissue-Paper-Roll-Dispenser-She-/407048692381,https://www.amazon.com/dp/B08XNVRT7P?_encoding=UTF8?th=1&psc=1
6a4971927d7628dc883475c4,407048687379,"Yoga Mat with Strap, 1/3 Inch Extra Thick Yoga Mat Double-si",60,False,False,False,Mats & Non-Slip Towels,0,71.97,39.99,20.83,28.9,1,0,2026-07-04,https://www.ebay.com/itm/Yoga-Mat-Strap-1-3-Inch-Extra-Thick-Yoga-Mat-Double-si-/407048687379,https://www.amazon.com/dp/B08CXGKZQP/?th=1&psc=1
6a49714a7d7628dc883475be,407048685025,Dog Leash 5ft Heavy Duty Padded Handle Reflective Safety Training,65,False,False,False,Leashes & Head Collars,0,38.97,18.56,14.21,36.5,1,0,2026-07-04,https://www.ebay.com/itm/Fida-5-FT-Heavy-Duty-Dog-Leash-2-Comfortable-Padded-Handles-Traf-/407048685025,https://www.amazon.com/dp/B08S3N328D/?psc=1
6a4971267ee40bbf377a40ba,407048680775,Head Speed Junior Tennis Racquet,32,False,False,False,Racquets,0,48.97,26.4,14.87,30.4,1,0,2026-07-04,https://www.ebay.com/itm/Head-Speed-Junior-Tennis-Racquet-/407048680775,https://www.amazon.com/dp/B095S1S2C7/ref=sr_1_4?psc=1
6a4970ba35f8d2b8daa96bd1,407048679289,"Healing Blanket, Get Well Soon Gift, Soft Hug Compassion Sherp",62,False,False,False,Blankets & Throws,0,42.97,22.99,13.18,30.7,1,0,2026-07-04,https://www.ebay.com/itm/Healing-Blanket-Get-Well-Soon-Gift-Soft-Hug-Compassion-Sherp-/407048679289,https://www.amazon.com/dp/B07VTK5MHP/ref=sr_1_19?th=1&psc=1
6a4970727ee40bbf377a40ad,407048677579,"Glass Shelves for Bathroom, 16-Inch Glass Floating Bathroom Shelf",65,False,False,False,Shelves,0,83.97,46.5,24.52,29.2,1,0,2026-07-04,https://www.ebay.com/itm/Glass-Shelves-Bathroom-16-Inch-Glass-Floating-Bathroom-Shelf-/407048677579,https://www.amazon.com/dp/B08NFTK6BH/ref=sr_1_5?psc=1
6a4970547d7628dc883475b5,407048673806,Fancy Paper Towel Holder Stand | Black Stylish Wrought Iron | Classic,69,False,False,False,Paper Towel Holders,0,70.97,39.48,20.49,28.9,1,0,2026-07-04,https://www.ebay.com/itm/Fancy-Paper-Towel-Holder-Stand-Black-Stylish-Wrought-Iron-Classic-/407048673806,https://www.amazon.com/dp/B0763MBYG1/ref=sr_1_4?psc=1
6a49702a36e53c566c4db6f3,407048668987,"iDesign Metal Toilet Tissue Holder Stand, The Twigz Collection – Holds",70,False,False,False,Toilet Paper Holders & Storage,0,67.97,37.99,19.43,28.6,1,0,2026-07-04,https://www.ebay.com/itm/iDesign-Metal-Toilet-Tissue-Holder-Stand-Twigz-Collection-Holds-/407048668987,https://www.amazon.com/dp/B002S0NP7U/ref=sr_1_10?th=1&psc=1
6a49700c6eba6d52434db333,407048665703,Weighted Vest Men or Women - 5/10/15/20/25/30lbs Weights wit,60,False,False,False,Weighted Vests,0,46.97,24.98,14.59,31.1,1,0,2026-07-04,https://www.ebay.com/itm/Weighted-Vest-Men-Women-5-10-15-20-25-30lbs-Weights-wit-/407048665703,https://www.amazon.com/dp/B0F83HCZQG/ref=sr_1_12?psc=1
6a496fe835f8d2b8daa96bc4,407048664015,Womens Slippers Memory Foam Fluffy Fur Soft Slippers Warm Hou,61,False,False,False,Slippers,0,34.97,16.79,12.58,36.0,1,0,2026-07-04,https://www.ebay.com/itm/Womens-Slippers-Memory-Foam-Fluffy-Fur-Soft-Slippers-Warm-Hou-/407048664015,https://www.amazon.com/dp/B07XSLKS11/ref=sr_1_19?psc=1
6a496f9b36e53c566c4db6e9,407048659390,Fiberglass Welding Blanket Fireproof 1 Pack - 6x8 ft High Temp Ins,66,False,False,False,Other Welding Protective Gear,0,52.97,28.99,15.68,29.6,0,1,2026-07-04,https://www.ebay.com/itm/Fiberglass-Welding-Blanket-Fireproof-1-Pack-6x8-ft-High-Temp-Ins-/407048659390,https://www.amazon.com/dp/B079P75WCC/ref=sr_1_17?th=1&psc=1
6a496f7d91b2265e97d18af7,407048657652,"Bedecor Set of 2 Zippered Queen Mattress Protector Cover for 7""-9"" Dep",70,False,False,False,Mattress Pads & Toppers,0,103.97,57.99,30.03,28.9,1,0,2026-07-04,https://www.ebay.com/itm/Bedecor-Set-2-Zippered-Queen-Mattress-Protector-Cover-7-9-Dep-/407048657652,https://www.amazon.com/dp/B07XQ7KKD8?th=1&psc=1
6a496f5d91b2265e97d18af5,407048656501,Extra Deep Pocket Fitted Sheet - Single Fitted Sheet Only - Extra Deep,70,False,False,False,Sheets,0,46.97,21.24,18.33,39.0,1,0,2026-07-04,https://www.ebay.com/itm/Extra-Deep-Pocket-Fitted-Sheet-Single-Fitted-Sheet-Only-Extra-Deep-/407048656501,https://www.amazon.com/dp/B07QBCRLQP/?th=1&psc=1
6a496e58f8d26d6504347208,407048653593,Stomach Sleeping Pillow - Thin Memory Foam Pillow for Stomac,60,False,False,False,Bed Pillows,0,74.97,41.99,21.38,28.5,0,0,2026-07-04,https://www.ebay.com/itm/Stomach-Sleeping-Pillow-Thin-Memory-Foam-Pillow-Stomac-/407048653593,https://www.amazon.com/dp/B07VP5HFTN/ref=sr_1_13?psc=1
6a496df835f8d2b8daa96bb3,407048651902,Extra Deep Pocket Sheets - 3 Piece Sheet Set - Deep Pocket Twin Sheets,70,False,False,False,Sheets,0,60.97,33.99,17.48,28.7,1,0,2026-07-04,https://www.ebay.com/itm/Extra-Deep-Pocket-Sheets-3-Piece-Sheet-Set-Deep-Pocket-Twin-Sheets-/407048651902,https://www.amazon.com/dp/B07VSL3WM6/ref=sr_1_3?psc=1
6a496d8235f8d2b8daa96bb1,407048650322,"Yellow Curtains for Kitchen Window,Cafe Curtains 45 Inch Lengt",62,False,False,False,Curtains & Drapes,0,35.97,17.99,12.23,34.0,1,0,2026-07-04,https://www.ebay.com/itm/Yellow-Curtains-Kitchen-Window-Cafe-Curtains-45-Inch-Lengt-/407048650322,https://www.amazon.com/dp/B098Q2GZ41/ref=sr_1_17?psc=1
6a496d5e36e53c566c4db6d1,407048649185,Throw Blanket for Adults Soft Comfortable Bed Couch,51,False,False,False,Blankets & Throws,0,33.97,15.99,12.53,36.9,1,0,2026-07-04,https://www.ebay.com/itm/Light-Grey-Fleece-Throw-Blanket-Couch-Silver-Super-Soft-F-/407048649185,https://www.amazon.com/dp/B084KJ228H/ref=sr_1_4?th=1&psc=1
6a496d3a35f8d2b8daa96bac,407048646826,Happy 25th Birthday Gold Rhinestone Cake Topper - Cheers to 2,61,False,False,False,Cake Toppers,0,33.97,15.99,12.53,36.9,1,0,2026-07-04,https://www.ebay.com/itm/Happy-25th-Birthday-Gold-Rhinestone-Cake-Topper-Cheers-2-/407048646826,https://www.amazon.com/dp/B097PQY79P?psc=1
6a496d1d91b2265e97d18add,407048644342,Throw Blanket for Adults Soft Comfortable Bed Couch,51,False,False,False,Blankets & Throws,0,71.97,39.99,20.83,28.9,1,0,2026-07-04,https://www.ebay.com/itm/Sherpa-Throw-Blanket-Super-Soft-Reversible-Ultra-Luxurious-Plush-Blank-/407048644342,https://www.amazon.com/dp/B07TJBCZ94/ref=sr_1_11?psc=1
6a496cab91b2265e97d18ad9,407048641102,Purple and Grey Curtain Panels 84 Inches Long for Bedroom Set,61,False,False,False,Curtains & Drapes,0,46.97,24.99,14.58,31.0,0,1,2026-07-04,https://www.ebay.com/itm/Purple-and-Grey-Curtain-Panels-84-Inches-Long-Bedroom-Set-/407048641102,https://www.amazon.com/dp/B092VJNY9Y/ref=sr_1_12?psc=1
6a496c6436e53c566c4db6c3,407048638993,Tension Curtain Rod Adjustable  No Drilling Rustproof Stainless Steel,69,False,False,False,Curtains & Drapes,0,44.97,23.88,13.99,31.1,0,0,2026-07-04,https://www.ebay.com/itm/Kids-Galaxy-Outer-Space-Nebula-Curtains-42W-x-63L-Inch-Rod-Pocket-Blue-/407048638993,https://www.amazon.com/dp/B0874PVXHW/ref=sr_1_6?th=1&psc=1
6a495f877d7628dc883474b4,407048581294,"Keyboard Mouse Pad Set, Extended Mouse Pad+Keyboard Wrist Rest Support",70,False,False,False,Mouse Pads & Wrist Rests,0,38.97,18.99,13.78,35.4,1,0,2026-07-04,https://www.ebay.com/itm/Keyboard-Mouse-Pad-Set-Extended-Mouse-Pad-Keyboard-Wrist-Rest-Support-/407048581294,https://www.amazon.com/dp/B0B5QGY8JF/ref=sr_1_15?psc=1
6a495d8f7ee40bbf377a3f9b,407048568819,"Fuzion Digital Gram Scale, TU-X 200g/0.01g Pocket Herb Scale with 6 Un",70,False,False,True,Jewelry Tools & Workbenches,0,38.97,19.98,12.79,32.8,1,0,2026-07-04,https://www.ebay.com/itm/Fuzion-Digital-Gram-Scale-TU-X-200g-0-01g-Pocket-Herb-Scale-6-Un-/407048568819,https://www.amazon.com/dp/B095C4SKFL/ref=sr_1_10?psc=1
6a495d23de83ffc75ca967ed,407048562480,"The Honest Company Mama Hydrating and Soothing Glow On Body Belly Oil,",70,False,False,True,Moisturizers,0,29.97,13.49,11.63,38.8,1,0,2026-07-04,https://www.ebay.com/itm/Honest-Company-Mama-Hydrating-and-Soothing-Glow-Body-Belly-Oil-/407048562480,https://www.amazon.com/dp/B08PY537DK/ref=sr_1_12?psc=1
6a495c937d7628dc8834746e,407048558474,"Cooks Innovations Non-Stick Oven Protector Mat, 2 Pack Heavy Duty Nons",70,False,False,False,Other Bakeware & Ovenware,0,54.97,28.99,17.38,31.6,1,0,2026-07-04,https://www.ebay.com/itm/Cooks-Innovations-Non-Stick-Oven-Protector-Mat-2-Pack-Heavy-Duty-Nons-/407048558474,https://www.amazon.com/dp/B08L4867WY/ref=sr_1_7?psc=1
6a495c757d7628dc88347469,407048555368,"Sweese 28 oz Large White Porcelain Bowls - Set of 6 Salad, Pasta, Soup",70,False,False,False,Bowls,0,89.97,44.99,31.13,34.6,1,0,2026-07-04,https://www.ebay.com/itm/Sweese-28-oz-Large-White-Porcelain-Bowls-Set-6-Salad-Pasta-Soup-/407048555368,https://www.amazon.com/dp/B082W1KS89/ref=sr_1_6?psc=1
6a495abf91b2265e97d189bd,407048546017,Metal Spatula Set Stainless Steel and Scraper - Professional Chef Grid,70,False,False,False,Cooking Utensils,0,44.97,23.99,13.88,30.9,0,1,2026-07-04,https://www.ebay.com/itm/Metal-Spatula-Set-Stainless-Steel-and-Scraper-Professional-Chef-Grid-/407048546017,https://www.amazon.com/dp/B083BXG8FY?psc=1&th=1
6a495a7d9a444130717a3cfa,407048543291,"Hourwof Metal Elephant Incense Holder,Vintage Cone Coil Incense Burner",70,False,False,False,Incense & Incense Holders,0,34.97,16.99,12.38,35.4,1,0,2026-07-04,https://www.ebay.com/itm/Hourwof-Metal-Elephant-Incense-Holder-Vintage-Cone-Coil-Incense-Burner-/407048543291,https://www.amazon.com/dp/B08XKBHFDZ/ref=sr_1_14?psc=1
6a4959c336e53c566c4db599,407048538849,"Acrylic Sign Holder 8.5x11 Inches 3 Pack Landscape, Slant Back",62,False,False,False,Sign Holders,0,38.97,18.99,13.78,35.4,1,0,2026-07-04,https://www.ebay.com/itm/Acrylic-Sign-Holder-8-5x11-Inches-3-Pack-Landscape-Slant-Back-/407048538849,https://www.amazon.com/dp/B08P4RCF8H/ref=sr_1_16?th=1&psc=1
6a4959397ee40bbf377a3f4d,407048534824,Preserve 6 X 1000 Jigsaw Puzzle Glue Sheets - 24 Peel and Stick Saver,69,False,False,False,"Storage, Mats & Glue",0,46.97,24.99,14.58,31.0,1,0,2026-07-04,https://www.ebay.com/itm/Preserve-6-X-1000-Jigsaw-Puzzle-Glue-Sheets-24-Peel-and-Stick-Saver-/407048534824,https://www.amazon.com/dp/B0BZKG8Y7D/ref=sr_1_12?psc=1
6a4958a3de83ffc75ca967d3,407048527718,Corner Shower Caddy Tension Pole: Rust Proof 4Tier Shampoo Storage Org,70,False,False,False,Bathtub Caddies & Trays,0,64.97,29.97,24.9,38.3,1,0,2026-07-04,https://www.ebay.com/itm/Corner-Shower-Caddy-Tension-Pole-Rust-Proof-4Tier-Shampoo-Storage-Org-/407048527718,https://www.amazon.com/dp/B09P54P158/ref=sr_1_7?th=1&psc=1
6a4958367ee40bbf377a3f40,407048523828,"Toilet Paper Holder Free Standing with Heavy Weighted Base, Toilet",66,False,False,False,Toilet Paper Holders & Storage,0,64.97,35.99,18.88,29.1,1,0,2026-07-04,https://www.ebay.com/itm/Toilet-Paper-Holder-Free-Standing-Heavy-Weighted-Base-Toilet-/407048523828,https://www.amazon.com/dp/B0CTGTHB65/ref=sr_1_3?th=1&psc=1
6a4957ed91b2265e97d18991,407048522012,"APLusee Black Gold Toilet Paper Holder with Phone Shelf, 304 Stainless",70,False,False,False,Toilet Paper Holders & Storage,0,44.97,23.3,14.57,32.4,1,0,2026-07-04,https://www.ebay.com/itm/APLusee-Black-Gold-Toilet-Paper-Holder-Phone-Shelf-304-Stainless-/407048522012,https://www.amazon.com/dp/B0FHH1H5BC/ref=sr_1_14?th=1&psc=1
6a4905a905ffd0be33b34774,407047990370,Kohler Genuine Part GP800820 Rite-Temp Pressure-Balancing Unit Cartrid,70,False,False,False,Other Home Plumbing & Fixtures,0,66.97,35.9,20.67,30.9,1,0,2026-07-04,https://www.ebay.com/itm/Kohler-Genuine-Part-GP800820-Rite-Temp-Pressure-Balancing-Unit-Cartrid-/407047990370,https://www.amazon.com/dp/B07JZ7YQRT/ref=sr_1_3?th=1&psc=1
6a490562f1b99cb1a3669807,407047987000,"Hontom Accordion File Organizer,5200℉ Fireproof Document Organizer wit",70,False,False,False,Files & Supplies,0,44.97,23.99,13.88,30.9,1,0,2026-07-04,https://www.ebay.com/itm/Hontom-Accordion-File-Organizer-5200-Fireproof-Document-Organizer-wit-/407047987000,https://www.amazon.com/dp/B0F4NLLZBM/ref=sr_1_16?th=1&psc=1
6a49051b581a35bf05568e3a,407047982580,Wudygirl Velvet Jewelry Organizer Clear Lid Earring Holder Organizer 3,70,False,False,False,"Jewelry Boxes, Organizers & Packaging",0,39.97,19.99,13.63,34.1,1,0,2026-07-04,https://www.ebay.com/itm/Wudygirl-Velvet-Jewelry-Organizer-Clear-Lid-Earring-Holder-Organizer-3-/407047982580,https://www.amazon.com/dp/B07D6N78CJ/ref=sr_1_6?psc=1
6a4904d3d436b4eb2cb34452,407047975874,"Stratalife 40 Grid Jewelry Organizer Tray, Stackable Drawer Earring Or",70,False,False,True,"Jewelry Boxes, Organizers & Packaging",0,32.97,14.99,12.68,38.5,1,0,2026-07-04,https://www.ebay.com/itm/Stratalife-40-Grid-Jewelry-Organizer-Tray-Stackable-Drawer-Earring-/407047975874,https://www.amazon.com/dp/B089NP8PDT?psc=1&th=1
6a49048dafe21dc7d7a6973d,407047972781,"Dish Drying Rack, Stainless Steel-Dish Rack, Dish Racks for Ki",62,False,False,True,Racks & Holders,0,55.97,29.99,17.23,30.8,1,0,2026-07-04,https://www.ebay.com/itm/Dish-Drying-Rack-Stainless-Steel-Dish-Rack-Dish-Racks-Ki-/407047972781,https://www.amazon.com/dp/B0D62R3393/ref=sr_1_4?th=1&psc=1
6a490469f1b99cb1a36697f5,407047971248,"Comic Bin, Black - Holds 150 Comics, Acid Free Storage and Organiz",66,False,False,False,Other Comic Book Supplies,0,72.97,39.99,21.68,29.7,1,0,2026-07-04,https://www.ebay.com/itm/Comic-Bin-Black-Holds-150-Comics-Acid-Free-Storage-and-Organiz-/407047971248,https://www.amazon.com/dp/B077PPFN35/?psc=1
6a490445f1b99cb1a36697f4,407047965851,Magneto 44 inch Kicktail Cruiser Longboard Skateboard | Bamboo and Har,70,False,False,False,Longboards-Complete,0,124.97,69.99,35.88,28.7,1,0,2026-07-04,https://www.ebay.com/itm/Magneto-44-inch-Kicktail-Cruiser-Longboard-Skateboard-Bamboo-and-Har-/407047965851,https://www.amazon.com/dp/B07T3BS4MX/ref=sr_1_10?psc=1
6a4903b7ae728cb530a6a981,407047961161,"Cat Litter Waste Poop Bags - XL, Cornstarch, Thick Pet/Dog Poo Bags wi",70,False,False,True,Pooper Scoopers & Bags,0,34.97,16.48,12.89,36.9,1,0,2026-07-04,https://www.ebay.com/itm/Cat-Litter-Waste-Poop-Bags-XL-Cornstarch-Thick-Pet-Dog-Poo-Bags-wi-/407047961161,https://www.amazon.com/dp/B07VBVX3DV/ref=sr_1_11?psc=1
6a4902bed436b4eb2cb34447,407047958611,"Sooyee Decorative Gold Mirror Tray with Handle for Bathroom Vanity, De",70,False,False,True,Trays,0,34.97,15.99,13.38,38.3,1,0,2026-07-04,https://www.ebay.com/itm/Sooyee-Decorative-Gold-Mirror-Tray-Handle-Bathroom-Vanity-/407047958611,https://www.amazon.com/dp/B08T5LM85D/ref=sr_1_15?psc=1
6a49029a581a35bf05568e0c,407047956871,"Satin Smooth Single Wax Warmer Machine for Hair Removal, Heater SSW12C",70,False,False,False,Waxing Supplies,0,107.97,59.99,31.43,29.1,1,0,2026-07-04,https://www.ebay.com/itm/Satin-Smooth-Single-Wax-Warmer-Machine-Hair-Removal-Heater-SSW12C-/407047956871,https://www.amazon.com/dp/B00PBP3IGW/ref=sr_1_20?psc=1
6a490277afe21dc7d7a6971d,407047955415,"Mythinglogic Golf Storage Garage Organizer, Golf Bag Storage Stand and",70,False,False,True,Golf Club Bags,0,246.97,115.99,93.58,37.9,1,0,2026-07-04,https://www.ebay.com/itm/Mythinglogic-Golf-Storage-Garage-Organizer-Golf-Bag-Storage-Stand-and-/407047955415,https://www.amazon.com/dp/B08XQKGDH3/ref=sr_1_9?th=1&psc=1
6a490253afe21dc7d7a6971a,407047953932,"Tebery 300 Counts 8 Gallon Clear Small Garbage Bags Trash Bags, Wasteb",70,False,False,False,Trash Cans & Wastebaskets,0,38.97,18.99,13.78,35.4,1,0,2026-07-04,https://www.ebay.com/itm/Tebery-300-Counts-8-Gallon-Clear-Small-Garbage-Bags-Trash-Bags-Wasteb-/407047953932,https://www.amazon.com/dp/B08217G1MP/?_encoding=UTF8?th=1&psc=1
6a4901e9f1b99cb1a36697c5,407047949532,Hot Pot with Divider for Induction Cooker Dual Sided Soup Cookware Two,70,False,False,False,Slow Cookers,0,74.97,41.99,21.38,28.5,1,0,2026-07-04,https://www.ebay.com/itm/Hot-Pot-Divider-Induction-Cooker-Dual-Sided-Soup-Cookware-Two-/407047949532,https://www.amazon.com/dp/B091T7ZKJW/ref=sr_1_10?psc=1
6a4901caae728cb530a6a978,407047945553,"Cutting Board Holder, 2PSC Cutting Board Organizer Rack, 304",60,False,False,False,Home & Garden -> Cutting Boards,0,48.97,26.99,14.28,29.2,1,0,2026-07-04,https://www.ebay.com/itm/Cutting-Board-Holder-2PSC-Cutting-Board-Organizer-Rack-304-/407047945553,https://www.amazon.com/dp/B0DKNX3S3D/ref=sr_1_13?th=1&psc=1
6a490138581a35bf05568deb,407047937918,"anngrowy 62"" Microfiber Car Wash Brush with Long Handle Car Washing Mo",70,False,False,True,Cleaning Products,0,38.97,17.99,14.78,37.9,1,0,2026-07-04,https://www.ebay.com/itm/anngrowy-62-Microfiber-Car-Wash-Brush-Long-Handle-Car-Washing-Mo-/407047937918,https://www.amazon.com/dp/B091PSCM5L/ref=sr_1_10?th=1&psc=1
6a490114581a35bf05568de8,407047934736,"Fishing Bucket,Foldable Fish Bucket, Multi-Functional EVA Fishing Bag",69,False,False,False,Tackle Boxes & Bags,0,53.97,29.8,15.72,29.1,1,0,2026-07-04,https://www.ebay.com/itm/Fishing-Bucket-Foldable-Fish-Bucket-Multi-Functional-EVA-Fishing-Bag-/407047934736,https://www.amazon.com/dp/B08CVSCY3F/ref=sr_1_19?psc=1
6a4900f7f1b99cb1a36697ab,407047933583,"Mint Green Trash Can with Lid, Turquoise Bathroom Bedroom Waste Basket",70,False,False,False,Trash Cans & Wastebaskets,0,88.97,48.99,26.28,29.5,0,0,2026-07-04,https://www.ebay.com/itm/Mint-Green-Trash-Can-Lid-Turquoise-Bathroom-Bedroom-Waste-Basket-/407047933583,https://www.amazon.com/dp/B07BMSVHK9/ref=sr_1_18?psc=1
6a4900cd6ecc4e3d22a6b3c3,407047930935,Dog Bed   Washable Removable Cover Non-Slip Bottom for Dogs Cats,64,False,False,False,Beds,0,53.97,29.99,15.53,28.8,1,0,2026-07-04,https://www.ebay.com/itm/Pet-Craft-Supply-Ultra-Plush-Calming-Anti-Anxiety-Pet-Bed-Includes-S-/407047930935,https://www.amazon.com/dp/B088W579KH/ref=sr_1_17?psc=1
6a4900aa6ecc4e3d22a6b3bf,407047926386,"Astarin Wind Chimes Outdoor Deep Tone, Memorial Wind Chimes Outdoor, G",70,False,False,True,Wind Chimes,0,53.97,29.99,15.53,28.8,1,0,2026-07-04,https://www.ebay.com/itm/Astarin-Wind-Chimes-Outdoor-Deep-Tone-Memorial-Wind-Chimes-Outdoor-G-/407047926386,https://www.amazon.com/dp/B085DCQT6C/ref=sr_1_15?th=1&psc=1
6a48ff94d710726fd9b3432b,407047922240,"Crystal Towel Bar, Adjustable Double Matte Black Towel Rack, B",62,False,False,True,Towel Racks,0,72.97,40.49,21.18,29.0,1,0,2026-07-04,https://www.ebay.com/itm/Crystal-Towel-Bar-Adjustable-Double-Matte-Black-Towel-Rack-B-/407047922240,https://www.amazon.com/dp/B09F3J426V/ref=sr_1_15?th=1&psc=1
6a48ff00f1b99cb1a3669779,407047916740,Nevlers Natural Boar Bristle Dry Brush for Body Massage 5-Piece Set |,69,False,False,True,Bath Brushes & Sponges,0,38.97,18.99,13.78,35.4,1,0,2026-07-04,https://www.ebay.com/itm/Nevlers-Natural-Boar-Bristle-Dry-Brush-Body-Massage-5-Piece-Set-/407047916740,https://www.amazon.com/dp/B08KFMDKTL/?_encoding=UTF8&psc=1
6a48feddf1b99cb1a3669775,407047906974,"Head Net Hat, Safari Hat Sun Hat Bucket Hat with Hidden Net Mes",63,False,False,False,Hats,0,42.97,22.99,13.18,30.7,1,0,2026-07-04,https://www.ebay.com/itm/Head-Net-Hat-Safari-Hat-Sun-Hat-Bucket-Hat-Hidden-Net-Mes-/407047906974,https://www.amazon.com/dp/B071PFDYMH/ref=sr_1_8?psc=1
6a48fe08772912941d669221,407047896999,Premium Bathtub Tray Caddy - Bath Tray Bamboo Expandable - Bath Tub Tr,70,False,False,True,Bathtub Caddies & Trays,0,45.97,24.89,13.83,30.1,1,0,2026-07-04,https://www.ebay.com/itm/Premium-Bathtub-Tray-Caddy-Bath-Tray-Bamboo-Expandable-Bath-Tub-Tr-/407047896999,https://www.amazon.com/dp/B0BQBWKLJH/ref=sr_1_5?psc=1
6a48fd7a581a35bf05568d98,407047887688,Bed Frame Full Metal Platform No Box Spring Needed Heavy Duty,61,False,False,False,Beds & Bed Frames,0,135.97,75.99,39.23,28.9,1,0,2026-07-04,https://www.ebay.com/itm/Full-Size-Bed-Frame-18-Tall-Heavy-Duty-Metal-Platform-Bed-Frame-Sturd-/407047887688,https://www.amazon.com/dp/B08P9FXF5D/ref=sr_1_3?psc=1
6a48fd5705ffd0be33b346b5,407047880276,8 Pieces Furniture Legs 6 Inches Round Solid Wood Furniture Fe,62,False,False,True,Furniture Parts,0,54.97,30.99,15.38,28.0,1,0,2026-07-04,https://www.ebay.com/itm/8-Pieces-Furniture-Legs-6-Inches-Round-Solid-Wood-Furniture-Fe-/407047880276,https://www.amazon.com/dp/B09J171WPG?_encoding=UTF8&psc=1
6a48fcedae728cb530a6a950,407047873539,"BurgeonNest Dog Car Seat for Small Dogs, Soft Pet Car Travel Home Bed",69,False,False,False,Car Seats & Barriers,0,53.97,29.99,15.53,28.8,1,0,2026-07-04,https://www.ebay.com/itm/BurgeonNest-Dog-Car-Seat-Small-Dogs-Soft-Pet-Car-Travel-Home-Bed-/407047873539,https://www.amazon.com/dp/B08LG9NJN7/ref=sr_1_13?th=1&psc=1
6a48ecd6afe21dc7d7a69575,407047787435,"Bamboo Placemats Set of 4, Heat Resistant Place Mats for Dining Table,",70,False,False,True,Placemats,0,34.97,16.99,12.38,35.4,0,0,2026-07-04,https://www.ebay.com/itm/Bamboo-Placemats-Set-4-Heat-Resistant-Place-Mats-Dining-Table-/407047787435,https://www.amazon.com/dp/B078MPLX2Q/ref=sr_1_9?th=1&psc=1
6a48ec6df1b99cb1a366963b,407047780250,"Simtive 14-Inch Shower Squeegee Set, Includes Shower Door Hook and Adh",70,False,False,False,Cleaning Products,0,44.97,23.99,13.88,30.9,0,0,2026-07-04,https://www.ebay.com/itm/Simtive-14-Inch-Shower-Squeegee-Set-Includes-Shower-Door-Hook-and-Adh-/407047780250,https://www.amazon.com/dp/B08PV26T3K/ref=sr_1_17?th=1&psc=1
6a48ec4a6ecc4e3d22a6b268,407047777227,Absolutely Clean Amazing Bird Cage Cleaner and Deodorizer - Just Spray,70,False,False,False,Cleaning Products,0,44.97,23.99,13.88,30.9,1,0,2026-07-04,https://www.ebay.com/itm/Absolutely-Clean-Amazing-Bird-Cage-Cleaner-and-Deodorizer-Just-Spray-/407047777227,https://www.amazon.com/dp/B07HVZ3PTW/ref=sr_1_16?th=1&psc=1
6a48ec2b581a35bf05568c7e,407047774650,"Wilton Case Color Organizer, White/Purple",41,False,False,False,Storage Boxes,0,40.97,20.76,13.71,33.5,1,0,2026-07-04,https://www.ebay.com/itm/Wilton-Case-Color-Organizer-White-Purple-/407047774650,https://www.amazon.com/dp/B007E8KDEO/ref=sr_1_8?psc=1
6a48ebdef1b99cb1a3669634,407047771997,"Butterfly Decorative Mobiles Gifts, Solar Butterfly Wind Chimes, Gifts",70,False,False,False,Wind Chimes,0,44.97,22.99,14.88,33.1,0,0,2026-07-04,https://www.ebay.com/itm/Butterfly-Decorative-Mobiles-Gifts-Solar-Butterfly-Wind-Chimes-Gifts-/407047771997,https://www.amazon.com/dp/B0FDPZRHF7/ref=sr_1_12?th=1&psc=1
6a48eb7a05ffd0be33b3457c,407047769319,"Metal Waste Basket for Home, Office, Bathroom, Dorm, Kitchen and",64,False,False,True,Trash Cans & Wastebaskets,0,57.97,27.99,20.93,36.1,1,0,2026-07-04,https://www.ebay.com/itm/Metal-Waste-Basket-Home-Office-Bathroom-Dorm-Kitchen-and-/407047769319,https://www.amazon.com/dp/B081QR4MXD/ref=sr_1_10?th=1&psc=1
6a48eaeb772912941d6691c4,407047766343,Small Clear Travel Packing Cube / See Through PVC Plastic Pouch for Ca,70,False,False,True,Makeup Bags & Cases,0,33.97,15.99,12.53,36.9,1,0,2026-07-04,https://www.ebay.com/itm/Small-Clear-Travel-Packing-Cube-See-Through-PVC-Plastic-Pouch-Ca-/407047766343,https://www.amazon.com/dp/B01D3R6DCU/ref=sr_1_6?psc=1
6a48e9ed6ecc4e3d22a6b250,407047762566,"Mind Reader Single Serve Coffee Pod Drawer, 30 Pod Capacity, Counterto",70,False,False,False,Racks & Holders,0,34.97,15.99,13.38,38.3,1,0,2026-07-04,https://www.ebay.com/itm/Mind-Reader-Single-Serve-Coffee-Pod-Drawer-30-Pod-Capacity-Counterto-/407047762566,https://www.amazon.com/dp/B00XBLGRES/ref=sr_1_19?psc=1
6a48e9ca05ffd0be33b34568,407047759166,"LIFESTYLE Kitchen Towels 20"" x 28"" Set of 12 - Kitchen Dish Towe",64,False,False,False,Towels & Dishcloths,0,47.97,24.99,15.43,32.2,1,0,2026-07-04,https://www.ebay.com/itm/LIFESTYLE-Kitchen-Towels-20-x-28-Set-12-Kitchen-Dish-Towe-/407047759166,https://www.amazon.com/dp/B08GYBK3VS/ref=sr_1_14?psc=1
6a48e95f581a35bf05568c60,407047755256,Pour Over Caddy with Lid for Chemex Bodum Cosori Coffee Makers,62,False,False,False,"Coffee, Cocoa & Tea Supplies",0,59.97,33.24,17.38,29.0,1,0,2026-07-04,https://www.ebay.com/itm/Pour-Over-Caddy-Lid-Chemex-Bodum-Cosori-Coffee-Makers-/407047755256,https://www.amazon.com/dp/B08KYLD46P/ref=sr_1_16?th=1&psc=1
6a48e93cf1b99cb1a3669619,407047749920,"Luxspire Electric Toothbrush Holder, 3 Slots Large Marble Toothbrush T",70,False,False,True,Tumblers & Toothbrush Holders,0,34.97,16.99,12.38,35.4,1,0,2026-07-04,https://www.ebay.com/itm/Luxspire-Electric-Toothbrush-Holder-3-Slots-Large-Marble-Toothbrush-T-/407047749920,https://www.amazon.com/dp/B07S6LDVR4/ref=sr_1_14?psc=1
6a48e91aafe21dc7d7a6953e,407047746949,"10 Pocket Mesh Hanging Wall File Organizer, Wall Mounted Mail",61,False,False,False,Files & Supplies,0,89.97,49.98,26.14,29.1,1,0,2026-07-04,https://www.ebay.com/itm/10-Pocket-Mesh-Hanging-Wall-File-Organizer-Wall-Mounted-Mail-/407047746949,https://www.amazon.com/dp/B098PZ9Q2J/ref=sr_1_7?th=1&psc=1
6a48e8d205ffd0be33b3455e,407047735625,"5 Pack Matte Black Door Handles Privacy Door Levers, Heavy Duty Bed an",70,False,False,True,Door Knobs & Levers,0,95.97,52.99,28.23,29.4,1,0,2026-07-04,https://www.ebay.com/itm/5-Pack-Matte-Black-Door-Handles-Privacy-Door-Levers-Heavy-Duty-Bed-/407047735625,https://www.amazon.com/dp/B0D9NRBVWR/ref=sr_1_14?psc=1
6a48e88b772912941d6691bd,407047729284,Black Solid Color Quilted Blender Appliance Cover,49,False,False,False,Appliance Covers,0,32.97,14.99,12.68,38.5,1,0,2026-07-04,https://www.ebay.com/itm/Black-Solid-Color-Quilted-Blender-Appliance-Cover-/407047729284,https://www.amazon.com/dp/B000QHG4L6/?_encoding=UTF8&psc=1
6a48e8682959da574c5682f5,407047721812,"Hi-Capacity Fragrance Free Absorber Bucket, 2 lb. 15.5 oz. wit",62,False,False,False,Desiccant & Moisture Absorbers,0,52.97,28.76,15.91,30.0,1,0,2026-07-04,https://www.ebay.com/itm/DampRid-Hi-Capacity-Fragrance-Free-Absorber-Bucket-2-lb-15-5-oz-wit-/407047721812,https://www.amazon.com/dp/B0CY3N86H8/ref=sr_1_6?psc=1
6a48e7daf1b99cb1a3669600,407047715437,Vice Pro Golf Balls,19,False,False,False,Golf Balls,0,71.97,39.97,20.85,29.0,1,0,2026-07-04,https://www.ebay.com/itm/Vice-Pro-Golf-Balls-/407047715437,https://www.amazon.com/dp/B08SRCBRHQ/ref=sr_1_20?psc=1
6a48e7b6afe21dc7d7a6951e,407047708093,"Makeup Brush Cleansing Pad + Deep Clean Shampoo Bundle, Brush",61,False,False,False,Brush Cleaners,0,34.97,16.0,13.37,38.2,1,0,2026-07-04,https://www.ebay.com/itm/EcoTools-Makeup-Brush-Cleansing-Pad-Deep-Clean-Shampoo-Bundle-Brush-/407047708093,https://www.amazon.com/dp/B08P22K36P/ref=sr_1_12?th=1&psc=1
6a48e70b6ecc4e3d22a6b223,407047699707,The Man Scrub Box - Complete Shower Scrubber Set for Men | Complete fa,70,False,False,True,Bath Brushes & Sponges,0,91.97,50.99,26.83,29.2,1,0,2026-07-04,https://www.ebay.com/itm/Man-Scrub-Box-Complete-Shower-Scrubber-Set-Men-Complete-fa-/407047699707,https://www.amazon.com/dp/B0DG9ZPFRK/ref=sr_1_5?th=1&psc=1
6a48e6e205ffd0be33b34543,407047695858,Hemway Silver Glitter Grout Additive 100g Metallic Flakes for Adding S,70,False,False,True,Tiling Accessories,0,34.97,16.99,12.38,35.4,1,0,2026-07-04,https://www.ebay.com/itm/Hemway-Silver-Glitter-Grout-Additive-100g-Metallic-Flakes-Adding-S-/407047695858,https://www.amazon.com/dp/B071CQ4YGQ/ref=sr_1_8?th=1&psc=1
6a48e6c505ffd0be33b34541,407047693659,Linen and Towel Flour Sack Dish Towels 130 Thread Count Ring Spun Cott,70,False,False,False,Towels & Dishcloths,0,48.97,26.63,14.64,29.9,1,0,2026-07-04,https://www.ebay.com/itm/Linen-and-Towel-Flour-Sack-Dish-Towels-130-Thread-Count-Ring-Spun-Cott-/407047693659,https://www.amazon.com/dp/B01MU98MG8?th=1&psc=1
6a48e60c6ecc4e3d22a6b21c,407047691390,"Toilet Plunger and Brush,2 Pack Bowl Brush and Heavy Duty Toilet Plung",70,False,False,False,Toilet Brushes & Holders,0,64.97,35.99,18.88,29.1,1,0,2026-07-04,https://www.ebay.com/itm/Toilet-Plunger-and-Brush-2-Pack-Bowl-Brush-and-Heavy-Duty-Toilet-Plung-/407047691390,https://www.amazon.com/dp/B08DKRVL46/?psc=1&th=1
6a48e57fafe21dc7d7a69505,407047689422,Kinmac New Bohemian Laptop Backpack with Massage Cushioned Straps Trav,70,False,False,False,Laptop Cases & Bags,0,60.97,34.19,17.28,28.3,1,0,2026-07-04,https://www.ebay.com/itm/Kinmac-New-Bohemian-Laptop-Backpack-Massage-Cushioned-Straps-Trav-/407047689422,https://www.amazon.com/dp/B011HSU95E/ref=sr_1_8?psc=1
6a48e5156ecc4e3d22a6b20c,407047687644,"Rejuvenate Luxury Vinyl Floor Cleaner Refill, 1 Gallon, Gently Cleans",69,False,False,False,Cleaning Products,0,34.97,16.81,12.56,35.9,1,0,2026-07-04,https://www.ebay.com/itm/Rejuvenate-Luxury-Vinyl-Floor-Cleaner-Refill-1-Gallon-Gently-Cleans-/407047687644,https://www.amazon.com/dp/B079Q77KJR?_encoding=UTF8?th=1&psc=1
6a48e4f1afe21dc7d7a694fb,407047685218,Absolutely Clean Amazing Bird Cage Cleaner and Deodorizer - Just Spray,70,False,False,False,Cleaning Products,0,46.97,24.99,14.58,31.0,1,0,2026-07-04,https://www.ebay.com/itm/Absolutely-Clean-Amazing-Bird-Cage-Cleaner-and-Deodorizer-Just-Spray-/407047685218,https://www.amazon.com/dp/B07KGLDSC5/ref=sr_1_20?th=1&psc=1
6a48e486afe21dc7d7a694f2,407047678373,Mile High Life Microfiber Waffle Pattern Golf Towel | Club Groove Clea,70,False,False,False,Golf Towels,0,30.97,13.99,11.98,38.7,1,0,2026-07-04,https://www.ebay.com/itm/Mile-High-Life-Microfiber-Waffle-Pattern-Golf-Towel-Club-Groove-Clea-/407047678373,https://www.amazon.com/dp/B07PRWVMYF/ref=sr_1_5?psc=1
6a48e464afe21dc7d7a694f0,407047662025,"Fenestrelle Expandable Window Screen – 15″ H × 21″–40″ W Horizontal, 2",70,False,False,False,Other Window Accessories,0,73.97,41.49,21.03,28.4,1,0,2026-07-04,https://www.ebay.com/itm/Fenestrelle-Expandable-Window-Screen-15-H-21-40-W-Horizontal-2-/407047662025,https://www.amazon.com/dp/B0776ZP83Q/?psc=1&th=1
6a48e41df1b99cb1a36695ce,407047660190,"Sunyear Camping Hammock, Portable Single & Double Hammock with Net, 2",69,False,False,False,Hammocks,0,124.97,69.99,35.88,28.7,1,0,2026-07-04,https://www.ebay.com/itm/Sunyear-Camping-Hammock-Portable-Single-Double-Hammock-Net-2-/407047660190,https://www.amazon.com/dp/B09PL34LYF?psc=1&th=1
6a48e3f8f1b99cb1a36695cb,407047658888,Table Massage Bed Spa Bed 73 Inch Heigh Adjustable 2 Foldi,58,False,False,False,Massage Tables & Chairs,0,193.97,108.99,55.53,28.6,1,0,2026-07-04,https://www.ebay.com/itm/BestMassage-Table-Massage-Bed-Spa-Bed-73-Inch-Heigh-Adjustable-2-Foldi-/407047658888,https://www.amazon.com/dp/B0784WK5DL?psc=1&th=1
6a48e36b772912941d6691a7,407047657102,Amazon Basics Height Adjustable Monitor Stand Riser with Storage Organ,70,False,False,False,Monitor Mounts & Stands,0,33.97,16.19,12.33,36.3,1,0,2026-07-04,https://www.ebay.com/itm/Amazon-Basics-Height-Adjustable-Monitor-Stand-Riser-Storage-Organ-/407047657102,https://www.amazon.com/dp/B00X4SCCFG/ref=sr_1_11?th=1&psc=1
6a48bf4ebf298b6a60a689f0,407047445962,"2 PCS 45 Inch Zipper Duffel Travel Sports Equipment Bag, Wate",61,False,False,False,Bags,0,54.97,30.99,15.38,28.0,1,0,2026-07-04,https://www.ebay.com/itm/2-PCS-45-Inch-Zipper-Duffel-Travel-Sports-Equipment-Bag-Wate-/407047445962,https://www.amazon.com/dp/B095XS9T1Q/?_encoding=UTF8?th=1&psc=1
6a48beba6ecc4e3d22a6afd6,407047444239,"Lumesner Carry on Travel Backpacks, Extra Large 40L Flight Approved Ba",70,False,False,True,Luggage,0,76.97,41.99,23.08,30.0,1,0,2026-07-04,https://www.ebay.com/itm/Carry-Travel-Backpacks-Extra-Large-40L-Flight-Approved-Bag-Men-Women-E-/407047444239,https://www.amazon.com/dp/B0BVYGM844/ref=sr_1_3?psc=1
6a48b2c12959da574c5681e7,407047367826,"Neewa Sled Pro Harness, Dog Pulling Harness, Husky Harness, Mushing Ha",70,False,False,True,Harnesses,0,116.97,65.15,33.92,29.0,1,0,2026-07-04,https://www.ebay.com/itm/Neewa-Sled-Pro-Harness-Dog-Pulling-Harness-Husky-Harness-Mushing-Ha-/407047367826,https://www.amazon.com/dp/B07SX61T6Q/ref=sr_1_3?th=1&psc=1
6a48b274afe21dc7d7a691f3,407047365155,Pro Carbon + Raptor Performance-Level Table Tennis Rackets with,63,False,False,True,Paddles,0,170.97,95.79,49.18,28.8,1,0,2026-07-04,https://www.ebay.com/itm/Pro-Carbon-Raptor-Performance-Level-Table-Tennis-Rackets-/407047365155,https://www.amazon.com/dp/B00EFY9F9E/ref=sr_1_19?psc=1
6a48b2092959da574c5681e4,407047360955,"Ufree Hair Clippers for Men, Clippers and Trimmers Set, Cordless Barbe",70,False,False,False,Clippers & Trimmers,0,53.97,29.99,15.53,28.8,1,0,2026-07-04,https://www.ebay.com/itm/Ufree-Hair-Clippers-Men-Clippers-and-Trimmers-Set-Cordless-Barbe-/407047360955,https://www.amazon.com/dp/B0CRSZ9F1Y/ref=sr_1_5?th=1&psc=1
6a48afb4007c211a260a2d1d,407047350459,"Cat Cave – Premium Felt Cat Bed Enclosure for Indoor Cats, Han",62,False,False,False,Beds,0,79.97,44.99,22.63,28.3,1,0,2026-07-04,https://www.ebay.com/itm/Cat-Cave-Premium-Felt-Cat-Bed-Enclosure-Indoor-Cats-Han-/407047350459,https://www.amazon.com/dp/B084L5JYFG/ref=sr_1_4?psc=1
6a48ae8e772912941d66908b,407047344355,"Pillow Perfect Outdoor/Indoor Gregoire Prima Lumbar Pillows, 11.5"" x 1",70,False,False,False,Pillows,0,89.97,49.99,26.13,29.0,1,0,2026-07-04,https://www.ebay.com/itm/Pillow-Perfect-Outdoor-Indoor-Gregoire-Prima-Lumbar-Pillows-11-5-x-1-/407047344355,https://www.amazon.com/dp/B07BG59QT6?th=1&psc=1
6a48ad426ecc4e3d22a6aef8,407047340249,"Aspects HummZinger HighView 12 Oz Hanging Hummingbird Feeder - 429, Re",70,False,False,True,Bird Feeders,0,62.97,35.72,17.45,27.7,0,0,2026-07-04,https://www.ebay.com/itm/Aspects-HummZinger-HighView-12-Oz-Hanging-Hummingbird-Feeder-429-Re-/407047340249,https://www.amazon.com/dp/B003XL7WZO/ref=sr_1_5?th=1&psc=1
6a48acd6bf298b6a60a6897d,407047337048,"5 Pack Glass Meal Prep Containers 3 Compartment Set, 36OZ Airt",62,False,False,False,Food Storage Containers,0,53.97,29.99,15.53,28.8,1,0,2026-07-04,https://www.ebay.com/itm/5-Pack-Glass-Meal-Prep-Containers-3-Compartment-Set-36OZ-Airt-/407047337048,https://www.amazon.com/dp/B0CKVRKN4B/ref=sr_1_4?psc=1
6a48ac22acc6e3c2df0a2224,407047332619,"Acrylic Pen Holder 3 Compartments, Clear Pencil Organizer Cup f",63,False,False,True,Desk & Drawer Organizers,0,32.97,14.99,12.68,38.5,1,0,2026-07-04,https://www.ebay.com/itm/Acrylic-Pen-Holder-3-Compartments-Clear-Pencil-Organizer-Cup-f-/407047332619,https://www.amazon.com/dp/B08H8CXN9Y?psc=1
6a48ab0aacc6e3c2df0a221e,407047329249,"Corn Starch Natural Dental Floss Picks - 200 Count - Mint | Mint Flavored Vegan Flossers. BPA Free, PETA Approved. Plant-Based 3-Inch Picks for Interdental Cleaning and Fresh Breath.",182,True,False,False,Dental Floss & Flossers,0,32.97,14.99,12.68,38.5,1,0,2026-07-04,https://www.ebay.com/itm/Corn-Starch-Natural-Dental-Floss-Picks-200-Count-Mint-Mint-Flavored-Vegan-/407047329249,https://www.amazon.com/dp/B081S4LKCZ/ref=sr_1_5?th=1&psc=1
6a48aae16ecc4e3d22a6aecc,407047326565,Bucket Washing Tool Organizer for a 5 Gallon Bucket Tool Org,60,False,False,False,"Tool Bags, Belts & Pouches",0,39.97,19.99,13.63,34.1,1,0,2026-07-04,https://www.ebay.com/itm/Bucket-Washing-Tool-Organizer-5-Gallon-Bucket-Tool-Org-/407047326565,https://www.amazon.com/dp/B08Q7MXLGN/ref=sr_1_7?psc=1
6a48aa99772912941d669050,407047324012,"6 Pack Dresser Organizers - Drawer Organizers for Clothing & Baby, Wov",70,False,False,False,Storage Boxes,0,38.97,18.99,13.78,35.4,1,0,2026-07-04,https://www.ebay.com/itm/6-Pack-Dresser-Organizers-Drawer-Organizers-Clothing-Baby-Wov-/407047324012,https://www.amazon.com/dp/B09TVQ2TVP/?_encoding=UTF8&psc=1
6a48aa2e007c211a260a2caf,407047322063,My Space Organizers Marble Desk Organizer For Office Supplies And Acce,70,False,False,False,Desk & Drawer Organizers,0,53.97,29.95,15.57,28.8,1,0,2026-07-04,https://www.ebay.com/itm/Marble-Desk-Organizer-Office-Supplies-and-Accessories-9-Sections-Pencil-/407047322063,https://www.amazon.com/dp/B07ZHNDZBZ/?psc=1&th=1
6a48a9c2afe21dc7d7a6916c,407047318608,"Storage Bags G01B, Dark Black, 3 Count",38,False,False,False,Food Storage Bags,0,42.97,19.29,16.88,39.3,1,0,2026-07-04,https://www.ebay.com/itm/Storage-Bags-G01B-Dark-Black-3-Count-/407047318608,https://www.amazon.com/dp/B08L56RWQW/?psc=1
6a48a957772912941d669040,407047316122,"TidyCorner 2-Pack Under Bed Storage Containers, 4.5 Inches Tall Low Pr",70,False,False,True,Storage Bags,0,58.97,32.99,16.78,28.5,0,1,2026-07-04,https://www.ebay.com/itm/2-Pack-under-Bed-Storage-Containers-4-5-Inches-Tall-Low-Profile-Underbed-Clothe-/407047316122,https://www.amazon.com/dp/B09B2FCBNT/ref=sr_1_17?th=1&psc=1
6a48a10aafe21dc7d7a69102,407047251863,30-P-3232GV Galvanized Steel Pegboard Pack,42,False,False,False,Pegboards & Gridwalls,0,76.97,42.28,22.79,29.6,0,0,2026-07-04,https://www.ebay.com/itm/30-P-3232GV-Galvanized-Steel-Pegboard-Pack-/407047251863,https://www.amazon.com/dp/B001J6FSDS/ref=sr_1_10?th=1&psc=1
6a48a07ae119693e2e0a24e7,407047250722,Kayak Storage Hooks - Set of 2 Wall Mount Garage Hangers - 125lbs Capa,70,False,False,False,Hooks & Hangers,0,92.97,51.99,26.68,28.7,1,0,2026-07-04,https://www.ebay.com/itm/Kayak-Storage-Hooks-Set-2-Wall-Mount-Garage-Hangers-125lbs-Capa-/407047250722,https://www.amazon.com/dp/B076BVSYC5/ref=sr_1_17?psc=1
6a48a032afe21dc7d7a690f7,407047249205,Homde Synthetic Leather Huge Jewelry Box Mirrored Watch Organizer Neck,70,False,False,False,"Jewelry Boxes, Organizers & Packaging",0,71.97,39.99,20.83,28.9,1,0,2026-07-04,https://www.ebay.com/itm/Homde-Synthetic-Leather-Huge-Jewelry-Box-Mirrored-Watch-Organizer-Neck-/407047249205,https://www.amazon.com/dp/B0CLCH13T7?psc=1&th=1
6a489e82afe21dc7d7a690e3,407047242954,"Schneider Medical Nitrile Exam Gloves, 4 mil, Powder-Free, Latex-Free,",70,False,False,True,Disposable Gloves,0,27.97,9.99,13.43,48.0,1,0,2026-07-04,https://www.ebay.com/itm/Schneider-Medical-Nitrile-Exam-Gloves-4-mil-Powder-Free-Latex-Free-/407047242954,https://www.amazon.com/dp/B095BWTNW3/ref=sr_1_20?th=1&psc=1
6a489e3bafe21dc7d7a690de,407047238797,"Small Moon Jewelry Dish Tray, Decorative Ceramic Trinket Dish, Modern",69,False,False,False,"Jewelry Boxes, Organizers & Packaging",0,24.97,9.99,10.88,43.6,1,0,2026-07-04,https://www.ebay.com/itm/Small-Moon-Jewelry-Dish-Tray-Decorative-Ceramic-Trinket-Dish-Modern-/407047238797,https://www.amazon.com/dp/B08Y71T872/ref=sr_1_14?th=1&psc=1
6a489bb1007c211a260a2bf2,407047234995,"Desk Organizer - Multifunctional Leather Desktop Pen Holder Storage Box - Business Card/Pen/Pencil/Mobile Phone/Stationery Holder, White",136,True,False,False,Desk & Drawer Organizers,0,41.97,21.99,13.33,31.8,1,0,2026-07-04,https://www.ebay.com/itm/Desk-Organizer-Multifunctional-Leather-Desktop-Pen-Holder-Storage-Box-Busine-/407047234995,https://www.amazon.com/dp/B07CVD9LT7/ref=sr_1_17?psc=1
6a489ada581a35bf055687bc,407047229314,Orimade Shower Caddy Basket Soap Dish Holder Shelf with 5 Hooks Bathro,70,False,False,False,Bathtub Caddies & Trays,0,54.97,30.99,15.38,28.0,0,0,2026-07-04,https://www.ebay.com/itm/Orimade-Shower-Caddy-Basket-Soap-Dish-Holder-Shelf-5-Hooks-Bathro-/407047229314,https://www.amazon.com/dp/B07VDHK78P?th=1&psc=1
6a4898be581a35bf055687a7,407047218998,Humble Crew Toy Storage Organizer with 16 Removable Storage Bins for K,70,False,False,True,Toy Boxes,0,179.97,58.99,93.63,52.0,1,0,2026-07-04,https://www.ebay.com/itm/Toy-Storage-Organizer-16-Removable-Storage-Bins-Kids-Playroom-4-Tier-T-/407047218998,https://www.amazon.com/dp/B01NAI6YC5?_encoding=UTF8&psc=1
6a488ae06ecc4e3d22a6ad32,407047164751,"iDesign Clear Plastic Egg Holder for Fridge with Lid, 21 Egg | Storage",70,False,False,False,Food Storage Containers,0,32.97,14.29,13.38,40.6,1,0,2026-07-04,https://www.ebay.com/itm/iDesign-Clear-Plastic-Egg-Holder-Fridge-Lid-21-Egg-Storage-/407047164751,https://www.amazon.com/dp/B00AYUMB4O/ref=sr_1_13?th=1&psc=1
6a488a75772912941d668fbf,407047163632,"Air Fryer Accessories 11PCS, Fit all 3.7QT-4.0-5.8QT Power Deep Hot Ai",70,False,False,True,Fryers,0,57.97,31.99,16.93,29.2,1,0,2026-07-04,https://www.ebay.com/itm/Air-Fryer-Accessories-11PCS-Fit-all-3-7QT-4-0-5-8QT-Power-Deep-Hot-Ai-/407047163632,https://www.amazon.com/dp/B07SPD1PPC/ref=sr_1_18?psc=1
6a488a2da3eacd6b2f0a214c,407047161617,"Kids Apron and Chef Hat Set, Adjustable Cotton Child Aprons with Large",70,False,False,False,Aprons,0,24.97,9.99,10.88,43.6,1,0,2026-07-04,https://www.ebay.com/itm/Kids-Apron-and-Chef-Hat-Set-Adjustable-Cotton-Child-Aprons-Large-/407047161617,https://www.amazon.com/dp/B098QZ44ND/ref=sr_1_8?psc=1
6a488a096ecc4e3d22a6ad2a,407047159978,"ByKen 2PcS Acrylic Scrunchie Holder Organizer,Hair Ties Holder for Bat",70,False,False,False,Hair Accessories,0,24.97,9.99,10.88,43.6,1,0,2026-07-04,https://www.ebay.com/itm/ByKen-2PcS-Acrylic-Scrunchie-Holder-Organizer-Hair-Ties-Holder-Bat-/407047159978,https://www.amazon.com/dp/B0915131R4/ref=sr_1_19?psc=1
6a4889e5007c211a260a2b29,407047158386,"Sharpty Kids Plastic Hangers, Children's Hangers for Baby, Toddler, an",70,False,False,True,Clothes Hangers,0,32.97,12.99,14.68,44.5,1,0,2026-07-04,https://www.ebay.com/itm/Sharpty-Kids-Plastic-Hangers-Childrens-Hangers-Baby-Toddler-/407047158386,https://www.amazon.com/dp/B088JGKW83/ref=sr_1_20?psc=1
6a4889c2ae728cb530a6a742,407047155335,WITH COLOR Prep Bowls with Lids- Wide and Deep Nesting Plastic Sm,65,False,False,True,Mixing Bowls,0,51.97,26.99,16.83,32.4,0,0,2026-07-04,https://www.ebay.com/itm/COLOR-Prep-Bowls-Lids-Wide-and-Deep-Nesting-Plastic-Sm-/407047155335,https://www.amazon.com/dp/B08L6ZR5SL/?th=1&psc=1
6a48897b581a35bf055686e8,407047153180,WITH COLOR Prep Bowls with Lids- Wide and Deep Nesting Plastic Sm,65,False,False,True,Mixing Bowls,0,52.97,28.99,15.68,29.6,1,0,2026-07-04,https://www.ebay.com/itm/COLOR-Prep-Bowls-Lids-Wide-and-Deep-Nesting-Plastic-Sm-/407047153180,https://www.amazon.com/dp/B08L6XJ3TX?psc=1&th=1
6a488932007c211a260a2b20,407047150570,"Pro Zester Grater, Lemon Parmesan Zester, Chocolate, With Razor-Sharp",69,False,False,False,Graters & Zesters,0,23.97,8.98,11.04,46.1,1,0,2026-07-04,https://www.ebay.com/itm/Pro-Zester-Grater-Lemon-Parmesan-Zester-Chocolate-Razor-Sharp-/407047150570,https://www.amazon.com/dp/B07Q1CPWSM/ref=sr_1_13?th=1&psc=1
6a488880afe21dc7d7a68fc0,407047143246,"StorageWorks Large Water Hyacinth Tray for Bathroom, Wicker Storage Ba",70,False,False,True,Storage Bins & Baskets,0,77.97,42.99,22.93,29.4,1,0,2026-07-04,https://www.ebay.com/itm/StorageWorks-Large-Water-Hyacinth-Tray-Bathroom-Wicker-Storage-Ba-/407047143246,https://www.amazon.com/dp/B0BNVC81KK?th=1&psc=1
6a48885be119693e2e0a2487,407047141952,"Sumnacon Toiletry Bags, Unisex PU Leather Waterproof Travel Toiletry B",70,False,False,True,Makeup Bags & Cases,0,39.97,19.99,13.63,34.1,1,0,2026-07-04,https://www.ebay.com/itm/Sumnacon-Toiletry-Bags-Unisex-PU-Leather-Waterproof-Travel-Toiletry-B-/407047141952,https://www.amazon.com/dp/B01N23YRMO?_encoding=UTF8&psc=1
6a4887cce119693e2e0a2484,407047141199,"M MCIRCO [5-Packs, 36 Oz Glass Meal Prep Containers with Snap Locking",69,False,False,False,Food Storage Containers,0,53.97,29.99,15.53,28.8,1,0,2026-07-04,https://www.ebay.com/itm/M-MCIRCO-5-Packs-36-Oz-Glass-Meal-Prep-Containers-Snap-Locking-/407047141199,https://www.amazon.com/dp/B07BSB87FL/ref=sr_1_13?psc=1
6a488782afe21dc7d7a68fb4,407047140372,Scouring Pads - Heavy Duty Household Cleaning Scrubber with Non-Scratc,70,False,False,False,Cleaning Products,0,23.97,8.99,11.03,46.0,1,0,2026-07-04,https://www.ebay.com/itm/Scouring-Pads-Heavy-Duty-Household-Cleaning-Scrubber-Non-Scratc-/407047140372,https://www.amazon.com/dp/B082DL9N5C/ref=sr_1_8?th=1&psc=1
6a488769f1b99cb1a366907c,407047138428,- AVA 50cm PSU Cable Extension Sleeved Custom Mod GPU PC Braide,63,False,False,False,Power Cables & Connectors,0,41.97,10.98,24.34,58.0,1,0,2026-07-04,https://www.ebay.com/itm/AVA-50cm-PSU-Cable-Extension-Sleeved-Custom-Mod-GPU-PC-Braide-/407047138428,https://www.amazon.com/dp/B07J5QHQV6/ref=sr_1_16?psc=1
6a4887176ecc4e3d22a6ad06,407047137549,"5 Pack Stackable Closet Storage Basket, Multifunctional & Folda",63,False,False,False,Closet Organizers,0,70.97,39.99,19.98,28.2,1,0,2026-07-04,https://www.ebay.com/itm/5-Pack-Stackable-Closet-Storage-Basket-Multifunctional-Folda-/407047137549,https://www.amazon.com/dp/B0CGJJJC4M?_encoding=UTF8&psc=1
6a4886b372af672cfe567ef2,407047135873,Remote Control Holder Organizer Table Desk Leather Control Storage TV,69,False,False,True,Other Home Organization,0,28.97,12.19,12.08,41.7,1,0,2026-07-04,https://www.ebay.com/itm/Remote-Control-Holder-Organizer-Table-Desk-Leather-Control-Storage-TV-/407047135873,https://www.amazon.com/dp/B07KHX9S3B/ref=sr_1_10?psc=1
6a488689f1b99cb1a366907b,407047134070,"Athletico Sling Bag - Crossbody Backpack for Pickleball, Tennis, Racke",70,False,False,False,Bags,0,63.97,35.0,19.02,29.7,1,0,2026-07-04,https://www.ebay.com/itm/Athletico-Sling-Bag-Crossbody-Backpack-Pickleball-Tennis-Racke-/407047134070,https://www.amazon.com/dp/B07S8D3NPY?psc=1&th=1
6a48861b007c211a260a2b03,407047132660,"STORi SimpleSort 6-Piece Stackable Clear Drawer Organizer Set | 6"" x 6",70,False,False,False,Desk & Drawer Organizers,0,35.97,17.99,12.23,34.0,1,0,2026-07-04,https://www.ebay.com/itm/STORi-SimpleSort-6-Piece-Stackable-Clear-Drawer-Organizer-Set-6-x-6-/407047132660,https://www.amazon.com/dp/B07NDGYQZN/ref=sr_1_8?th=1&psc=1
6a48858b6ecc4e3d22a6acf8,407047131260,"Broom Holder Wall Mount, 4 Pack Mop Holder Stainless Steel Mop",62,False,False,False,Hooks & Hangers,0,29.97,11.99,13.13,43.8,1,0,2026-07-04,https://www.ebay.com/itm/Broom-Holder-Wall-Mount-4-Pack-Mop-Holder-Stainless-Steel-Mop-/407047131260,https://www.amazon.com/dp/B08KS7YFD6/ref=sr_1_4?psc=1
6a48856abf298b6a60a688b2,407047129462,"90L Large Laundry Basket, Collapsible Laundry Bag, Freestandin",62,False,False,False,Laundry Carts & Hampers,0,27.97,11.99,11.43,40.9,1,0,2026-07-04,https://www.ebay.com/itm/90L-Large-Laundry-Basket-Collapsible-Laundry-Bag-Freestandin-/407047129462,https://www.amazon.com/dp/B0BVYZ4WYM/ref=sr_1_18?psc=1
6a4883faf1b99cb1a366906d,407047116726,"Over The Door Shoe Organizer 2 Pack,Mesh Pockets Hanging Shoe",61,False,False,False,Shoe Organizers,0,28.97,12.99,11.28,38.9,1,0,2026-07-04,https://www.ebay.com/itm/Over-Door-Shoe-Organizer-2-Pack-Mesh-Pockets-Hanging-Shoe-/407047116726,https://www.amazon.com/dp/B07RK2BTL4/?psc=1&th=1
6a48836aafe21dc7d7a68f92,407047115851,SereneLife Bath Caddy Breakfast Tray Combo - Natural Bamboo Wood Water,70,False,False,False,Bathtub Caddies & Trays,0,66.97,36.99,19.58,29.2,1,0,2026-07-04,https://www.ebay.com/itm/SereneLife-Bath-Caddy-Breakfast-Tray-Combo-Natural-Bamboo-Wood-Water-/407047115851,https://www.amazon.com/dp/B07YSK1TG5/ref=sr_1_16?th=1&psc=1
6a488346ae728cb530a6a727,407047114868,Rustic Wall Mounted Jewelry Organizer with Wooden Barndoor Decor,64,False,False,False,"Jewelry Boxes, Organizers & Packaging",0,69.97,38.49,20.63,29.5,0,0,2026-07-04,https://www.ebay.com/itm/Rustic-Wall-Mounted-Jewelry-Organizer-Wooden-Barndoor-Decor-/407047114868,https://www.amazon.com/dp/B07Y9KKJFG/ref=sr_1_3?th=1&psc=1
6a48832cafe21dc7d7a68f8d,407047113361,Rectangular Storage Bin Collapse Canvas Fabric Cartoon Stor,59,False,False,False,Storage Bins & Baskets,0,28.97,11.99,12.28,42.4,1,0,2026-07-04,https://www.ebay.com/itm/Rectangular-Storage-Bin-Collapse-Canvas-Fabric-Cartoon-Stor-/407047113361,https://www.amazon.com/dp/B0CKPC5F81/?psc=1
6a48829b007c211a260a2ae1,407047109367,Kids Storage Basket Nautical Gift Basket Empty Boys Toy Storag,62,False,False,False,Storage Bins & Baskets,0,24.97,9.99,10.88,43.6,1,0,2026-07-04,https://www.ebay.com/itm/Kids-Storage-Basket-Nautical-Gift-Basket-Empty-Boys-Toy-Storag-/407047109367,https://www.amazon.com/dp/B07JZZQBZ9/ref=sr_1_9?th=1&psc=1
6a47468f7572cffbb3bbd531,407044916035,4 Pack Overnight Oats Containers with Lids and Spoons 16 oz Glass Mas,69,False,False,False,Food Storage Containers,0,39.97,19.99,13.63,34.1,1,0,2026-07-03,https://www.ebay.com/itm/4-Pack-Overnight-Oats-Containers-Lids-and-Spoons-16-oz-Glass-Mas-/407044916035,https://www.amazon.com/dp/B0DHXSFDXL/ref=sr_1_14?psc=1
6a47436d8caf82526d96a4bd,407044912151,Anchor Hocking 2 Cup Glass Storage Containers with Lids Set of 4 Glas,69,False,False,False,Food Storage Containers,0,37.97,16.99,14.93,39.3,1,0,2026-07-03,https://www.ebay.com/itm/Anchor-Hocking-2-Cup-Glass-Storage-Containers-Lids-Set-4-Glas-/407044912151,https://www.amazon.com/dp/B0BW16XK9Y/ref=sr_1_20?th=1&psc=1
6a47434f73c22faf6be83694,407044907691,KOMUEE 30 oz 5 Pack Glass Meal Prep Containers Glass Storage Containe,69,False,False,False,Food Storage Containers,0,51.97,28.49,15.33,29.5,1,0,2026-07-03,https://www.ebay.com/itm/KOMUEE-30-oz-5-Pack-Glass-Meal-Prep-Containers-Glass-Storage-Containe-/407044907691,https://www.amazon.com/dp/B0DLKS73QP/ref=sr_1_11?th=1&psc=1
6a4742e935e77f14f1981903,407044904748,JayRex Countertop Organizer Organization 3 Tier Moveable Corner Shelf,69,False,False,False,Racks & Holders,0,48.97,26.99,14.28,29.2,1,0,2026-07-03,https://www.ebay.com/itm/JayRex-Countertop-Organizer-Organization-3-Tier-Moveable-Corner-Shelf-/407044904748,https://www.amazon.com/dp/B0B7SDRMXW/ref=sr_1_15?psc=1
6a4746238caf82526d96a4e5,407044902239,Foldable Large Kids Toy Chest with Flip-Top Lid Collapsible Fabric An,69,False,False,True,Toy Boxes,0,48.97,26.99,14.28,29.2,1,0,2026-07-03,https://www.ebay.com/itm/Foldable-Large-Kids-Toy-Chest-Flip-Top-Lid-Collapsible-Fabric-/407044902239,https://www.amazon.com/dp/B08QMQC218?psc=1
6a4745ff8caf82526d96a4e0,407044899539,BINO THE MANHATTAN SERIES Acrylic Makeup Drawer Organizer- 5 Drawers,68,False,False,False,Makeup Bags & Cases,0,41.97,21.99,13.33,31.8,1,0,2026-07-03,https://www.ebay.com/itm/BINO-MANHATTAN-SERIES-Acrylic-Makeup-Drawer-Organizer-5-Drawers-/407044899539,https://www.amazon.com/dp/B07R6NSNPN/ref=sr_1_15?th=1&psc=1
6a4741617572cffbb3bbd500,407044896799,"Weiai Clear Acrylic Shelves 15"" Invisible Floating Wall Mount Display",69,False,False,False,Bookcases & Shelving,0,39.97,19.98,13.64,34.1,1,0,2026-07-03,https://www.ebay.com/itm/Weiai-Clear-Acrylic-Shelves-15-Invisible-Floating-Wall-Mount-Display-/407044896799,https://www.amazon.com/dp/B08B3CKZVP/?psc=1
6a4740f57572cffbb3bbd4fa,407044893749,Holikme 22Pack Drill Brush Attachments Set Scrub Pads & Sponge Buffin,69,False,False,False,Cleaning Products,0,39.97,19.99,13.63,34.1,1,0,2026-07-03,https://www.ebay.com/itm/Holikme-22Pack-Drill-Brush-Attachments-Set-Scrub-Pads-Sponge-Buffin-/407044893749,https://www.amazon.com/dp/B07P7NFV1F/ref=sr_1_14?psc=1
6a4740a77572cffbb3bbd4f4,407044892671,Ukeetap Multi-Purpose Pull-Out Storage Organizers Under Sink/Cabinet,68,False,False,False,Racks & Holders,0,41.97,18.99,16.33,38.9,1,0,2026-07-03,https://www.ebay.com/itm/Ukeetap-Multi-Purpose-Pull-Out-Storage-Organizers-Under-Sink-Cabinet-/407044892671,https://www.amazon.com/dp/B0DNTQ2YNT/ref=sr_1_3?psc=1
6a474083c3c0061dd5668f6d,407044891314,Amolliar 6Pc Apothecary Jars Bathroom Vanity Organizer- Rustic Farmhou,70,False,False,False,Canisters & Jars,0,39.97,20.49,13.13,32.8,1,0,2026-07-03,https://www.ebay.com/itm/Amolliar-6Pc-Apothecary-Jars-Bathroom-Vanity-Organizer-Rustic-Farmhou-/407044891314,https://www.amazon.com/dp/B095PD5P5N/ref=sr_1_20?psc=1
6a47405fc3c0061dd5668f6c,407044889019,Culinary Couture Grey Silicone Kitchen Utensils Set of 6 Non-Stick He,69,False,False,True,Cooking Utensils,0,35.97,17.99,12.23,34.0,1,0,2026-07-03,https://www.ebay.com/itm/Culinary-Couture-Grey-Silicone-Kitchen-Utensils-Set-6-Non-Stick-He-/407044889019,https://www.amazon.com/dp/B07QBCLM69/ref=sr_1_5?th=1&psc=1
6a47403b8caf82526d96a495,407044886131,ComSaf Airtight Glass Storage Canister with Lids 0.7Qt/1.2Qt/1.6Qt S,68,False,False,True,Canisters & Jars,0,66.97,31.99,24.58,36.7,1,0,2026-07-03,https://www.ebay.com/itm/ComSaf-Airtight-Glass-Storage-Canister-Lids-0-7Qt-1-2Qt-1-6Qt-S-/407044886131,https://www.amazon.com/dp/B08NF1HVKF/ref=sr_1_17?th=1&psc=1
6a473ff435e77f14f19818e2,407044881220,Rool Coffee Table Decor Book Shelf Decor Accents Home Decor Console Ta,70,False,False,True,Tables,0,44.97,23.99,13.88,30.9,1,0,2026-07-03,https://www.ebay.com/itm/Rool-Coffee-Table-Decor-Book-Shelf-Decor-Accents-Home-Decor-Console-Ta-/407044881220,https://www.amazon.com/dp/B09DF8WZMD/ref=sr_1_20?psc=1
6a473fd57572cffbb3bbd4e8,407044875783,KEVLANG Clear Sturdy Acrylic Serving Tray with Handles-14x14Inch-Servi,70,False,False,False,Trays,0,63.97,34.99,19.03,29.7,1,0,2026-07-03,https://www.ebay.com/itm/KEVLANG-Clear-Sturdy-Acrylic-Serving-Tray-Handles-14x14Inch-Servi-/407044875783,https://www.amazon.com/dp/B088ZWRBFK/ref=sr_1_13?th=1&psc=1
6a473fadc3c0061dd5668f60,407044873765,Magnetic Paper Towel Holder 2-in-1 Magnetic Spice Rack with Hooks Wal,69,False,False,False,Paper Towel Holders,0,39.97,19.99,13.63,34.1,1,0,2026-07-03,https://www.ebay.com/itm/Magnetic-Paper-Towel-Holder-2-in-1-Magnetic-Spice-Rack-Hooks-Wal-/407044873765,https://www.amazon.com/dp/B07THW6P9D/ref=sr_1_4?th=1&psc=1
6a473f636800e499c6e83584,407044871844,JoyServe 48 Sets Deli Containers with Lids 16oz & 32oz Leak Proof,65,False,False,False,Food Storage Containers,0,42.97,20.99,15.18,35.3,1,0,2026-07-03,https://www.ebay.com/itm/JoyServe-48-Sets-Deli-Containers-Lids-16oz-32oz-Leak-Proof-/407044871844,https://www.amazon.com/dp/B09B8SR69P/ref=sr_1_19?th=1&psc=1
6a473f40c3c0061dd5668f57,407044870396,Veken Coffee Canister with Window Airtight Stainless Steel Pantry Cont,70,False,False,False,Canisters & Jars,0,46.97,24.99,14.58,31.0,1,0,2026-07-03,https://www.ebay.com/itm/Veken-Coffee-Canister-Window-Airtight-Stainless-Steel-Pantry-Cont-/407044870396,https://www.amazon.com/dp/B0CWH57Q9F?psc=1&th=1
6a473e1fc3c0061dd5668f42,407044866474,Culinary Couture Blue Silicone Kitchen Utensils Set of 6 Non-Stick He,69,False,False,True,Cooking Utensils,0,35.97,17.99,12.23,34.0,1,0,2026-07-03,https://www.ebay.com/itm/Culinary-Couture-Blue-Silicone-Kitchen-Utensils-Set-6-Non-Stick-He-/407044866474,https://www.amazon.com/dp/B07QCCCW46/ref=sr_1_4?psc=1
6a473dfb73c22faf6be83655,407044864781,Frebeauty Earring Organizer Classic Jewelry Box 50 Slots Double Layer,69,False,False,False,"Jewelry Boxes, Organizers & Packaging",0,53.97,29.98,15.54,28.8,1,0,2026-07-03,https://www.ebay.com/itm/Frebeauty-Earring-Organizer-Classic-Jewelry-Box-50-Slots-Double-Layer-/407044864781,https://www.amazon.com/dp/B087PHZFWH/ref=sr_1_12?th=1&psc=1
6a473db37572cffbb3bbd4ce,407044863009,Bamboo Drawer Dividers Organizers Adjustable Drawer Separator Splitte,69,False,False,False,Closet Organizers,0,59.97,32.97,17.65,29.4,1,0,2026-07-03,https://www.ebay.com/itm/Bamboo-Drawer-Dividers-Organizers-Adjustable-Drawer-Separator-Splitte-/407044863009,https://www.amazon.com/dp/B085Y6X3MD/ref=sr_1_9?psc=1
6a473d8f7572cffbb3bbd4ca,407044860376,HofferRuffer Decorative Vanity Tray Desktop Storage Organizer Catcha,68,False,False,False,"Jewelry Boxes, Organizers & Packaging",0,38.97,19.6,13.17,33.8,1,0,2026-07-03,https://www.ebay.com/itm/HofferRuffer-Decorative-Vanity-Tray-Desktop-Storage-Organizer-Catcha-/407044860376,https://www.amazon.com/dp/B075ZM8Q12/ref=sr_1_4?th=1&psc=1
6a473cb773c22faf6be83644,407044857538,Dofilachy Hat Organizer Racks for Baseball Caps Visible Hat Holder Ra,69,False,False,True,Coat & Hat Racks,0,30.97,13.99,11.98,38.7,1,0,2026-07-03,https://www.ebay.com/itm/Dofilachy-Hat-Organizer-Racks-Baseball-Caps-Visible-Hat-Holder-Ra-/407044857538,https://www.amazon.com/dp/B097JZLCRR/ref=sr_1_19?psc=1
6a473c2935e77f14f19818aa,407044854410,VENO 8 Pack Heavy Duty Moving Bags Clear Packing Bags for Easy Visibi,69,False,False,False,Storage Bags,0,65.97,36.99,18.73,28.4,1,0,2026-07-03,https://www.ebay.com/itm/VENO-8-Pack-Heavy-Duty-Moving-Bags-Clear-Packing-Bags-Easy-Visibi-/407044854410,https://www.amazon.com/dp/B0C7SZWX2R/ref=sr_1_8?psc=1
6a473c03c3c0061dd5668f1c,407044852435,Shower Caddy Adhesive Shower Organizer with Hooks Shower Shelves for,68,False,False,True,Bathtub Caddies & Trays,0,50.97,28.99,13.98,27.4,1,0,2026-07-03,https://www.ebay.com/itm/Shower-Caddy-Adhesive-Shower-Organizer-Hooks-Shower-Shelves-/407044852435,https://www.amazon.com/dp/B08ND2CZHT/ref=sr_1_20?psc=1
6a473b71079faf2cd8bbd346,407044851035,StorageWorks Closet Organizers and Storage Bins Foldable Shelf Basket,69,False,False,False,Storage Bins & Baskets,0,49.97,27.99,14.13,28.3,1,0,2026-07-03,https://www.ebay.com/itm/StorageWorks-Closet-Organizers-and-Storage-Bins-Foldable-Shelf-Basket-/407044851035,https://www.amazon.com/dp/B08BCG1LCW/ref=sr_1_16?psc=1
6a4730ca6800e499c6e8356c,407044771144,JASGOOD Dog Slow Feeder - Reduce Slip Puzzle Bowl for Raised Pet Feede,70,False,False,False,"Dishes, Feeders & Fountains",0,34.97,16.99,12.38,35.4,1,0,2026-07-03,https://www.ebay.com/itm/JASGOOD-Dog-Slow-Feeder-Reduce-Slip-Puzzle-Bowl-Raised-Pet-Feede-/407044771144,https://www.amazon.com/dp/B096VNT6Y5/ref=sr_1_5?psc=1
6a4730a773462cd9d396a393,407044769471,Cat Stuffed Animals Soft Cat Plush Pillow Kitten Stuffed Animal Toy G,69,False,False,True,Other Stuffed Animals,0,41.97,21.99,13.33,31.8,1,0,2026-07-03,https://www.ebay.com/itm/Cat-Stuffed-Animals-Soft-Cat-Plush-Pillow-Kitten-Stuffed-Animal-Toy-G-/407044769471,https://www.amazon.com/dp/B08F56YJT8/ref=sr_1_12?psc=1
6a4730828caf82526d96a3e6,407044767984,Ditucu Cat Paw Cushion Kawaii Chair Cushions 31.4 x 27.5 inch Cute Stu,70,False,False,False,Patio Furniture Cushions & Pads,0,57.97,31.99,16.93,29.2,1,0,2026-07-03,https://www.ebay.com/itm/Ditucu-Cat-Paw-Cushion-Kawaii-Chair-Cushions-31-4-x-27-5-inch-Cute-Stu-/407044767984,https://www.amazon.com/dp/B09TR5V1R4/ref=sr_1_13?th=1&psc=1
6a47305f7572cffbb3bbd43f,407044766073,MISSLO 30 Large Pockets Dual Sided Hanging Shoe Organizer for Closet w,70,False,False,True,Shoe Organizers,0,32.97,15.37,12.3,37.3,1,0,2026-07-03,https://www.ebay.com/itm/MISSLO-30-Large-Pockets-Dual-Sided-Hanging-Shoe-Organizer-Closet-w-/407044766073,https://www.amazon.com/dp/B08D983YS9?psc=1&th=1
6a473044079faf2cd8bbd32d,407044764906,decorUhome Summer Decorative Boho Throw Pillow Cover 12x20 Lumbar Acc,69,False,False,False,Pillows,0,39.97,19.99,13.63,34.1,1,0,2026-07-03,https://www.ebay.com/itm/decorUhome-Summer-Decorative-Boho-Throw-Pillow-Cover-12x20-Lumbar-Acc-/407044764906,https://www.amazon.com/dp/B08K3671HH/ref=sr_1_17?th=1&psc=1
6a472ff135e77f14f1981817,407044763620,VANNON 2 Pack Slow Feeder Dog Bowls Non Slip Puppy Bowl Durable Dog Pu,70,False,False,True,"Dishes, Feeders & Fountains",0,33.97,15.99,12.53,36.9,1,0,2026-07-03,https://www.ebay.com/itm/VANNON-2-Pack-Slow-Feeder-Dog-Bowls-Non-Slip-Puppy-Bowl-Durable-Dog-Pu-/407044763620,https://www.amazon.com/dp/B08VW683Y5/ref=sr_1_20?th=1&psc=1
6a472f608caf82526d96a3d3,407044762152,Eurow 200GSM Microfiber Cleaning and Drying Cloths with Dispenser Box,69,False,False,False,Cleaning Towels & Cloths,0,46.97,24.99,14.58,31.0,1,0,2026-07-03,https://www.ebay.com/itm/Eurow-200GSM-Microfiber-Cleaning-and-Drying-Cloths-Dispenser-Box-/407044762152,https://www.amazon.com/dp/B093Y773ND?psc=1
6a472f497572cffbb3bbd432,407044760103,SAVORI Bling Dog Bowls Pink 640ML Handmade Bling Rhinestones Stainles,69,False,False,False,"Dishes, Feeders & Fountains",0,46.97,24.99,14.58,31.0,1,0,2026-07-03,https://www.ebay.com/itm/SAVORI-Bling-Dog-Bowls-Pink-640ML-Handmade-Bling-Rhinestones-Stainles-/407044760103,https://www.amazon.com/dp/B06Y656XJZ/ref=sr_1_8?th=1&psc=1
6a472ef673c22faf6be835a0,407044757687,Goodpick Laundry Basket with Wheels Laundry Hamper with Removable Was,69,False,False,False,Laundry Carts & Hampers,0,52.97,26.59,18.08,34.1,1,0,2026-07-03,https://www.ebay.com/itm/Goodpick-Laundry-Basket-Wheels-Laundry-Hamper-Removable-/407044757687,https://www.amazon.com/dp/B0CGRDFT2X/ref=sr_1_17?psc=1
6a472ed28caf82526d96a3cf,407044755459,BAGSMART Hanging Jewelry Organizer Storage Roll with Hanger Metal Hook,70,False,False,False,"Jewelry Boxes, Organizers & Packaging",0,39.97,15.98,17.64,44.1,1,0,2026-07-03,https://www.ebay.com/itm/BAGSMART-Hanging-Jewelry-Organizer-Storage-Roll-Hanger-Metal-Hook-/407044755459,https://www.amazon.com/dp/B09XMHFYZB/ref=sr_1_15?th=1&psc=1
6a472eab35e77f14f198180d,407044753215,Casabella Plastic Multipurpose Cleaning Storage Caddy with Handle 1.5,69,False,False,False,Storage Bins & Baskets,0,36.97,18.27,12.8,34.6,1,0,2026-07-03,https://www.ebay.com/itm/Casabella-Plastic-Multipurpose-Cleaning-Storage-Caddy-Handle-1-5-/407044753215,https://www.amazon.com/dp/B00167V9II/ref=sr_1_5?th=1&psc=1
6a472e6cf41a2fe7cec5b218,407044751273,2 Pack Extra Large Hanging Crystal Clear Over Door Shoe Organizers Cl,69,False,False,True,Shoe Organizers,0,41.97,21.99,13.33,31.8,1,0,2026-07-03,https://www.ebay.com/itm/2-Pack-Extra-Large-Hanging-Crystal-Clear-Over-Door-Shoe-Organizers-Cl-/407044751273,https://www.amazon.com/dp/B093ZVPXQB/ref=sr_1_16?th=1&psc=1
6a472e447572cffbb3bbd42c,407044746518,YouCopia StoreMore Bakeware Rack Adjustable Dividers Baking Pan Orga,68,False,False,False,Racks & Holders,0,40.97,19.99,14.48,35.3,1,0,2026-07-03,https://www.ebay.com/itm/YouCopia-StoreMore-Bakeware-Rack-Adjustable-Dividers-Baking-Pan-Orga-/407044746518,https://www.amazon.com/dp/B00VG7VZ7I/ref=sr_1_16?th=1&psc=1
6a472e1b35e77f14f1981805,407044743878,Gardzen 3-Pack 72 Gallons Garden Bag - Reuseable Heavy Duty Gardening,69,False,False,False,Garden Waste Bags,0,41.97,21.99,13.33,31.8,1,0,2026-07-03,https://www.ebay.com/itm/Gardzen-3-Pack-72-Gallons-Garden-Bag-Reuseable-Heavy-Duty-Gardening-/407044743878,https://www.amazon.com/dp/B01N6706BP/ref=sr_1_17?th=1&psc=1
6a472d676800e499c6e83563,407044741575,LONBET Toilet Paper Storage for 12 Rolls Stackable & Foldable - The U,69,False,False,True,Toilet Paper Holders & Storage,0,53.97,29.99,15.53,28.8,1,0,2026-07-03,https://www.ebay.com/itm/LONBET-Toilet-Paper-Storage-12-Rolls-Stackable-Foldable-U-/407044741575,https://www.amazon.com/dp/B0BGY2FWXQ/?th=1&psc=1
6a472cfcf41a2fe7cec5b20b,407044739485,Solar Flower Lights Outdoor - Upgraded New Material Two Modes Realisti,70,False,False,False,Landscape & Walkway Lights,0,39.97,19.99,13.63,34.1,1,0,2026-07-03,https://www.ebay.com/itm/Solar-Flower-Lights-Outdoor-Upgraded-New-Material-Two-Modes-Realisti-/407044739485,https://www.amazon.com/dp/B08HNKYDZY/ref=sr_1_14?psc=1
6a472cb435e77f14f19817f6,407044737293,Melphoe 25Pcs Mini Garden Hand Transplanting Succulent Tools Set 39.4,69,False,False,False,Garden Tool Sets,0,30.97,13.98,11.99,38.7,1,0,2026-07-03,https://www.ebay.com/itm/Melphoe-25Pcs-Mini-Garden-Hand-Transplanting-Succulent-Tools-Set-39-4-/407044737293,https://www.amazon.com/dp/B07MGFCF45/ref=sr_1_20?psc=1
6a472bbafcbf65388698168e,407044733840,DOZYANT 6 Feet Propane Regulator and Hose for Blackstone 17inch and 22,70,False,False,False,Barbecue & Grill Replacement Parts,0,40.97,20.99,13.48,32.9,1,0,2026-07-03,https://www.ebay.com/itm/DOZYANT-6-Feet-Propane-Regulator-and-Hose-Blackstone-17inch-and-22-/407044733840,https://www.amazon.com/dp/B07ZM2BFSX/ref=sr_1_13?th=1&psc=1
6a472ae435e77f14f19817ec,407044730503,18x18 Throw Pillow Covers Set of 4 Red and Black Abstract Art Painti,68,False,False,False,Pillows,0,38.97,18.99,13.78,35.4,1,0,2026-07-03,https://www.ebay.com/itm/18x18-Throw-Pillow-Covers-Set-4-Red-and-Black-Abstract-Art-Painti-/407044730503,https://www.amazon.com/dp/B08RJCK68W/ref=sr_1_4?th=1&psc=1
6a472a0e73c22faf6be8356b,407044728343,EBIKELING Bike Seat Dual Shock Absorbing Soft Comfortable Padded Bicyc,70,False,False,False,Saddles & Seats,0,39.97,19.87,13.75,34.4,1,0,2026-07-03,https://www.ebay.com/itm/EBIKELING-Bike-Seat-Dual-Shock-Absorbing-Soft-Comfortable-Padded-Bicyc-/407044728343,https://www.amazon.com/dp/B079M2XZ95/?psc=1
6a4729ac73c22faf6be83569,407044727063,Dejaroo Mesh Beach Bag for Women Large Sand Free Tote 8 Pockets Fol,67,False,False,False,Women's Bags & Handbags,0,36.97,18.95,12.12,32.8,1,0,2026-07-03,https://www.ebay.com/itm/Dejaroo-Mesh-Beach-Bag-Women-Large-Sand-Free-Tote-8-Pockets-Fol-/407044727063,https://www.amazon.com/dp/B07G3TV2QK/ref=sr_1_4?psc=1
6a46cdb4f6178e7e615f9e3c,407044141421,ORSDA Cat Ball Toys Interactive Cat Toy for Indoor Bored Indoor Cats,68,False,False,False,Toys,0,38.97,17.99,14.78,37.9,1,0,2026-07-02,https://www.ebay.com/itm/ORSDA-Cat-Ball-Toys-Interactive-Cat-Toy-Indoor-Bored-Indoor-Cats-/407044141421,https://www.amazon.com/dp/B0DP4VN4VS/ref=sr_1_12?psc=1
6a46cd91f6178e7e615f9e38,407044138946,YIHONG 6 Pack Clear Pantry Organizer Bins Plastic Containers with Han,69,False,False,False,Food Storage Containers,0,46.97,23.99,15.58,33.2,1,0,2026-07-02,https://www.ebay.com/itm/YIHONG-6-Pack-Clear-Pantry-Organizer-Bins-Plastic-Containers-Han-/407044138946,https://www.amazon.com/dp/B08R9P9CJL/ref=sr_1_6?psc=1
6a46cc73169fb08d560fe218,407044128488,Cambom Rotary Cheese Grater Hand Crank Cheese Shredder for Fresh Chees,70,False,False,False,Graters & Zesters,0,44.97,22.79,15.08,33.5,1,0,2026-07-02,https://www.ebay.com/itm/Cambom-Rotary-Cheese-Grater-Hand-Crank-Cheese-Shredder-Fresh-Chees-/407044128488,https://www.amazon.com/dp/B096LQZ99N?psc=1
6a46cc2a67f0a8588ceadc5c,407044126445,Slideep Pot Pan Lid Holder Drying Rack Bakeware Lid Storage Organizer,69,False,False,False,Racks & Holders,0,38.97,17.99,14.78,37.9,1,0,2026-07-02,https://www.ebay.com/itm/Slideep-Pot-Pan-Lid-Holder-Drying-Rack-Bakeware-Lid-Storage-Organizer-/407044126445,https://www.amazon.com/dp/B07TX8RZQK/ref=sr_1_19?psc=1
6a46cc07169fb08d560fe211,407044124398,PrepSolutions Brown Sugar Keeper with Lid 1.5-Quart Airtight Contain,68,False,False,False,Food Storage Containers,0,42.97,17.9,18.27,42.5,1,0,2026-07-02,https://www.ebay.com/itm/PrepSolutions-Brown-Sugar-Keeper-Lid-1-5-Quart-Airtight-Contain-/407044124398,https://www.amazon.com/dp/B005M8Y3YE/ref=sr_1_18?th=1&psc=1
6a46cbe99ce1b59c5e63d35f,407044122165,Glotoch Mason Jars 8 OZ with Lids and Bands 12 Pack Regular Mouth Jel,69,False,False,False,Jars,0,46.97,24.99,14.58,31.0,1,0,2026-07-02,https://www.ebay.com/itm/Glotoch-Mason-Jars-8-OZ-Lids-and-Bands-12-Pack-Regular-Mouth-Jel-/407044122165,https://www.amazon.com/dp/B081SGLXMJ/ref=sr_1_16?th=1&psc=1
6a46cb556486a1cc3463d2e8,407044115917,JARLINK Over The Door Organizer Storage 5 Shelf Hanging Door Organize,69,False,False,False,Closet Organizers,0,58.97,29.99,19.78,33.5,1,0,2026-07-02,https://www.ebay.com/itm/JARLINK-Over-Door-Organizer-Storage-5-Shelf-Hanging-Door-Organize-/407044115917,https://www.amazon.com/dp/B0C89STMFK/ref=sr_1_12?th=1&psc=1
6a46cb301d287f91f1eadbeb,407044114255,Silver Buffalo Sanrio Hello Kitty Waving Double Walled Stainless Steel,70,False,False,False,Vacuum Flasks & Mugs,0,51.97,28.04,15.78,30.4,1,0,2026-07-02,https://www.ebay.com/itm/Silver-Buffalo-Sanrio-Hello-Kitty-Waving-Double-Walled-Stainless-Steel-/407044114255,https://www.amazon.com/dp/B0CSPKNQQH/ref=sr_1_5?psc=1
6a46bcc9f6178e7e615f9d73,407044070226,Kalimdor Pants Hangers 2 Pack Space Saving Metal Closet Organizer Clot,70,False,False,False,Clothes Hangers,0,38.97,17.99,14.78,37.9,1,0,2026-07-02,https://www.ebay.com/itm/Kalimdor-Pants-Hangers-2-Pack-Space-Saving-Metal-Closet-Organizer-Clot-/407044070226,https://www.amazon.com/dp/B09MCX673Y/ref=sr_1_5?psc=1
6a46bb6390ac32598e38ebd3,407044066664,SUPERSCANDI 5 Pack Swedish Dishcloths for Kitchen - 100 Biodegradable,69,False,False,False,Towels & Dishcloths,0,28.97,12.99,11.28,38.9,1,0,2026-07-02,https://www.ebay.com/itm/SUPERSCANDI-5-Pack-Swedish-Dishcloths-Kitchen-100-Biodegradable-/407044066664,https://www.amazon.com/dp/B0892M9T9S/ref=sr_1_9?th=1&psc=1
6a46be795cd373500b972c32,407044044949,WESTERN HOME WH Calming Dog & Cat Bed Anti-Anxiety Donut Cuddler Warm,69,False,False,False,Beds,0,41.97,21.59,13.73,32.7,1,0,2026-07-02,https://www.ebay.com/itm/WESTERN-HOME-WH-Calming-Dog-Cat-Bed-Anti-Anxiety-Donut-Cuddler-Warm-/407044044949,https://www.amazon.com/dp/B08M5GQSWF/ref=sr_1_9?th=1&psc=1
6a46bd113ab6259f0ccda9ba,407044040052,Fairy Garden Vintage Resin Fairy Figurines for Outdoor Garden Yard Law,70,False,False,False,Ornaments & Statues,0,36.97,17.99,13.08,35.4,1,0,2026-07-02,https://www.ebay.com/itm/Fairy-Garden-Vintage-Resin-Fairy-Figurines-Outdoor-Garden-Yard-Law-/407044040052,https://www.amazon.com/dp/B08QJ5GV6M/ref=sr_1_10?th=1&psc=1
6a46bc5d5cd373500b972c1e,407044034017,PrepWorks 5pc Measuring Spoons Set Stainless Steel Accurate Measure,67,False,False,False,Measuring Cups & Spoons,0,46.97,24.55,15.02,32.0,1,0,2026-07-02,https://www.ebay.com/itm/PrepWorks-5pc-Measuring-Spoons-Set-Stainless-Steel-Accurate-Measure-/407044034017,https://www.amazon.com/dp/B001GAQKKW/ref=sr_1_8?th=1&psc=1
6a46bbf3cbd00ee21738eb9e,407044026465,SANNO Freezer Baskets Wire Farmhouse Large Organizer Storage Bins Rack,70,False,False,False,Racks & Holders,0,49.97,27.74,14.38,28.8,1,0,2026-07-02,https://www.ebay.com/itm/SANNO-Freezer-Baskets-Wire-Farmhouse-Large-Organizer-Storage-Bins-Rack-/407044026465,https://www.amazon.com/dp/B082MFGK52/ref=sr_1_5?psc=1
6a46bbcff6178e7e615f9d6a,407044021418,Prep Naturals Meal Prep Containers - Dishwasher-Safe Plastic Bowls wit,70,False,False,False,Food Storage Containers,0,41.97,21.99,13.33,31.8,1,0,2026-07-02,https://www.ebay.com/itm/Prep-Naturals-Meal-Prep-Containers-Dishwasher-Safe-Plastic-Bowls-wit-/407044021418,https://www.amazon.com/dp/B07K6KKWHW/ref=sr_1_12?th=1&psc=1
6a447ed26e5fc26ee66275b0,407039292091,JMEXSUSS 250 LED Warm White to Multicolor String Lights Indoor 8 Mode,69,False,False,False,"String Lights, Fairy Lights",0,47.97,25.99,14.43,30.1,1,0,2026-07-01,https://www.ebay.com/itm/JMEXSUSS-250-LED-Warm-White-Multicolor-String-Lights-Indoor-8-Mode-/407039292091,https://www.amazon.com/dp/B09WQQD6X6/ref=sr_1_17?th=1&psc=1
6a447eb26e5fc26ee66275ae,407039290276,Vigdur Multicolor Flower String Lights Decorative String Lights Plug,68,False,False,False,"String Lights, Fairy Lights",0,47.97,25.99,14.43,30.1,1,0,2026-07-01,https://www.ebay.com/itm/Vigdur-Multicolor-Flower-String-Lights-Decorative-String-Lights-Plug-/407039290276,https://www.amazon.com/dp/B08QMPHMD4/ref=sr_1_6?psc=1
6a443a376c46039d7fc975e9,407038854476,Solar Outdoor Lights Decorative 12 Pack Hanging Solar Garden Lights W,69,False,False,True,Landscape & Walkway Lights,0,53.97,29.99,15.53,28.8,1,0,2026-06-30,https://www.ebay.com/itm/Solar-Outdoor-Lights-Decorative-12-Pack-Hanging-Solar-Garden-Lights-W-/407038854476,https://www.amazon.com/dp/B08BLQJ686/ref=sr_1_10?psc=1
6a443a196c46039d7fc975e8,407038851994,Hiturbo Microfiber Surf Poncho Wetsuit Changing Bath Robe Quick Dry,67,False,False,False,Towels & Washcloths,0,46.97,24.99,14.58,31.0,1,0,2026-06-30,https://www.ebay.com/itm/Hiturbo-Microfiber-Surf-Poncho-Wetsuit-Changing-Bath-Robe-Quick-Dry-/407038851994,https://www.amazon.com/dp/B076K6Y6LL/ref=sr_1_8?th=1&psc=1
6a4439a95c665f5b328b688c,407038800124,KSL Gravity Electric Salt and Pepper Grinder Set - Christmas Gift - Ad,70,False,False,True,Salt & Pepper,0,35.97,17.9,12.32,34.3,1,0,2026-06-30,https://www.ebay.com/itm/KSL-Gravity-Electric-Salt-and-Pepper-Grinder-Set-Christmas-Gift-Ad-/407038800124,https://www.amazon.com/dp/B0882SWTH1/ref=sr_1_15?psc=1
6a42ac9748f797c7d4aa272e,407036143897,"Waterproof Under Sink Mat 28"" x 19"" Silicone Under Sink Mats for Kitc",69,False,False,False,Racks & Holders,0,32.97,14.99,12.68,38.5,1,0,2026-06-29,https://www.ebay.com/itm/Waterproof-Under-Sink-Mat-28-x-19-Silicone-Under-Sink-Mats-Kitc-/407036143897,https://www.amazon.com/dp/B0D6YZ91J2/ref=sr_1_8?psc=1
6a42ab9b48f797c7d4aa2728,407036142394,Fridge Organizer - 14 Piece Refrigerator Organizer Bins - Stackable Fr,70,False,False,True,Food Storage Containers,0,42.97,20.39,15.78,36.7,1,0,2026-06-29,https://www.ebay.com/itm/Fridge-Organizer-14-Piece-Refrigerator-Organizer-Bins-Stackable-Fr-/407036142394,https://www.amazon.com/dp/B08KGWHLR6/ref=sr_1_18?psc=1
6a42ab59e4fdb59427aa2a77,407036141190,Jalousie 3 Pack Extra Large Heavy Duty Storage Bags Moving Bag Totes S,70,False,False,True,Storage Bags,0,35.97,17.99,12.23,34.0,1,0,2026-06-29,https://www.ebay.com/itm/Jalousie-3-Pack-Extra-Large-Heavy-Duty-Storage-Bags-Moving-Bag-Totes-S-/407036141190,https://www.amazon.com/dp/B081GKMLXT/?psc=1
6a42ab0c1cb85fdf1cd7c357,407036139614,Slipstick CB672 Premium 3 Inch Bed Risers/Furniture Raisers with Steel,70,False,False,False,Bed & Waterbed Accessories,0,38.97,18.98,13.79,35.4,1,0,2026-06-29,https://www.ebay.com/itm/CB672-Premium-3-Inch-Bed-Risers-Furniture-Raisers-Steel-Reinforced-Caster-W-/407036139614,https://www.amazon.com/dp/B08FMV494F/ref=sr_1_16?th=1&psc=1
6a42aae8bb3f93b46cd9648b,407036138125,AJART Bird Feeder Hangers Outdoor 16-Inch Swivel Hanging Plant Bracke,69,False,False,False,Hooks & Hangers,0,40.97,20.97,13.5,33.0,1,0,2026-06-29,https://www.ebay.com/itm/AJART-Bird-Feeder-Hangers-Outdoor-16-Inch-Swivel-Hanging-Plant-Bracke-/407036138125,https://www.amazon.com/dp/B07WVZF578?_encoding=UTF8&psc=1
6a42aac51cb85fdf1cd7c353,407036136439,Sunthus Frog Toad Sculptures Garden Statues Yard Art Resin Decorations,70,False,False,False,Ornaments & Statues,0,38.97,18.99,13.78,35.4,1,0,2026-06-29,https://www.ebay.com/itm/Sunthus-Frog-Toad-Sculptures-Garden-Statues-Yard-Art-Resin-Decorations-/407036136439,https://www.amazon.com/dp/B07ZDFHWC3/ref=sr_1_18?psc=1
6a42aaa11cb85fdf1cd7c350,407036134928,Wildone Stainless Steel 8-Piece Measuring Cups Set with Silicone Handl,70,False,False,False,Measuring Cups & Spoons,0,38.97,18.99,13.78,35.4,1,0,2026-06-29,https://www.ebay.com/itm/Wildone-Stainless-Steel-8-Piece-Measuring-Cups-Set-Silicone-Handl-/407036134928,https://www.amazon.com/dp/B088FRMG64/ref=sr_1_9?th=1&psc=1
6a42aa7da3dce258846ff38c,407036129250,FEATOL Carpal Tunnel Wrist Brace Adjustable Hand Night Sleep Support,68,False,False,False,"Orthotics, Braces & Sleeves",0,38.97,9.99,22.78,58.5,1,0,2026-06-29,https://www.ebay.com/itm/FEATOL-Carpal-Tunnel-Wrist-Brace-Adjustable-Hand-Night-Sleep-Support-/407036129250,https://www.amazon.com/dp/B087F2P26D/ref=sr_1_13?psc=1
6a42aa59bb3f93b46cd96480,407036128019,RAPICCA 700 F Heat Resistant BBQ Grill Gloves Oil Resistant & Waterpr,69,False,False,False,Barbecue & Grill Covers,0,39.97,19.98,13.64,34.1,1,0,2026-06-29,https://www.ebay.com/itm/RAPICCA-700-F-Heat-Resistant-BBQ-Grill-Gloves-Oil-Resistant-Waterpr-/407036128019,https://www.amazon.com/dp/B07FDYRKXY/ref=sr_1_12?psc=1
6a42aa36e4fdb59427aa2a69,407036126738,StorageWorks Storage Baskets for Shelves Fabric Storage Bins Closet,67,False,False,False,Storage Bins & Baskets,0,41.97,21.99,13.33,31.8,1,0,2026-06-29,https://www.ebay.com/itm/StorageWorks-Storage-Baskets-Shelves-Fabric-Storage-Bins-Closet-/407036126738,https://www.amazon.com/dp/B01CZUJACQ/ref=sr_1_20?psc=1
6a42a984f6cef24f06a28de8,407036125249,Parisian Pet Step in Dog Harness - 100 Mesh Fabric Pink Girl Dog Harn,69,False,False,False,Harnesses,0,47.97,25.95,14.47,30.2,1,0,2026-06-29,https://www.ebay.com/itm/Parisian-Pet-Step-Dog-Harness-100-Mesh-Fabric-Pink-Girl-Dog-Harn-/407036125249,https://www.amazon.com/dp/B07K8126VY/ref=sr_1_12?th=1&psc=1
6a42a919a3dce258846ff380,407036123938,YASONIC Shower Caddy Adhesive Rustproof Shower Organizer with Soap Ho,69,False,False,True,Bathtub Caddies & Trays,0,34.97,16.97,12.4,35.5,1,0,2026-06-29,https://www.ebay.com/itm/YASONIC-Shower-Caddy-Adhesive-Rustproof-Shower-Organizer-Soap-Ho-/407036123938,https://www.amazon.com/dp/B0D1BZJSX4/?psc=1
6a42a8f5f6cef24f06a28de3,407036120617,697 Piece Blue Elephant Baby Shower Decorations for Boy Kit - It's a B,70,False,False,True,Party Decorations,0,47.97,25.99,14.43,30.1,1,0,2026-06-29,https://www.ebay.com/itm/697-Piece-Blue-Elephant-Baby-Shower-Decorations-Boy-Kit-Its-B-/407036120617,https://www.amazon.com/dp/B081YDCXW3?psc=1
6a42a1e1a3dce258846ff31f,407036065392,Cat Fountain Filter Replacement Cat Water Filters with Three Stage Fi,69,False,False,True,"Dishes, Feeders & Fountains",0,28.97,12.99,11.28,38.9,1,0,2026-06-29,https://www.ebay.com/itm/Cat-Fountain-Filter-Replacement-Cat-Water-Filters-Three-Stage-Fi-/407036065392,https://www.amazon.com/dp/B0832FLTB8/ref=sr_1_5?psc=1
6a42a1701cb85fdf1cd7c2d5,407036063999,Small Calming Dogs Bed for Small Dogs Anti-Anxiety Machine Washable Fl,70,False,False,True,Beds,0,34.97,13.99,15.38,44.0,1,0,2026-06-29,https://www.ebay.com/itm/Small-Calming-Dogs-Bed-Small-Dogs-Anti-Anxiety-Machine-Washable-Fl-/407036063999,https://www.amazon.com/dp/B08FT3BW15/ref=sr_1_19?th=1&psc=1
6a42a1520661086b08d9611f,407036059654,Bed Risers 5 Inch Heavy Duty Square Furniture Frame Lift for Couch C,68,False,False,True,Bed & Waterbed Accessories,0,64.97,35.99,18.88,29.1,1,0,2026-06-29,https://www.ebay.com/itm/Bed-Risers-5-Inch-Heavy-Duty-Square-Furniture-Frame-Lift-Couch-C-/407036059654,https://www.amazon.com/dp/B08M5NPSD2/ref=sr_1_11?psc=1
6a42a1051d2179029bd7c232,407036054427,SMARTAKE 7-Piece Drawer Organizer with Non-Slip Silicone Pads 4-Size,68,False,False,False,Desk & Drawer Organizers,0,23.97,9.99,10.03,41.8,1,0,2026-06-29,https://www.ebay.com/itm/SMARTAKE-7-Piece-Drawer-Organizer-Non-Slip-Silicone-Pads-4-Size-/407036054427,https://www.amazon.com/dp/B086GFWJZP/ref=sr_1_20?th=1&psc=1
6a42a09ae4fdb59427aa29d7,407036050893,Cat Stuffed Animals Soft Cat Plush Pillow Kawaii Kitten Stuffed Anima,69,False,False,False,Other Stuffed Animals,0,34.97,16.99,12.38,35.4,1,0,2026-06-29,https://www.ebay.com/itm/Cat-Stuffed-Animals-Soft-Cat-Plush-Pillow-Kawaii-Kitten-Stuffed-Anima-/407036050893,https://www.amazon.com/dp/B08F56BX9L/ref=sr_1_17?th=1&psc=1
6a42a052bb3f93b46cd963fa,407036046954,TeamFar 10.5 x 8 x 1 Toaster Oven Pan with Rack Set Small Bakin,63,False,False,False,Other Bakeware & Ovenware,0,38.97,18.99,13.78,35.4,1,0,2026-06-29,https://www.ebay.com/itm/TeamFar-10-5-x-8-x-1-Toaster-Oven-Pan-Rack-Set-Small-Bakin-/407036046954,https://www.amazon.com/dp/B08GS5LWGC/ref=sr_1_13?th=1&psc=1
6a429fc301d3aaeb2ba28cce,407036040937,Smartor Plastic Pants Hangers - 30 Pack Black Pant Hanger Shorts Han,68,False,False,False,Clothes Hangers,0,42.97,21.84,14.33,33.3,1,0,2026-06-29,https://www.ebay.com/itm/Smartor-Plastic-Pants-Hangers-30-Pack-Black-Pant-Hanger-Shorts-Han-/407036040937,https://www.amazon.com/dp/B07L7YZ168/ref=sr_1_3?psc=1
6a429fa048f797c7d4aa2711,407036036094,8 Pack Handbag Dust Bags Clear Purse Storage Organizer for Closet Han,69,False,False,False,Handbag Accessories,0,52.97,28.99,15.68,29.6,1,0,2026-06-29,https://www.ebay.com/itm/8-Pack-Handbag-Dust-Bags-Clear-Purse-Storage-Organizer-Closet-Han-/407036036094,https://www.amazon.com/dp/B08P5J9N4H/?th=1&psc=1
6a429ea5bb3f93b46cd963dd,407036030374,Kangaroo 50 Pcs Mini Rubber Ducks Bulk Jeep Ducks for Ducking Floatin,69,False,False,False,Favors & Party Bag Fillers,0,39.97,19.95,13.67,34.2,1,0,2026-06-29,https://www.ebay.com/itm/Kangaroo-50-Pcs-Mini-Rubber-Ducks-Bulk-Jeep-Ducks-Ducking-Floatin-/407036030374,https://www.amazon.com/dp/B00AT6S1AQ/ref=sr_1_14?psc=1
6a429e5e1cb85fdf1cd7c298,407036023394,iCOVER Griddle Cover for Blackstone Rangetop Combo Griddle 600D Heavy,69,False,False,False,Barbecue & Grill Covers,0,64.97,32.39,22.48,34.6,1,0,2026-06-29,https://www.ebay.com/itm/iCOVER-Griddle-Cover-Blackstone-Rangetop-Combo-Griddle-600D-Heavy-/407036023394,https://www.amazon.com/dp/B098T1M5Y2/ref=sr_1_3?th=1&psc=1
6a429e3bf6cef24f06a28d49,407036021320,Vanthylit White Birch Tree with LED Lights - Set of 2 Tabletop Tree w,69,False,False,True,Christmas Trees,0,42.97,21.99,14.18,33.0,1,0,2026-06-29,https://www.ebay.com/itm/Vanthylit-White-Birch-Tree-LED-Lights-Set-2-Tabletop-Tree-w-/407036021320,https://www.amazon.com/dp/B07M7MJZ6Y/ref=sr_1_17?psc=1
6a429e18a3dce258846ff2dd,407036016508,MidWest Homes for Pets Dog Bed - Gray Faux Fur Bolster Ultra-Soft and,69,False,False,True,Beds,0,42.97,22.32,13.85,32.2,1,0,2026-06-29,https://www.ebay.com/itm/MidWest-Homes-Pets-Dog-Bed-Gray-Faux-Fur-Bolster-Ultra-Soft-and-/407036016508,https://www.amazon.com/dp/B07WQZ38W4/ref=sr_1_18?th=1&psc=1
6a429dcf1cb85fdf1cd7c289,407036011692,EASYA Large Insulated Lunch Bag for Work Women's Nylon Thermal Lunch,68,False,False,False,Lunch Containers,0,41.97,21.82,13.5,32.2,1,0,2026-06-29,https://www.ebay.com/itm/EASYA-Large-Insulated-Lunch-Bag-Work-Womens-Nylon-Thermal-Lunch-/407036011692,https://www.amazon.com/dp/B09WV9Q5P7/ref=sr_1_6?th=1&psc=1
6a4297e4e4fdb59427aa293e,407035970434,Secura Electric Wine Opener Automatic Bottle Corkscrew Opener with Fo,69,False,False,True,Corkscrews & Openers,0,42.97,22.99,13.18,30.7,1,0,2026-06-29,https://www.ebay.com/itm/Secura-Electric-Wine-Opener-Automatic-Bottle-Corkscrew-Opener-Fo-/407035970434,https://www.amazon.com/dp/B07TP1XR2V/ref=sr_1_20?th=1&psc=1
6a4296c3a3dce258846ff24a,407035967410,CGBE Kitchen Scissors Multi-Purpose Kitchen Shears Heavy Duty Dishwa,68,False,False,False,Scissors & Shears,0,29.97,12.3,12.82,42.8,1,0,2026-06-29,https://www.ebay.com/itm/CGBE-Kitchen-Scissors-Multi-Purpose-Kitchen-Shears-Heavy-Duty-Dishwa-/407035967410,https://www.amazon.com/dp/B0928XRCPC/ref=sr_1_13?th=1&psc=1
6a42967b0661086b08d960bc,407035962996,Onarway Poly Tarps Waterproof for Outdoor Green Tarpaulin 6Mil Thicke,69,False,False,False,Every Other Thing,0,33.97,13.99,14.53,42.8,0,0,2026-06-29,https://www.ebay.com/itm/Onarway-Poly-Tarps-Waterproof-Outdoor-Green-Tarpaulin-6Mil-Thicke-/407035962996,https://www.amazon.com/dp/B08HN4GZ3L/ref=sr_1_13?psc=1
6a4296101d2179029bd7c1c0,407035960516,Diesisa Acrylic Wall Mounted Shower Caddy Clear Large Size 4D x 12.8,68,False,False,False,Bathtub Caddies & Trays,0,30.97,13.99,11.98,38.7,1,0,2026-06-29,https://www.ebay.com/itm/Diesisa-Acrylic-Wall-Mounted-Shower-Caddy-Clear-Large-Size-4D-x-12-8-/407035960516,https://www.amazon.com/dp/B0BVQ65WXT/ref=sr_1_17?psc=1
6a4295eb1cb85fdf1cd7c1e3,407035958469,"Tomorotec 17.7"" x 15.5"" Roll Up Dish Drying Rack Over Sink Drying Rack",70,False,False,False,Racks & Holders,0,32.97,14.99,12.68,38.5,1,0,2026-06-29,https://www.ebay.com/itm/Tomorotec-17-7-x-15-5-Roll-Up-Dish-Drying-Rack-Over-Sink-Drying-Rack-/407035958469,https://www.amazon.com/dp/B07F85GVWS/?_encoding=UTF8&psc=1
6a4295c848f797c7d4aa26b7,407035955583,Nifty Tea Bag Spinning Carousel 6 Compartments Up to 60 Tea Bags St,67,False,False,True,Storage Units,0,39.97,19.99,13.63,34.1,1,0,2026-06-29,https://www.ebay.com/itm/Nifty-Tea-Bag-Spinning-Carousel-6-Compartments-Up-60-Tea-Bags-St-/407035955583,https://www.amazon.com/dp/B07MCYJW51/ref=sr_1_11?psc=1
6a4295a31cb85fdf1cd7c1dd,407035954254,OWO Stainless Steel Wine Bottle Stopper Reusable Wine Saver with Sili,69,False,False,False,Bottle Stoppers & Corks,0,32.97,14.99,12.68,38.5,1,0,2026-06-29,https://www.ebay.com/itm/OWO-Stainless-Steel-Wine-Bottle-Stopper-Reusable-Wine-Saver-Sili-/407035954254,https://www.amazon.com/dp/B07QS71K8M/ref=sr_1_14?psc=1
6a42957e1cb85fdf1cd7c1d9,407035952393,Dish Sponges for Kitchen 30 Pcs Non-Scratch Scrub Sponges for Dishes,68,False,False,False,Sponges & Scourers,0,89.97,49.99,26.13,29.0,1,0,2026-06-29,https://www.ebay.com/itm/Dish-Sponges-Kitchen-30-Pcs-Non-Scratch-Scrub-Sponges-Dishes-/407035952393,https://www.amazon.com/dp/B08G5CZKK7/?_encoding=UTF8?th=1&psc=1
6a4294cba3dce258846ff221,407035950874,Simtive 10-Inch Shower Squeegee Set Includes Shower Door Hook and Adh,69,False,False,False,Cleaning Products,0,44.97,23.99,13.88,30.9,1,0,2026-06-29,https://www.ebay.com/itm/Simtive-10-Inch-Shower-Squeegee-Set-Includes-Shower-Door-Hook-and-Adh-/407035950874,https://www.amazon.com/dp/B095WGXCPY?_encoding=UTF8?th=1&psc=1
6a42943b01d3aaeb2ba28c67,407035948386,Secura French Press Coffee Maker 304 Grade Stainless Steel Insulated,68,False,False,False,French Presses,0,45.97,23.99,14.73,32.0,1,0,2026-06-29,https://www.ebay.com/itm/Secura-French-Press-Coffee-Maker-304-Grade-Stainless-Steel-Insulated-/407035948386,https://www.amazon.com/dp/B07H9W1FQC/ref=sr_1_16?th=1&psc=1
6a4293fc0661086b08d9609f,407035946012,"LEVINIS Farmhouse Laundry Room Rug 48""X20"" Vintage Wood Non Slip Laund",70,False,False,False,Runners,0,47.97,26.39,14.03,29.2,1,0,2026-06-29,https://www.ebay.com/itm/LEVINIS-Farmhouse-Laundry-Room-Rug-48-X20-Vintage-Wood-Non-Slip-Laund-/407035946012,https://www.amazon.com/dp/B098MFTQYD/ref=sr_1_18?psc=1
6a41a0fbeede52475171c993,407035760132,Neater Pet Brands 2.2 Cup 18 oz Stainless Steel Dog Bowl Single,63,False,False,False,"Dishes, Feeders & Fountains",0,28.97,12.99,11.28,38.9,1,0,2026-06-29,https://www.ebay.com/itm/Neater-Pet-Brands-2-2-Cup-18-oz-Stainless-Steel-Dog-Bowl-Single-/407035760132,https://www.amazon.com/dp/B071XJCJ3Q/ref=sr_1_5?th=1&psc=1
6a41a0dd0927a00035fd3a31,407035757993,Neater Pet Brands 1.5 Cup 12 oz Stainless Steel Dog Bowl Single,63,False,False,False,"Dishes, Feeders & Fountains",0,24.97,9.99,10.88,43.6,1,0,2026-06-29,https://www.ebay.com/itm/Neater-Pet-Brands-1-5-Cup-12-oz-Stainless-Steel-Dog-Bowl-Single-/407035757993,https://www.amazon.com/dp/B072NC17DP?psc=1
6a41a0b41c4108494761a3ba,407035756140,Throw Pillow Insert Premium Stuffer Sham Square Form Cushion Filler,67,False,False,False,Pillows,0,29.97,12.99,12.13,40.5,1,0,2026-06-29,https://www.ebay.com/itm/Throw-Pillow-Insert-Premium-Stuffer-Sham-Square-Form-Cushion-Filler-/407035756140,https://www.amazon.com/dp/B083TPC51K/?th=1&psc=1
6a41a0240927a00035fd3a24,407035753868,Large Desk Mat Protector Pad Home Office Smooth Surface Multifunctional,71,False,False,False,Mouse Pads & Wrist Rests,0,24.97,9.99,10.88,43.6,1,0,2026-06-29,https://www.ebay.com/itm/Large-Desk-Mat-Protector-Pad-Home-Office-Smooth-Surface-Multifunctional-/407035753868,https://www.amazon.com/dp/B0B8675Z35/ref=sr_1_8?th=1&psc=1
6a41a167eede52475171c9a0,407034027925,Kintion Pocket Mirror 1X3X Magnification Compact Travel Makeup M,64,False,False,True,Makeup Mirrors,0,24.97,8.98,11.89,47.6,1,0,2026-06-28,https://www.ebay.com/itm/Kintion-Pocket-Mirror-1X3X-Magnification-Compact-Travel-Makeup-M-/407034027925,https://www.amazon.com/dp/B0BLZ97D8S?_encoding=UTF8?th=1&psc=1
6a41a14493dc0a80b92a4333,407034026779,Neater Pet Brands 9 Cup Stainless Steel Dog Bowls Single N,58,False,False,True,"Dishes, Feeders & Fountains",0,34.97,16.99,12.38,35.4,1,0,2026-06-28,https://www.ebay.com/itm/Neater-Pet-Brands-9-Cup-Stainless-Steel-Dog-Bowls-Single-N-/407034026779,https://www.amazon.com/dp/B0721Y4LNZ/ref=sr_1_19?th=1&psc=1
6a41a0491c4108494761a3b5,407034024140,Desk Mat Protector Pad - Multifunctional Dual-Sided Office,58,False,False,False,Mouse Pads & Wrist Rests,0,30.97,13.99,11.98,38.7,1,0,2026-06-28,https://www.ebay.com/itm/Desk-Mat-Protector-Pad-Multifunctional-Dual-Sided-Office-/407034024140,https://www.amazon.com/dp/B0B866FHSL?psc=1
6a41a00193dc0a80b92a4328,407034022557,Neater Pet Brands 5 Cup Stainless Steel Dog Bowls Single N,58,False,False,True,"Dishes, Feeders & Fountains",0,30.97,13.99,11.98,38.7,1,0,2026-06-28,https://www.ebay.com/itm/Neater-Pet-Brands-5-Cup-Stainless-Steel-Dog-Bowls-Single-N-/407034022557,https://www.amazon.com/dp/B072NCKZWN/?_encoding=UTF8&psc=1
6a419fa216989dd1c2619e4d,407034019996,Soft Sole Baby Shoes - Infant Walking Moccasinss Rubber Sol,59,False,False,False,Baby Shoes,0,47.97,25.99,14.43,30.1,1,0,2026-06-28,https://www.ebay.com/itm/Soft-Sole-Baby-Shoes-Infant-Walking-Moccasinss-Rubber-Sol-/407034019996,https://www.amazon.com/dp/B07K7C456Y/ref=sr_1_19?psc=1
6a419f2a1c4108494761a3a3,407034018755,Busy Socks Merino Wool Compression Support Ankle Running Hiking,63,False,False,False,Socks,0,43.97,24.29,12.73,29.0,1,0,2026-06-28,https://www.ebay.com/itm/Busy-Socks-Merino-Wool-Compression-Support-Ankle-Running-Hiking-/407034018755,https://www.amazon.com/dp/B08GCP7ZRW/ref=sr_1_15?th=1&psc=1
6a419ebe1c4108494761a3a0,407034013353,Neater Pet Brands 7 Cup Stainless Steel Dog Bowls Single N,58,False,False,True,"Dishes, Feeders & Fountains",0,32.97,14.99,12.68,38.5,1,0,2026-06-28,https://www.ebay.com/itm/Neater-Pet-Brands-7-Cup-Stainless-Steel-Dog-Bowls-Single-N-/407034013353,https://www.amazon.com/dp/B072NBGPFC/ref=sr_1_6?psc=1
6a419e5b1c4108494761a39b,407034009853,Pooqla Vintage Light Up Marquee Letters Lights Illuminated Indu,63,False,False,False,Plaques & Signs,0,30.97,13.99,11.98,38.7,1,0,2026-06-28,https://www.ebay.com/itm/Pooqla-Vintage-Light-Up-Marquee-Letters-Lights-Illuminated-Indu-/407034009853,https://www.amazon.com/dp/B07RL6S4TV?_encoding=UTF8&psc=1
6a419e2e0927a00035fd3a14,407034008058,Throw Pillow Insert Hypoallergenic Stuffer Sham,47,False,False,False,Pillows,0,48.97,25.99,15.28,31.2,1,0,2026-06-28,https://www.ebay.com/itm/Throw-Pillow-Insert-Hypoallergenic-Stuffer-Sham-/407034008058,https://www.amazon.com/dp/B08CGLY9HV/ref=sr_1_13?psc=1
6a419df693dc0a80b92a4317,407034006945,2 Grey Faux Soft Fur Fuzzy Cozy Decorative Throw Pillo,54,False,False,False,Pillows,0,32.97,14.95,12.72,38.6,1,0,2026-06-28,https://www.ebay.com/itm/2-Grey-Faux-Soft-Fur-Fuzzy-Cozy-Decorative-Throw-Pillo-/407034006945,https://www.amazon.com/dp/B07YYC353Q/ref=sr_1_6?psc=1
6a419d391c4108494761a393,407034006141,Keyboard Stand Ergonomic Riser Laptop N,39,False,False,True,"Stands, Holders & Car Mounts",0,24.97,9.99,10.88,43.6,1,0,2026-06-28,https://www.ebay.com/itm/Keyboard-Stand-Ergonomic-Riser-Laptop-N-/407034006141,https://www.amazon.com/dp/B088TJ246P/ref=sr_1_12?psc=1
6a4196e249dafb8e3d4a7763,407033963392,Rotating Makeup Organizer Countertop Clear Acrylic Perfume,58,False,False,False,Makeup Bags & Cases,0,66.97,36.99,19.58,29.2,1,0,2026-06-28,https://www.ebay.com/itm/Rotating-Makeup-Organizer-Countertop-Clear-Acrylic-Perfume-/407033963392,https://www.amazon.com/dp/B07TCK6P32/?th=1&psc=1
6a41951993dc0a80b92a42b8,407033961415,Sunglasses Organizer Storage Hanging Dust Proof Wall Pocket Gla,63,False,False,False,Eyeglass Cases & Storage,0,30.97,14.59,11.38,36.7,1,0,2026-06-28,https://www.ebay.com/itm/Sunglasses-Organizer-Storage-Hanging-Dust-Proof-Wall-Pocket-Gla-/407033961415,https://www.amazon.com/dp/B07Y7X5S55?_encoding=UTF8&psc=1
6a4194a949dafb8e3d4a7733,407033959722,Yougai Shower Caddy Organizer Soap Holder Hooks Rust,52,False,False,False,Bathtub Caddies & Trays,0,28.97,12.58,11.69,40.4,1,0,2026-06-28,https://www.ebay.com/itm/Yougai-Shower-Caddy-Organizer-Soap-Holder-Hooks-Rust-/407033959722,https://www.amazon.com/dp/B0B9S97J6Z/ref=sr_1_14?psc=1
6a419414eede52475171c90f,407033958720,Ultrapro Outdoor Extension Cord 15 Ft Certified Pr,50,False,False,True,Extension Cords,0,29.97,11.61,13.51,45.1,1,0,2026-06-28,https://www.ebay.com/itm/Ultrapro-Outdoor-Extension-Cord-15-Ft-Certified-Pr-/407033958720,https://www.amazon.com/dp/B078NR4K4K/ref=sr_1_9?psc=1
6a4189259463888ea44a751e,407033932871,Outdoor Waterproof Battery Operated Flameless Pillar Candles,60,False,False,False,Candles,0,32.97,14.99,12.68,38.5,1,0,2026-06-28,https://www.ebay.com/itm/Outdoor-Waterproof-Battery-Operated-Flameless-Pillar-Candles-/407033932871,https://www.amazon.com/dp/B07CYKXGP4/ref=sr_1_18?psc=1
6a4188dd93dc0a80b92a41d8,407033931027,Prokeeper 1 Quart Airtight Powdered Sugar Storage Container Grey Bp,67,False,False,True,Food Storage Containers,0,26.97,10.99,11.58,42.9,1,0,2026-06-28,https://www.ebay.com/itm/Prokeeper-1-Quart-Airtight-Powdered-Sugar-Storage-Container-Grey-Bp-/407033931027,https://www.amazon.com/dp/B00WR9DI3I/ref=sr_1_18?th=1&psc=1
6a4188b91c4108494761a253,407033926601,Pegboard Hooks 50-Pack 1 L Stainless Steel Hook Will Not Fall Out,65,False,False,False,Pegboard & Gridwall Hooks,0,24.97,9.9,10.97,43.9,1,0,2026-06-28,https://www.ebay.com/itm/Pegboard-Hooks-50-Pack-1-L-Stainless-Steel-Hook-Not-Fall-Out-/407033926601,https://www.amazon.com/dp/B07KQG93BX/ref=sr_1_5?psc=1
6a4187ec0927a00035fd38c2,407033923867,Baby Laundry Basket Boys Kids Hamper Dirty Clothe,49,False,False,False,Laundry Carts & Hampers,0,30.97,12.99,12.98,41.9,0,0,2026-06-28,https://www.ebay.com/itm/Baby-Laundry-Basket-Boys-Kids-Hamper-Dirty-Clothe-/407033923867,https://www.amazon.com/dp/B0F1MRW7VL/ref=sr_1_12?th=1&psc=1
6a4187bf49dafb8e3d4a7639,407033921548,Airmoon Mini Ceramic Toothbrush Holder Bathroom White Coun,58,False,False,False,Tumblers & Toothbrush Holders,0,24.97,9.99,10.88,43.6,1,0,2026-06-28,https://www.ebay.com/itm/Airmoon-Mini-Ceramic-Toothbrush-Holder-Bathroom-White-Coun-/407033921548,https://www.amazon.com/dp/B077HHG4QY/ref=sr_1_3?th=1&psc=1
6a41875449dafb8e3d4a762e,407033915837,Midwest Homes Pets Catty Scratch Scratch' Cat Scratching Pad,60,False,False,False,Furniture & Scratchers,0,26.97,10.99,11.58,42.9,1,0,2026-06-28,https://www.ebay.com/itm/Midwest-Homes-Pets-Catty-Scratch-Scratch-Cat-Scratching-Pad-/407033915837,https://www.amazon.com/dp/B00MY2Y0P8/ref=sr_1_4?psc=1
6a41873093dc0a80b92a41ba,407033913610,Simple Houseware Soda Can Organizer Dispenser Refrigerator P,60,False,False,True,Racks & Holders,0,32.97,13.47,14.2,43.1,1,0,2026-06-28,https://www.ebay.com/itm/Simple-Houseware-Soda-Can-Organizer-Dispenser-Refrigerator-P-/407033913610,https://www.amazon.com/dp/B09NQVVFBK/ref=sr_1_15?psc=1
6a4186ef1c4108494761a235,407033906433,Donyeco Hanging Closet Organizer Easy Mount Foldable 4-Shelf,60,False,False,False,Closet Organizers,0,33.97,15.99,12.53,36.9,1,0,2026-06-28,https://www.ebay.com/itm/Donyeco-Hanging-Closet-Organizer-Easy-Mount-Foldable-4-Shelf-/407033906433,https://www.amazon.com/dp/B08JCL83S1/ref=sr_1_11?th=1&psc=1
6a4186a093dc0a80b92a41ac,407033901814,Spring Chef Green Ice Cream Scoop Non-Slip Handle Pr,52,False,False,True,Scoops,0,27.97,11.97,11.45,40.9,1,0,2026-06-28,https://www.ebay.com/itm/Spring-Chef-Green-Ice-Cream-Scoop-Non-Slip-Handle-Pr-/407033901814,https://www.amazon.com/dp/B076J3YGVQ/ref=sr_1_17?psc=1
6a41861193dc0a80b92a419c,407033899240,Shower Caddy Corner 3-Pack Adhesive Rustproof Stainless Steel,61,False,False,False,Bathtub Caddies & Trays,0,33.97,15.99,12.53,36.9,1,0,2026-06-28,https://www.ebay.com/itm/Shower-Caddy-Corner-3-Pack-Adhesive-Rustproof-Stainless-Steel-/407033899240,https://www.amazon.com/dp/B0D5QD2BT8?_encoding=UTF8&psc=1
6a4185ed0927a00035fd3898,407033897434,Hanging Storage Closet Organizer Linen 5-Shelf Rv Organiz,57,False,False,False,Closet Organizers,0,38.97,18.99,13.78,35.4,1,0,2026-06-28,https://www.ebay.com/itm/Hanging-Storage-Closet-Organizer-Linen-5-Shelf-Rv-Organiz-/407033897434,https://www.amazon.com/dp/B08LYS99TL/?th=1&psc=1
6a41858193dc0a80b92a4190,407033895523,Kitty City Cat Bed Cotton W L H,31,False,False,True,Beds,0,24.97,9.99,10.88,43.6,0,1,2026-06-28,https://www.ebay.com/itm/Kitty-City-Cat-Bed-Cotton-W-L-H-/407033895523,https://www.amazon.com/dp/B07FD8TWG5/ref=sr_1_10?th=1&psc=1
6a4185481c4108494761a21c,407033893489,Bijun Ironing Board Hanger Wall Mount Iron Holder Wi,52,False,False,True,Ironing Boards,0,24.97,9.99,10.88,43.6,1,0,2026-06-28,https://www.ebay.com/itm/Bijun-Ironing-Board-Hanger-Wall-Mount-Iron-Holder-Wi-/407033893489,https://www.amazon.com/dp/B07Z3YY35Z?_encoding=UTF8?th=1&psc=1
6a41851f16989dd1c2619dea,407033891470,Rectangular Storage Bin Shelf Basket Canvas Fabric Toy Box Waterproof,69,False,False,False,Laundry Carts & Hampers,0,24.97,9.99,10.88,43.6,1,0,2026-06-28,https://www.ebay.com/itm/Rectangular-Storage-Bin-Shelf-Basket-Canvas-Fabric-Toy-Box-Waterproof-/407033891470,https://www.amazon.com/dp/B0832J9QH2?_encoding=UTF8?th=1&psc=1
6a41848893dc0a80b92a4181,407033889841,Storage Bins Fabric Baskets Shelves Decor,41,False,False,False,Storage Bins & Baskets,0,60.97,33.99,17.48,28.7,1,0,2026-06-28,https://www.ebay.com/itm/Storage-Bins-Fabric-Baskets-Shelves-Decor-/407033889841,https://www.amazon.com/dp/B085PPYHC3/ref=sr_1_15?th=1&psc=1
6a4184621c4108494761a20e,407033888072,Storage Basket Home Shelf Kids Organizer Box Clothes Laundry Ha,63,False,False,True,Storage Bins & Baskets,0,24.97,9.99,10.88,43.6,1,0,2026-06-28,https://www.ebay.com/itm/Storage-Basket-Home-Shelf-Kids-Organizer-Box-Clothes-Laundry-Ha-/407033888072,https://www.amazon.com/dp/B08ZCFKXF7/ref=sr_1_3?psc=1
6a417ca798aa3a4f3f4a7538,407033835616,Hsurbtra Desk Pad 355 17 Pu Leather Mat M Extended Mouse P,58,False,False,True,Mouse Pads & Wrist Rests,0,34.97,16.99,12.38,35.4,1,0,2026-06-28,https://www.ebay.com/itm/Hsurbtra-Desk-Pad-355-17-Pu-Leather-Mat-M-Extended-Mouse-P-/407033835616,https://www.amazon.com/dp/B094ZLBCYF/ref=sr_1_6?th=1&psc=1
6a417c12dd72d3cb76fd2dcc,407033834137,Tier Lazy Susan Turntable Organizer Rotating Spice Rack,55,False,False,False,Racks & Holders,0,28.97,8.54,15.73,54.3,1,0,2026-06-28,https://www.ebay.com/itm/Tier-Lazy-Susan-Turntable-Organizer-Rotating-Spice-Rack-/407033834137,https://www.amazon.com/dp/B0CS3FBC6W/ref=sr_1_14?psc=1
6a417ba10927a00035fd37e8,407033831412,Minimaliving Pen Holder Nordic Style Silicone Waterproof Pencil,63,False,False,False,Desk & Drawer Organizers,0,23.97,8.99,11.03,46.0,1,0,2026-06-28,https://www.ebay.com/itm/Minimaliving-Pen-Holder-Nordic-Style-Silicone-Waterproof-Pencil-/407033831412,https://www.amazon.com/dp/B09WY7KNYZ/ref=sr_1_11?th=1&psc=1
6a417b7e1c4108494761a193,407033828216,Iron Shower Caddies - Self Adhesive Bathroom Shelves Showe,58,False,False,False,Bathtub Caddies & Trays,0,21.97,7.19,11.13,50.7,0,0,2026-06-28,https://www.ebay.com/itm/Iron-Shower-Caddies-Self-Adhesive-Bathroom-Shelves-Showe-/407033828216,https://www.amazon.com/dp/B0DFHFLF9P/ref=sr_1_15?th=1&psc=1
6a417b5bdd72d3cb76fd2dca,407033825657,Hsurbtra Desk Pad 30 14 Pu Leather Mat Xl Extended Mouse Pa,59,False,False,True,Mouse Pads & Wrist Rests,0,28.97,12.99,11.28,38.9,1,0,2026-06-28,https://www.ebay.com/itm/Hsurbtra-Desk-Pad-30-14-Pu-Leather-Mat-Xl-Extended-Mouse-Pa-/407033825657,https://www.amazon.com/dp/B08T1GDYGF/ref=sr_1_3?th=1&psc=1
6a417b1516989dd1c2619dc9,407033823665,Pet Supplies Summer Blooms Cat Collar Dog Leash,47,False,False,False,Collars,0,26.97,10.99,11.58,42.9,1,0,2026-06-28,https://www.ebay.com/itm/Pet-Supplies-Summer-Blooms-Cat-Collar-Dog-Leash-/407033823665,https://www.amazon.com/dp/B07XZ8SSRX/ref=sr_1_20?th=1&psc=1
6a417af1eede52475171c74a,407033821385,Friends Tv Show Central Perk Coffee Mug Plush Dog Toy Rope Ha,61,False,False,True,Toys,0,23.97,8.99,11.03,46.0,1,0,2026-06-28,https://www.ebay.com/itm/Friends-Tv-Show-Central-Perk-Coffee-Mug-Plush-Dog-Toy-Rope-Ha-/407033821385,https://www.amazon.com/dp/B084SBCHYQ/ref=sr_1_12?th=1&psc=1
6a40f7b30927a00035fd2f75,407033819340,Cleaning Wipes Multi-Purpose Towel Reusable Cloths-80C,54,False,False,False,Cleaning Towels & Cloths,0,30.97,13.99,11.98,38.7,1,0,2026-06-28,https://www.ebay.com/itm/Cleaning-Wipes-Multi-Purpose-Towel-Reusable-Cloths-80C-/407033819340,https://www.amazon.com/dp/B085FXF591/ref=sr_1_3?th=1&psc=1
6a417a411c4108494761a180,407033817518,Cartoon Leather Travel Makeup Handbag Cute Portable Cosmetic Bag Toil,69,False,False,False,Makeup Bags & Cases,0,23.97,8.99,11.03,46.0,1,0,2026-06-28,https://www.ebay.com/itm/Cartoon-Leather-Travel-Makeup-Handbag-Cute-Portable-Cosmetic-Bag-Toil-/407033817518,https://www.amazon.com/dp/B07KVDRLQB/ref=sr_1_15?th=1&psc=1
6a41736a1c4108494761a122,407033738050,80 36 Extra Oz Glass Food Storage Baking Containe,49,False,False,False,Food Storage Containers,0,53.97,29.99,15.53,28.8,1,0,2026-06-28,https://www.ebay.com/itm/80-36-Extra-Oz-Glass-Food-Storage-Baking-Containe-/407033738050,https://www.amazon.com/dp/B0BWHKVXMP/ref=sr_1_19?th=1&psc=1
6a4173220927a00035fd377e,407033735567,Laundry Sorter 4 Section 475 Gal Hamp,37,False,False,False,Laundry Carts & Hampers,0,65.97,35.99,19.73,29.9,1,0,2026-06-28,https://www.ebay.com/itm/Laundry-Sorter-4-Section-475-Gal-Hamp-/407033735567,https://www.amazon.com/dp/B07X4GRMTH?th=1&psc=1
6a416fd5eede52475171c6c3,407033725278,Plastic Storage Bins Lids Perfect Kitchen Fridge Org,52,False,False,False,Food Storage Containers,0,71.97,39.99,20.83,28.9,1,0,2026-06-28,https://www.ebay.com/itm/Plastic-Storage-Bins-Lids-Perfect-Kitchen-Fridge-Org-/407033725278,https://www.amazon.com/dp/B09GW5ZXWR?_encoding=UTF8?th=1&psc=1
6a416f8feede52475171c6bf,407033723267,Coldest Insulated Water Bottle Straw Lid Stainless Steel Metal,62,False,False,False,Vacuum Flasks & Mugs,0,71.97,39.99,20.83,28.9,1,0,2026-06-28,https://www.ebay.com/itm/Coldest-Insulated-Water-Bottle-Straw-Lid-Stainless-Steel-Metal-/407033723267,https://www.amazon.com/dp/B07S2GCFP5/ref=sr_1_13?th=1&psc=1
6a416f6816989dd1c2619d92,407033720631,Rectangular Gas Fire Pit Table Cover 48X28 Inch Waterproof He,61,False,False,True,Fire Pits,0,55.97,30.99,16.23,29.0,1,0,2026-06-28,https://www.ebay.com/itm/Rectangular-Gas-Fire-Pit-Table-Cover-48X28-Inch-Waterproof-He-/407033720631,https://www.amazon.com/dp/B09LQFT3R1/ref=sr_1_12?psc=1
6a416b08a6db018b4771c47d,407033706084,Veken Shower Caddy 6-Pack Advanced Rustproof Design No Drilling Adhe,68,False,False,False,Bathtub Caddies & Trays,0,39.97,19.99,13.63,34.1,1,0,2026-06-28,https://www.ebay.com/itm/Veken-Shower-Caddy-6-Pack-Advanced-Rustproof-Design-No-Drilling-Adhe-/407033706084,https://www.amazon.com/dp/B0CJ56M8D4?psc=1
6a416abba291b5b0106d3598,407033701771,Slideep Pot Pan Lid Holder Rack Organizer Kitchen Dish Plate Storage,68,False,False,False,Racks & Holders,0,54.97,28.99,17.38,31.6,1,0,2026-06-28,https://www.ebay.com/itm/Slideep-Pot-Pan-Lid-Holder-Rack-Organizer-Kitchen-Dish-Plate-Storage-/407033701771,https://www.amazon.com/dp/B07ZGCG8JR/ref=sr_1_15?psc=1
6a416a07dd72d3cb76fd2d5d,407033697475,Lumimokki 62 Car Wash Mop Kit Cleaning Long Handle St,53,False,False,True,"Mops, Brooms & Scrubbers",0,34.97,16.99,12.38,35.4,1,0,2026-06-28,https://www.ebay.com/itm/Lumimokki-62-Car-Wash-Mop-Kit-Cleaning-Long-Handle-St-/407033697475,https://www.amazon.com/dp/B097GSWWSN/ref=sr_1_15?psc=1
6a4169e4dd72d3cb76fd2d59,407033694056,Bucket Car Wash Tool Organizer Garden Cleaning Or,49,False,False,True,"Tool Bags, Belts & Pouches",0,39.97,19.98,13.64,34.1,1,0,2026-06-28,https://www.ebay.com/itm/Bucket-Car-Wash-Tool-Organizer-Garden-Cleaning-/407033694056,https://www.amazon.com/dp/B08NFCK3V7/ref=sr_1_13?psc=1
6a4169771c4108494761a081,407033692124,Outdoorindoor Lumbar Pillow Covers Patio Outdoor Indoor Fade Resistant Lumb,75,False,False,False,Pillows,0,34.97,16.99,12.38,35.4,1,0,2026-06-28,https://www.ebay.com/itm/Outdoorindoor-Lumbar-Pillow-Covers-Patio-Outdoor-Indoor-Fade-Resistant-Lumb-/407033692124,https://www.amazon.com/dp/B08ZY4BT3V/ref=sr_1_5?psc=1
6a41695393dc0a80b92a400b,407033690384,Mind Reader Condiment Station 13 Inch Countertop Coffee Bar Organizer,69,False,False,False,Racks & Holders,0,32.97,15.39,12.28,37.2,1,0,2026-06-28,https://www.ebay.com/itm/Mind-Reader-Condiment-Station-13-Inch-Countertop-Coffee-Bar-Organizer-/407033690384,https://www.amazon.com/dp/B0169ZDUSI/ref=sr_1_5?psc=1
6a41692ea291b5b0106d3576,407033688480,Fire Pit Cover Square Waterproof L W H Durable Gas,50,False,False,False,Fire Pits,0,34.97,16.99,12.38,35.4,1,0,2026-06-28,https://www.ebay.com/itm/Fire-Pit-Cover-Square-Waterproof-L-W-H-Durable-Gas-/407033688480,https://www.amazon.com/dp/B098T49VQ8/?psc=1
6a4168abeede52475171c642,407033681042,Skywin Laundry Soap Station - Detergent Cup Holder Dispens,58,False,False,False,Other Laundry Supplies,0,35.97,17.99,12.23,34.0,0,1,2026-06-28,https://www.ebay.com/itm/Skywin-Laundry-Soap-Station-Detergent-Cup-Holder-Dispens-/407033681042,https://www.amazon.com/dp/B08NDPLRST/ref=sr_1_16?th=1&psc=1
6a4168801c4108494761a06f,407033679209,Utheer Grill Parts Replacement Dyna-Glo Dgc310Cnp-D 3-Burner Propa,66,False,False,False,Barbecue & Grill Replacement Parts,0,80.97,44.99,23.48,29.0,1,0,2026-06-28,https://www.ebay.com/itm/Utheer-Grill-Parts-Replacement-Dyna-Glo-Dgc310Cnp-D-3-Burner-Propa-/407033679209,https://www.amazon.com/dp/B087RDVPS4?_encoding=UTF8?th=1&psc=1
6a415d8fa6db018b4771c42f,407033650216,Christmas Wreath Storage Bag 2-Pack Durable Tarp Mate,53,False,False,False,Storage Bags,0,33.97,14.99,13.53,39.8,1,0,2026-06-28,https://www.ebay.com/itm/Christmas-Wreath-Storage-Bag-2-Pack-Durable-Tarp-Mate-/407033650216,https://www.amazon.com/dp/B0CL3HBL37/ref=sr_1_8?th=1&psc=1
6a415c9693dc0a80b92a3f4a,407033645665,Acemining 5 Racks 4 Hooks Mop Broom Holder Wall Mount O,55,False,False,True,Hooks & Hangers,0,34.97,16.95,12.42,35.5,1,0,2026-06-28,https://www.ebay.com/itm/Acemining-5-Racks-4-Hooks-Mop-Broom-Holder-Wall-Mount-O-/407033645665,https://www.amazon.com/dp/B09VG87SKL/ref=sr_1_8?psc=1
6a415c10a291b5b0106d34cc,407033641299,Sweese 15 Porcelain Tea Mug Oz Infuser Lid Loose Leaf Cu,56,False,False,True,Mugs,0,39.97,15.19,18.43,46.1,1,0,2026-06-28,https://www.ebay.com/itm/Sweese-15-Porcelain-Tea-Mug-Oz-Infuser-Lid-Loose-Leaf-Cu-/407033641299,https://www.amazon.com/dp/B01HEFC7M2/ref=sr_1_8?th=1&psc=1
6a415be1eede52475171c591,407033639688,Patelai 3 Pairs Microfiber Plant Dusting Gloves Leaf Cleaning F,63,False,False,True,Cleaning Gloves,0,23.97,8.99,11.03,46.0,1,0,2026-06-28,https://www.ebay.com/itm/Patelai-3-Pairs-Microfiber-Plant-Dusting-Gloves-Leaf-Cleaning-F-/407033639688,https://www.amazon.com/dp/B094FXN31J/ref=sr_1_3?psc=1
6a415b740927a00035fd3611,407033636619,Patio Heater Safety Kit Replacement Propane Gas Heat,52,False,False,False,Patio Heaters,0,23.97,8.99,11.03,46.0,1,0,2026-06-28,https://www.ebay.com/itm/Patio-Heater-Safety-Kit-Replacement-Propane-Gas-Heat-/407033636619,https://www.amazon.com/dp/B07RZ31TJ7/?_encoding=UTF8?th=1&psc=1
6a415b2c93dc0a80b92a3f2f,407033633411,Mini Short Pinch Test Passed Replacement Reusable Toddlers Kids,63,False,False,False,Bowls & Plates,0,23.97,8.99,11.03,46.0,1,0,2026-06-28,https://www.ebay.com/itm/Mini-Short-Pinch-Test-Passed-Replacement-Reusable-Toddlers-Kids-/407033633411,https://www.amazon.com/dp/B07HB7NSTL/ref=sr_1_17?psc=1
6a415b14dd72d3cb76fd2d13,407033630316,Gallon Tall Kitchen Compostable Trash Bags Count,48,False,False,False,Trash Cans & Wastebaskets,0,47.97,25.99,14.43,30.1,1,0,2026-06-28,https://www.ebay.com/itm/Gallon-Tall-Kitchen-Compostable-Trash-Bags-Count-/407033630316,https://www.amazon.com/dp/B009NMX1RU/ref=sr_1_20?th=1&psc=1
6a415ae593dc0a80b92a3f2a,407033625346,Flowfly Lunch Box Insulated Soft Bag Mini Cooler Back School Therma,67,False,False,False,Lunch Containers,0,32.97,9.99,17.68,53.6,1,0,2026-06-28,https://www.ebay.com/itm/Flowfly-Lunch-Box-Insulated-Soft-Bag-Mini-Cooler-Back-School-Therma-/407033625346,https://www.amazon.com/dp/B0DY6G2QSD/ref=sr_1_9?psc=1
6a415ac393dc0a80b92a3f29,407033619973,Moforoco Shower Caddy Shelf Organizer Rack Self Adhesive Black Bathro,69,False,False,False,Bathtub Caddies & Trays,0,24.97,7.99,12.88,51.6,1,0,2026-06-28,https://www.ebay.com/itm/Moforoco-Shower-Caddy-Shelf-Organizer-Rack-Self-Adhesive-Black-Bathro-/407033619973,https://www.amazon.com/dp/B09MFDXZHJ/ref=sr_1_11?th=1&psc=1
6a415a541c41084947619f95,407033614574,Inflatable Pool Float Tube Sparkly Confetti Swim Ring Du,56,False,False,True,"Floats, Rafts",0,22.97,7.97,11.2,48.8,0,0,2026-06-28,https://www.ebay.com/itm/Inflatable-Pool-Float-Tube-Sparkly-Confetti-Swim-Ring-Du-/407033614574,https://www.amazon.com/dp/B07C2NC31C/ref=sr_1_5?th=1&psc=1
6a415a3c0927a00035fd35fb,407033612126,2 Decorative Outdoor Waterproof Pillow Covers Garden Cu,55,False,False,True,Pillows,0,42.97,21.99,14.18,33.0,1,0,2026-06-28,https://www.ebay.com/itm/2-Decorative-Outdoor-Waterproof-Pillow-Covers-Garden-Cu-/407033612126,https://www.amazon.com/dp/B07WC8FG5F?_encoding=UTF8?th=1&psc=1
6a4159e8a291b5b0106d34af,407033610322,Suit Bags Closet Storage Travel Gusseted Hanging,48,False,False,False,Storage Bags,0,33.97,16.12,12.4,36.5,1,0,2026-06-28,https://www.ebay.com/itm/Suit-Bags-Closet-Storage-Travel-Gusseted-Hanging-/407033610322,https://www.amazon.com/dp/B09JFTBP3T/ref=sr_1_9?th=1&psc=1
6a4159101c41084947619f83,407033608995,Fire Flavor 100 All Natural Hardwood Smoking Chips Works W,58,False,False,True,Fire Alarms,0,20.97,6.7,10.77,51.4,1,0,2026-06-28,https://www.ebay.com/itm/Fire-Flavor-100-All-Natural-Hardwood-Smoking-Chips-Works-W-/407033608995,https://www.amazon.com/dp/B0B2TMFT6D?psc=1&th=1
6a4158aea6db018b4771c424,407033606822,Hadley Mae Designs Key Ring Bracelet Keychain Wristlet Bangle,61,False,False,False,"Key Chains, Rings & Finders",0,35.97,17.98,12.24,34.0,1,0,2026-06-28,https://www.ebay.com/itm/Hadley-Mae-Designs-Key-Ring-Bracelet-Keychain-Wristlet-Bangle-/407033606822,https://www.amazon.com/dp/B07Y5XZCX2/?psc=1
6a415881a291b5b0106d3494,407033604016,Tumbler Handle Insulated Tumblers Lid Oz Straw,46,False,False,False,Vacuum Flasks & Mugs,0,34.97,15.16,14.21,40.6,1,0,2026-06-28,https://www.ebay.com/itm/Tumbler-Handle-Insulated-Tumblers-Lid-Oz-Straw-/407033604016,https://www.amazon.com/dp/B0CGXB2VQX/ref=sr_1_18?psc=1
6a415814a291b5b0106d348b,407033603035,Vac Fresh Food Vacuum Sealer Rolls,34,False,False,False,Vacuum Sealers,0,32.97,14.99,12.68,38.5,1,0,2026-06-28,https://www.ebay.com/itm/Vac-Fresh-Food-Vacuum-Sealer-Rolls-/407033603035,https://www.amazon.com/dp/B074ND79BB/ref=sr_1_20?psc=1
6a40fc18a4e5d40bc50e57d8,407033601328,Houser 6 Tier Shelf Hanging Closet Organizer,44,False,False,False,Closet Organizers,0,27.97,11.98,11.44,40.9,1,0,2026-06-28,https://www.ebay.com/itm/Houser-6-Tier-Shelf-Hanging-Closet-Organizer-/407033601328,https://www.amazon.com/dp/B07FX8RZJZ/ref=sr_1_20?th=1&psc=1
6a40fe8a93dc0a80b92a38b3,407032916815,Ceramic Kitchen Canisters Food Storage Jars Stackable Airtight Container Set,76,False,False,False,Canisters & Jars,0,47.97,24.99,15.43,32.2,1,0,2026-06-28,https://www.ebay.com/itm/Ceramic-Kitchen-Canisters-Food-Storage-Jars-Stackable-Airtight-Container-Set-/407032916815,https://www.amazon.com/dp/B08GQRJ2PG/ref=sr_1_12?th=1&psc=1
6a40ebbfa291b5b0106d2d53,407032915170,Pool Jet Nozzles 3 Pack Directional Eyeball Inlet Fitting Spa Pool Accessory,76,False,False,False,Other Pool Equipment & Parts,0,20.97,7.99,9.48,45.2,1,0,2026-06-28,https://www.ebay.com/itm/Pool-Jet-Nozzles-3-Pack-Directional-Eyeball-Inlet-Fitting-Spa-Pool-Accessory-/407032915170,https://www.amazon.com/dp/B0C5RK2J9L/ref=sr_1_4?psc=1
6a40fbe6dd72d3cb76fd2b41,407032905280,2 Oz Plastic Measuring Cups 100 Pack Graduated Disposable Mini Portion Cup,74,False,False,False,Measuring Cups & Spoons,0,38.97,18.99,13.78,35.4,1,0,2026-06-28,https://www.ebay.com/itm/2-Oz-Plastic-Measuring-Cups-100-Pack-Graduated-Disposable-Mini-Portion-Cup-/407032905280,https://www.amazon.com/dp/B08JHF7LWC/ref=sr_1_16?th=1&psc=1
6a40fc595fea6ab875d72652,407032850529,Candle Making Pouring Pot Dingpai Double Boiler Wax Melting,59,False,False,False,Candle Wax,0,24.97,9.99,10.88,43.6,0,0,2026-06-28,https://www.ebay.com/itm/Candle-Making-Pouring-Pot-Dingpai-Double-Boiler-Wax-Melting-/407032850529,https://www.amazon.com/dp/B08Z2ZP33M/ref=sr_1_12?psc=1
6a3bd5a01883684e077f927c,407030531164,Dog Nail Clippers Stainless Steel Safety Guard Pet Grooming Trimmer Cat Claw,76,False,False,False,Claw Care,0,27.97,11.99,11.43,40.9,1,0,2026-06-27,https://www.ebay.com/itm/Dog-Nail-Clippers-Stainless-Steel-Safety-Guard-Pet-Grooming-Trimmer-Cat-Claw-/407030531164,https://www.amazon.com/dp/B07PB2YYF6?psc=1
6a3c7b2e4bb9aa14ed4d1659,407030530551,Floating Drink Holder 6 Pack Pool Hot Tub Inflatable Cup Beverage Beach Party,77,False,False,False,"Floats, Rafts",0,42.97,22.97,13.2,30.7,1,0,2026-06-27,https://www.ebay.com/itm/Floating-Drink-Holder-6-Pack-Pool-Hot-Tub-Inflatable-Cup-Beverage-Beach-Party-/407030530551,https://www.amazon.com/dp/B08YM35XWV?psc=1
6a377b894ee7478cd887fe30,407030528083,Flameless LED Tea Lights 24 Pack Battery Votive Flickering Candles Wedding,74,False,False,False,Candles,0,22.97,7.59,11.58,50.4,1,0,2026-06-27,https://www.ebay.com/itm/Flameless-LED-Tea-Lights-24-Pack-Battery-Votive-Flickering-Candles-Wedding-/407030528083,https://www.amazon.com/dp/B08LMGMHBN/ref=sr_1_5?psc=1
6a3c7a3ff6ecf06db160662e,407030527753,Pool Float Adult Inflatable Lounger Fabric Headrest 4 in 1 Raft Lake Beach,74,False,False,False,"Floats, Rafts",0,43.97,23.99,13.03,29.6,1,0,2026-06-27,https://www.ebay.com/itm/Pool-Float-Adult-Inflatable-Lounger-Fabric-Headrest-4-1-Raft-Lake-Beach-/407030527753,https://www.amazon.com/dp/B08ZSS4V4N/ref=sr_1_8?th=1&psc=1
6a3c7ce14c6cec162e56474f,407030526955,Inflatable Baseball 12 Pack 16 Inch Beach Ball Pool Party Sports Kids Toy,73,False,False,False,Balls & Balloons,0,33.97,15.99,12.53,36.9,1,0,2026-06-27,https://www.ebay.com/itm/Inflatable-Baseball-12-Pack-16-Inch-Beach-Ball-Pool-Party-Sports-Kids-Toy-/407030526955,https://www.amazon.com/dp/B0BSNYB4XX/ref=sr_1_18?psc=1
6a3bc3bde005d7fdf315927a,407030525437,Slow Feeder Dog Bowl Maze Puzzle Bloat Stop Anti Gulp Pet Food Water Dish,73,False,False,False,"Dishes, Feeders & Fountains",0,26.97,9.99,12.58,46.6,1,0,2026-06-27,https://www.ebay.com/itm/Slow-Feeder-Dog-Bowl-Maze-Puzzle-Bloat-Stop-Anti-Gulp-Pet-Food-Water-Dish-/407030525437,https://www.amazon.com/dp/B0DXJYZ6PP/ref=sr_1_9?th=1&psc=1
6a3bc614dbfbc1aaa00c69bd,407030524519,Dog Snuffle Mat Slow Feeder Foraging Enrichment Training Pad Stress Relief Pet,78,False,False,False,Toys,0,61.97,35.09,17.23,27.8,0,0,2026-06-27,https://www.ebay.com/itm/Dog-Snuffle-Mat-Slow-Feeder-Foraging-Enrichment-Training-Pad-Stress-Relief-Pet-/407030524519,https://www.amazon.com/dp/B0C9SJZY99/ref=sr_1_16?psc=1
6a3c8654fed157c6ed6065b7,407030523920,Solar Lanterns Outdoor 2 Pack Waterproof Hanging Garden Table Patio Decor Light,79,False,True,False,Landscape & Walkway Lights,0,59.97,32.99,17.63,29.4,1,0,2026-06-27,https://www.ebay.com/itm/Solar-Lanterns-Outdoor-2-Pack-Waterproof-Hanging-Garden-Table-Patio-Decor-Light-/407030523920,https://www.amazon.com/dp/B08971M232/ref=sr_1_11?psc=1
6a3c79c9f6ecf06db1606623,407030522656,Swimming Pool Brush Head 18 Inch Heavy Duty Wall Floor Algae Cleaning Bristle,77,False,False,False,Handheld Pool Brushes & Nets,0,66.97,37.5,19.07,28.5,1,0,2026-06-27,https://www.ebay.com/itm/Swimming-Pool-Brush-Head-18-Inch-Heavy-Duty-Wall-Floor-Algae-Cleaning-Bristle-/407030522656,https://www.amazon.com/dp/B004VU92KE/ref=sr_1_18?th=1&psc=1
6a3c7fdefed157c6ed6065ad,407030521971,Hanging Egg Chair Cover 600D Waterproof Outdoor Patio Swing Furniture Protector,79,False,True,False,Outdoor Furniture Covers,0,67.97,37.99,19.43,28.6,1,0,2026-06-27,https://www.ebay.com/itm/Hanging-Egg-Chair-Cover-600D-Waterproof-Outdoor-Patio-Swing-Furniture-Protector-/407030521971,https://www.amazon.com/dp/B08QMKVJYC/ref=sr_1_9?th=1&psc=1
6a3c87b6f6ecf06db16066b9,407030521229,Patio Chair Cover Waterproof UV Resistant Outdoor Garden Furniture 600D,71,False,False,False,Outdoor Furniture Covers,0,67.97,37.99,19.43,28.6,1,0,2026-06-27,https://www.ebay.com/itm/Patio-Chair-Cover-Waterproof-UV-Resistant-Outdoor-Garden-Furniture-600D-/407030521229,https://www.amazon.com/dp/B00N2OE5IO/ref=sr_1_17?psc=1
6a3c801219b87e38e4738a8a,407030520318,Solar Watering Can Lantern Light Outdoor Retro Metal Hanging Garden Decor Light,79,False,True,False,Landscape & Walkway Lights,0,66.97,36.99,19.58,29.2,1,0,2026-06-27,https://www.ebay.com/itm/Solar-Watering-Can-Lantern-Light-Outdoor-Retro-Metal-Hanging-Garden-Decor-Light-/407030520318,https://www.amazon.com/dp/B0946W6T59/ref=sr_1_6?psc=1
6a3c80a2f6ecf06db1606673,407030519181,Patio Table Cover Rectangular Oval Heavy Duty Waterproof Outdoor Furniture 600D,79,False,True,False,Outdoor Furniture Covers,0,71.97,39.99,20.83,28.9,1,0,2026-06-27,https://www.ebay.com/itm/Patio-Table-Cover-Rectangular-Oval-Heavy-Duty-Waterproof-Outdoor-Furniture-600D-/407030519181,https://www.amazon.com/dp/B07D5FNS84/ref=sr_1_17?psc=1
6a3c82e74bb9aa14ed4d1699,407030518354,Solar Pathway Lights 4 Pack Outdoor 150 LM Stainless Steel Garden Walkway,73,False,False,False,Landscape & Walkway Lights,0,71.97,39.99,20.83,28.9,1,0,2026-06-27,https://www.ebay.com/itm/Solar-Pathway-Lights-4-Pack-Outdoor-150-LM-Stainless-Steel-Garden-Walkway-/407030518354,https://www.amazon.com/dp/B07WLKT2HZ/ref=sr_1_13?th=1&psc=1
6a3c84b6dded5c227c6435e0,407030517540,Patio Sofa Cover 3 Seater Waterproof Outdoor Couch Furniture Protector 600D,75,False,False,False,Outdoor Furniture Covers,0,73.97,40.99,21.53,29.1,1,0,2026-06-27,https://www.ebay.com/itm/Patio-Sofa-Cover-3-Seater-Waterproof-Outdoor-Couch-Furniture-Protector-600D-/407030517540,https://www.amazon.com/dp/B08BS2MR1C/ref=sr_1_15?psc=1
6a3c80e29c27405eae643245,407030516518,Round Patio Furniture Cover Waterproof Outdoor Table Chair Set Protector 600D,77,False,False,False,Outdoor Furniture Covers,0,82.97,45.99,24.18,29.1,0,0,2026-06-27,https://www.ebay.com/itm/Round-Patio-Furniture-Cover-Waterproof-Outdoor-Table-Chair-Set-Protector-600D-/407030516518,https://www.amazon.com/dp/B08HCSQQYS/ref=sr_1_8?psc=1
6a3c798e4c6cec162e56472e,407030515692,Outdoor String Lights 96 FT Waterproof Edison Bulb Patio Backyard Cafe Bistro,77,False,False,False,String Lights,0,89.97,49.99,26.13,29.0,1,0,2026-06-27,https://www.ebay.com/itm/Outdoor-String-Lights-96-FT-Waterproof-Edison-Bulb-Patio-Backyard-Cafe-Bistro-/407030515692,https://www.amazon.com/dp/B07SR914HR/?psc=1
6a3c82444bb9aa14ed4d1694,407030514469,Patio Chair Covers Waterproof Outdoor Lounge Deep Seat Furniture Protector 2pk,78,False,False,False,Outdoor Furniture Covers,0,82.97,44.99,25.18,30.3,1,0,2026-06-27,https://www.ebay.com/itm/Patio-Chair-Covers-Waterproof-Outdoor-Lounge-Deep-Seat-Furniture-Protector-2pk-/407030514469,https://www.amazon.com/dp/B08LG1K1MK/ref=sr_1_15?th=1&psc=1
6a3c8742dded5c227c6435fe,407030512294,LED Outdoor String Lights 200 FT Patio Waterproof Shatterproof Bistro Backyard,78,False,False,False,String Lights,0,105.97,59.99,29.73,28.1,1,0,2026-06-27,https://www.ebay.com/itm/LED-Outdoor-String-Lights-200-FT-Patio-Waterproof-Shatterproof-Bistro-Backyard-/407030512294,https://www.amazon.com/dp/B087D6RBFH/ref=sr_1_16?th=1&psc=1
6a3c7e7bdded5c227c64359d,407030509374,Outdoor String Lights 200 FT LED Bistro Waterproof Patio Backyard Cafe Garden,77,False,False,False,String Lights,0,107.97,59.99,31.43,29.1,1,0,2026-06-27,https://www.ebay.com/itm/Outdoor-String-Lights-200-FT-LED-Bistro-Waterproof-Patio-Backyard-Cafe-Garden-/407030509374,https://www.amazon.com/dp/B07Z8S24Z3/ref=sr_1_6?th=1&psc=1
6a3c7eb7dded5c227c6435a0,407030507773,Patio Sectional Sofa Cover L Shape Waterproof Outdoor Furniture Protector 600D,78,False,False,False,Outdoor Furniture Covers,0,105.97,59.99,29.73,28.1,1,0,2026-06-27,https://www.ebay.com/itm/Patio-Sectional-Sofa-Cover-L-Shape-Waterproof-Outdoor-Furniture-Protector-600D-/407030507773,https://www.amazon.com/dp/B09ST6ZJK6?_encoding=UTF8?th=1&psc=1
6a3c7a04d2d8ac63b0564650,407030503657,Pool Vacuum Hose 1.5 in x 40 ft Heavy Duty Swimming Pool Cleaner Replacement,76,False,False,False,Pool Cleaners & Vacuums,0,107.97,49.99,41.43,38.4,1,0,2026-06-27,https://www.ebay.com/itm/Pool-Vacuum-Hose-1-5-x-40-ft-Heavy-Duty-Swimming-Pool-Cleaner-Replacement-/407030503657,https://www.amazon.com/dp/B071X7CW8J/ref=sr_1_6?th=1&psc=1
6a3c818b9c27405eae643247,407030501533,Outdoor String Lights 96 FT Commercial Grade Waterproof Patio Cafe Bistro LED,77,False,False,False,String Lights,0,119.97,79.99,21.63,18.0,1,0,2026-06-27,https://www.ebay.com/itm/Outdoor-String-Lights-96-FT-Commercial-Grade-Waterproof-Patio-Cafe-Bistro-LED-/407030501533,https://www.amazon.com/dp/B07JJX32HL/ref=sr_1_13?psc=1
6a3c887aa62e5d76174d11dd,407030484893,Inflatable Drink Holders 35 Pack Pool Floating Cup Holder Party Beach Toy,73,False,False,False,"Floats, Rafts",0,44.97,23.59,14.28,31.8,1,0,2026-06-27,https://www.ebay.com/itm/Inflatable-Drink-Holders-35-Pack-Pool-Floating-Cup-Holder-Party-Beach-Toy-/407030484893,https://www.amazon.com/dp/B0921KNFMN/ref=sr_1_10?th=1&psc=1
6a3c88a319b87e38e4738ac1,407030484026,Water Soakers for Kids 2 Pack Outdoor Summer Pool Beach Squirt Toys Blaster,75,False,False,False,Squirt Toys,0,32.97,12.99,14.68,44.5,1,0,2026-06-27,https://www.ebay.com/itm/Water-Soakers-Kids-2-Pack-Outdoor-Summer-Pool-Beach-Squirt-Toys-Blaster-/407030484026,https://www.amazon.com/dp/B0F2GRKLDV/ref=sr_1_7?th=1&psc=1
6a3cf579dd3641e3b9015563,407030483316,Shower Drain Hair Catcher Stainless Steel Bathtub Strainer Trap 2 Pack,70,False,False,False,Drain Stoppers & Strainers,0,35.97,17.99,12.23,34.0,1,0,2026-06-27,https://www.ebay.com/itm/Shower-Drain-Hair-Catcher-Stainless-Steel-Bathtub-Strainer-Trap-2-Pack-/407030483316,https://www.amazon.com/dp/B083LSMXTZ/?_encoding=UTF8?th=1&psc=1
6a3d090d2478c0a6dbe0a7f1,407030482649,Rice Dispenser Storage Container Sealed Cereal Bean Grain Kitchen Bin 25Lb,74,False,False,False,Food Storage Containers,0,64.97,35.99,18.88,29.1,1,0,2026-06-27,https://www.ebay.com/itm/Rice-Dispenser-Storage-Container-Sealed-Cereal-Bean-Grain-Kitchen-Bin-25Lb-/407030482649,https://www.amazon.com/dp/B08SQX66C9/ref=sr_1_3?th=1&psc=1
6a3d084b2478c0a6dbe0a7e7,407030481793,Pool Cover Pump Above Ground Submersible Water Removal Sump Drain Cover,71,False,False,False,Pool Pumps,0,68.97,34.19,24.08,34.9,1,0,2026-06-27,https://www.ebay.com/itm/Pool-Cover-Pump-Above-Ground-Submersible-Water-Removal-Sump-Drain-Cover-/407030481793,https://www.amazon.com/dp/B085Y1B88X/ref=sr_1_8?psc=1
6a3d089724cbed43294c99dd,407030481354,Under Sink Organizer 2 Pack 3 Tier Bathroom Kitchen Storage Shelf Rack,70,False,False,False,Racks & Holders,0,72.97,39.99,21.68,29.7,1,0,2026-06-27,https://www.ebay.com/itm/Under-Sink-Organizer-2-Pack-3-Tier-Bathroom-Kitchen-Storage-Shelf-Rack-/407030481354,https://www.amazon.com/dp/B0CDZTJ1PW?th=1&psc=1
6a3c889f4c6cec162e5647b4,407030480878,Adirondack Chair Cover Waterproof Outdoor Patio Furniture Protector 600D,72,False,False,False,Outdoor Furniture Covers,0,48.97,26.99,14.28,29.2,1,0,2026-06-27,https://www.ebay.com/itm/Adirondack-Chair-Cover-Waterproof-Outdoor-Patio-Furniture-Protector-600D-/407030480878,https://www.amazon.com/dp/B08THKZQ1K/?_encoding=UTF8&psc=1
6a3c8968dded5c227c643610,407030480269,Patio Fire Pit Cover Waterproof 600D Outdoor Rectangular Table Protector,72,False,False,False,Fire Pits,0,55.97,30.89,16.33,29.2,1,0,2026-06-27,https://www.ebay.com/itm/Patio-Fire-Pit-Cover-Waterproof-600D-Outdoor-Rectangular-Table-Protector-/407030480269,https://www.amazon.com/dp/B09573P1PB?_encoding=UTF8&psc=1
6a3c8f3f4c6cec162e5647e4,407030479637,Stackable Storage Bins 6 Pack Plastic Hanging Organizer Garage Shop Parts,73,False,False,False,Bins & Cabinets,0,90.97,49.8,27.17,29.9,1,0,2026-06-27,https://www.ebay.com/itm/Stackable-Storage-Bins-6-Pack-Plastic-Hanging-Organizer-Garage-Shop-Parts-/407030479637,https://www.amazon.com/dp/B000BQOW9I/ref=sr_1_9?th=1&psc=1
6a3c8e0619b87e38e4738ae5,407030479200,Airtight Food Storage Containers 32 Pcs Set BPA Free Pantry Kitchen Lids,72,False,False,False,Food Storage Containers,0,84.97,47.73,24.14,28.4,1,0,2026-06-27,https://www.ebay.com/itm/Airtight-Food-Storage-Containers-32-Pcs-Set-BPA-Free-Pantry-Kitchen-Lids-/407030479200,https://www.amazon.com/dp/B09DNQF1G6/ref=sr_1_8?th=1&psc=1
6a3c8eea4bb9aa14ed4d1706,407030478195,Stackable Food Storage Container Set Airtight Lids Leakproof Kitchen Pantry,75,False,False,False,"Locks, Keys",0,103.97,57.99,30.03,28.9,1,0,2026-06-27,https://www.ebay.com/itm/Stackable-Food-Storage-Container-Set-Airtight-Lids-Leakproof-Kitchen-Pantry-/407030478195,https://www.amazon.com/dp/B07YP7ZLSQ/ref=sr_1_18?th=1&psc=1
6a3c8fb319b87e38e4738af2,407030477388,64 Drawer Storage Cabinet Plastic Organizer Garage Craft Hardware Bin Box,73,False,False,False,Bins & Cabinets,0,91.97,50.99,26.83,29.2,1,0,2026-06-27,https://www.ebay.com/itm/64-Drawer-Storage-Cabinet-Plastic-Organizer-Garage-Craft-Hardware-Bin-Box-/407030477388,https://www.amazon.com/dp/B000VTSOKS/?th=1&psc=1
6a3c8d8df6ecf06db16066e4,407030476741,Slide Out Cabinet Organizer 2 Tier Chrome Steel Under Sink Pantry Basket,72,False,False,False,Desk & Drawer Organizers,0,161.97,89.99,47.33,29.2,1,0,2026-06-27,https://www.ebay.com/itm/Slide-Out-Cabinet-Organizer-2-Tier-Chrome-Steel-Under-Sink-Pantry-Basket-/407030476741,https://www.amazon.com/dp/B06WVDH7P6/ref=sr_1_10?th=1&psc=1
6944511d81093377fd673cf4,407007332522,Beginner Crochet Kit Snail Amigurumi DIY Starter Set with Yarn Hooks Animal,75,False,False,False,Crochet Kits,1,48.99,19.97,21.32,43.5,1,0,2025-12-18,https://www.ebay.com/itm/Beginner-Crochet-Kit-Make-Snail-Dora-Amigurumi-Plush-DIY-Starter-Set-Video-Guide-/407007332522,https://www.amazon.com/dp/B0FT8WGZQY/?th=1&psc=1
691a9595f73575cdb90297ce,406391915026,8.8 Inch PC Display Screen ARGB USB IPS Secondary Monitor Temp AIDA64 Panel,75,False,False,False,Monitors,3,151.99,78.0,50.84,33.4,1,0,2025-11-17,https://www.ebay.com/itm/Lian-Li-8-8-PC-Display-Universal-ARGB-USB-Screen-Temp-Monitor-US88-V1-Black-/406391915026,https://www.amazon.com/dp/B0FKH3NK1H/?_encoding=UTF8&psc=1
6916bb360aae4ae1f139f3c9,406382172143,Deck Jet J Style Pool Fountain Jet Replacement Fitting for Inground Pools,73,False,False,False,Other Business & Industrial,6,137.98,96.46,20.47,14.8,1,0,2025-11-14,https://www.ebay.com/itm/Deck-Jet-J-Style-Pool-Fountain-Jet-Replacement-Fitting-Inground-Pools-/406382172143,https://www.amazon.com/dp/B07NCS19PW/ref=sr_1_16?th=1&psc=1
6916bacdbfa35653d8726259,406382169074,In Line Automatic Pool Chlorine Feeder 9 lb Capacity Chlorinator Inground,73,False,False,False,Pool Equipment Parts,3,76.98,42.92,22.16,28.8,1,0,2025-11-14,https://www.ebay.com/itm/Hydrotools-8750-Line-Automatic-Chlorine-Feeder-9-lb-Capacity-Pool-Chlorinator-/406382169074,https://www.amazon.com/dp/B0032JSQMK/?psc=1&th=1
68d89a9e55fce75a919f43f1,406247019968,2 Pack Pet Grooming Loop Nylon Restraint Noose Adjustable for Dog Cat Table Arm,79,False,True,False,Leashes & Head Collars,4,285.98,133.13,109.6,38.3,0,1,2025-09-28,https://www.ebay.com/itm/2-Pack-Adjustable-Pet-Grooming-Loops-Nylon-Restraint-Noose-Dogs-Cats-H-/406247019968,https://www.amazon.com/dp/B0FBGRV42T/?th=1&psc=1
68c7518db69c8a890edea87d,406213638919,Large Paddle Board Cooler Bag (42-Can) | 26L Waterproof SUP Deck Bag for Kayak,78,False,False,False,Stand Up Paddleboards,0,59.98,29.99,20.64,34.4,1,0,2025-09-14,https://www.ebay.com/itm/Large-Paddle-Board-Cooler-Bag-42-Can-26L-Waterproof-SUP-Deck-Bag-Kayak-/406213638919,https://www.amazon.com/dp/B0FB423WBC/ref=sr_1_5?th=1&psc=1
68b384d65af45f27813a0d07,406174683287,Dog Water Ramp for Boats & Pools (Holds 200 lbs) - 2025 Model with Pump,71,False,False,False,Ramps & Stairs,5,201.98,135.0,36.33,18.0,0,0,2025-08-30,https://www.ebay.com/itm/Dog-Water-Ramp-Boats-Pools-Holds-200-lbs-2025-Model-Pump-/406174683287,https://www.amazon.com/dp/B08SY6P4VN?psc=1
68b37c3c7f842afd2cd73760,406174659709,"Dog Life Jacket, Ripstop American Flag Dog Life Vest for Swimming Boating, Shark Puppy Lifesaver with High Buoyancy Swimsuit for Small Medium and Large Dogs (X-Small)",166,True,False,False,Safety Vests & Life Preservers,3,32.98,19.99,7.29,22.1,6,0,2025-08-30,https://www.ebay.com/itm/Dog-Life-Jacket-Ripstop-American-Flag-Dog-Life-Vest-Swimming-Boating-Shark-/406174659709,https://www.amazon.com/dp/B0BR36FY9M/ref=sr_1_10?th=1&psc=1
68b0a2b705a1e953406e6632,406169382444,Hedgehog Reusable Dryer Balls - Set of 2 (White),48,False,False,False,"Detergents, Softeners & Stain Removers",3,27.98,10.99,12.44,44.5,0,1,2025-08-28,https://www.ebay.com/itm/Hedgehog-Reusable-Dryer-Balls-Set-2-White-/406169382444,https://www.amazon.com/dp/B005U9Y71Y/?_encoding=UTF8?th=1&psc=1
68b09f4f05a1e953406e65ef,407007332686,Teak Wood Soap Dish with Slanted Waterfall Design,49,False,False,False,Soap Dishes & Dispensers,0,22.98,7.99,11.19,48.7,1,0,2025-08-28,https://www.ebay.com/itm/Teak-Wood-Soap-Dish-Slanted-Waterfall-Design-/407007332686,https://www.amazon.com/dp/B07VXWMXWM/ref=sr_1_9?psc=1
68a509078926d28e64253f0d,406167307157,20V MAX XR Oscillating Multi-Tool Kit Brushless Cordless DCS356C1 - New,71,False,False,False,Pool Skimmer Systems & Baskets,0,24.98,9.99,10.89,43.6,1,0,2025-08-27,https://www.ebay.com/itm/DEWALT-20V-MAX-XR-Oscillating-Multi-Tool-Kit-Brushless-Cordless-DCS356C1-New-/406167307157,https://www.amazon.com/dp/B09TW6J71K/ref=sr_1_16?psc=1
68a50b5e459307ea7e85e9cb,406149695098,Solar Stock Tank Pool Cover 8Ft Heavy Duty All Weather w/ Wire Rope & Winch,75,False,False,False,Pool Covers & Reels,1,69.95,43.99,15.12,21.6,1,0,2025-08-21,https://www.ebay.com/itm/Solar-Stock-Tank-Pool-Cover-8Ft-Heavy-Duty-All-Weather-w-Wire-Rope-Winch-/406149695098,https://www.amazon.com/dp/B0D9RN8F4K/ref=sr_1_13?psc=1
68a50b6008c824b47f3f6630,406149693790,8FT Round Stock Tank Pool Cover Upgraded Full Coverage Wire Rope & Winch Blue,77,False,False,False,Pool Covers & Reels,1,94.69,59.99,20.15,21.3,0,1,2025-08-21,https://www.ebay.com/itm/8FT-Round-Stock-Tank-Pool-Cover-Upgraded-Full-Coverage-Wire-Rope-Winch-Blue-/406149693790,https://www.amazon.com/dp/B0DHXHNZ32/ref=sr_1_9?psc=1
68a4bbae37a7bde871e8e8d9,406145739304,"Original Solar Pool Ionizer Floating Cleaner Chlorine Saver for Pools 35,000 Gal",80,False,True,False,Pool Cleaners & Vacuums,0,168.98,99.98,43.3,25.6,1,0,2025-08-19,https://www.ebay.com/itm/Original-Solar-Pool-Ionizer-Floating-Cleaner-Chlorine-Saver-Pools-35-000-Gal-/406145739304,https://www.amazon.com/dp/B0F1BW5W58?psc=1
689047eff8b5f7e27429dedd,406103214230,Ham Maker Stainless Steel Meat Press w/ Thermometer + 20 Cooking Bags | Deli DIY,80,False,True,False,Other Kitchen Tools & Gadgets,5,36.06,23.23,7.07,19.6,1,0,2025-08-04,https://www.ebay.com/itm/Ham-Maker-Stainless-Steel-Meat-Press-w-Thermometer-20-Cooking-Bags-Deli-DIY-/406103214230,https://www.amazon.com/dp/B09KXZ3BSY/?psc=1&th=1
6890473f811a7141fa623dfd,406103169166,Homemade Ham Maker & Deli Meat Press | Stainless Steel w/ Thermometer & Bags,76,False,False,False,Other Kitchen Tools & Gadgets,3,55.98,29.99,17.24,30.8,0,0,2025-08-04,https://www.ebay.com/itm/Homemade-Ham-Maker-Deli-Meat-Press-Stainless-Steel-w-Thermometer-Bags-/406103169166,https://www.amazon.com/dp/B0CXDVV2QP/ref=sr_1_6?psc=1
689040aba863cdd62b53c8a4,406103165492,"Rolling Metal Planter with Trellis | 73"" Tall Outdoor Privacy Screen Garden Bed",79,False,True,False,"Baskets, Pots, Window Boxes & Saucers",0,292.98,169.99,81.62,27.9,0,0,2025-08-04,https://www.ebay.com/itm/Rolling-Metal-Planter-Trellis-73-Tall-Outdoor-Privacy-Screen-Garden-Bed-/406103165492,https://www.amazon.com/dp/B0F9F1ZQV3/ref=sr_1_9?psc=1
